initial_slice_position,slice_size,start_date,end_date,connected_components_entropy,loops_entropy,voids_entropy,connected_components_amplitude,loops_amplitude,voids_amplitude,connected_components_number_of_points,loops_number_of_points,voids_number_of_points
0,336,2018-12-31,2019-01-14,6.961434208607241,4.636821118783703,0.0,0.058350713880987705,0.006538264580473749,2.3030217069874147e-06,167,39,1
24,336,2019-01-01,2019-01-15,6.950005999302863,4.432796577400857,0.0,0.058350713880987705,0.00884967224682483,5.856527380303297e-05,167,36,1
48,336,2019-01-02,2019-01-16,6.978455090645002,4.738312671665186,-1.0,0.058350713880987705,0.00920149815570559,0.0,167,37,0
72,336,2019-01-03,2019-01-17,6.926892033822087,4.4745712050996485,-1.0,0.058350713880987705,0.009001651110937509,0.0,167,32,0
96,336,2019-01-04,2019-01-18,6.90407308547892,4.437234767888139,-1.0,0.058350713880987705,0.005081672662254809,0.0,167,29,0
120,336,2019-01-05,2019-01-19,6.931172687873141,4.3123007071116195,-1.0,0.04288808792026943,0.006638660899806809,0.0,167,34,0
144,336,2019-01-06,2019-01-20,6.90983854698661,4.4040631843955875,-1.0,0.04288808792026943,0.006911563175122109,0.0,167,32,0
168,336,2019-01-07,2019-01-21,6.941249498431531,4.638393038578385,-1.0,0.04288808792026943,0.0038709385505797476,0.0,167,37,0
192,336,2019-01-08,2019-01-22,6.9409919641202595,4.435692365413684,-1.0,0.04288808792026943,0.00591089168687581,0.0,167,33,0
216,336,2019-01-09,2019-01-23,6.92321685390325,4.443223334215013,0.0,0.04288808792026943,0.005734432151453661,9.827685916502972e-05,167,35,1
240,336,2019-01-10,2019-01-24,6.974883900393844,4.5786374671712,-1.0,0.04177413926172,0.005586979422604849,0.0,167,38,0
264,336,2019-01-11,2019-01-25,6.947253810689255,4.600976796321523,0.0,0.04212215203431351,0.0047050714826549645,8.043685093348174e-06,167,35,1
288,336,2019-01-12,2019-01-26,6.840612148242018,4.783118898871121,0.0,0.05394335873109362,0.005117606844461613,2.050954897525904e-07,167,42,1
312,336,2019-01-13,2019-01-27,6.8350574412266,4.607330125547104,-1.0,0.05394335873109362,0.004851869652653957,0.0,167,37,0
336,336,2019-01-14,2019-01-28,6.818889081487157,4.664080590481132,-1.0,0.05394335873109362,0.00683751710250302,0.0,167,39,0
360,336,2019-01-15,2019-01-29,6.813976109129835,4.541116902812765,-1.0,0.05394335873109362,0.007609431497486978,0.0,167,37,0
384,336,2019-01-16,2019-01-30,6.795212565350668,4.501711464666297,0.0,0.05394335873109362,0.004456126760522189,1.7882034038449654e-06,167,36,1
408,336,2019-01-17,2019-01-31,6.881342336455628,4.533095557063194,-1.0,0.027341655007319412,0.004944924272219338,0.0,167,40,0
432,336,2019-01-18,2019-02-01,6.941959470540005,4.512972917975375,0.0,0.022493560699417187,0.00569456147653795,0.0001816593713989958,167,40,1
456,336,2019-01-19,2019-02-02,6.939961528498537,4.434903853506103,0.0,0.022493560699417187,0.002983169552157054,2.478176045758938e-08,167,34,1
480,336,2019-01-20,2019-02-03,6.986345465537973,4.4481275160686495,-1.0,0.022493560699417187,0.0027814123985112037,0.0,167,35,0
504,336,2019-01-21,2019-02-04,6.9642756346371675,4.240688537047581,-1.0,0.022493560699417187,0.0022843142162375686,0.0,167,34,0
528,336,2019-01-22,2019-02-05,6.974710319917383,4.453063910883617,-1.0,0.018032665692161522,0.0038444384464890583,0.0,167,36,0
552,336,2019-01-23,2019-02-06,6.936288052141896,4.447357567283847,0.0,0.018032665692161522,0.0056486545211295956,0.00015850145916533815,167,36,1
576,336,2019-01-24,2019-02-07,6.916989421487943,4.594988822571663,0.9168781150938939,0.021500514364488,0.004744900563835148,0.0,167,40,2
600,336,2019-01-25,2019-02-08,6.9094998606558,4.8008900719126375,0.7118806449555497,0.018032665692161522,0.0032549102036658084,2.2996648463353464e-05,167,43,2
624,336,2019-01-26,2019-02-09,6.935778962163179,4.8431275398228095,-1.0,0.020174908587173235,0.0037034659629706494,0.0,167,45,0
648,336,2019-01-27,2019-02-10,6.99311069764679,4.93218085101186,0.0,0.018890083974155075,0.0033518633235329505,1.8968040033907984e-05,167,44,1
672,336,2019-01-28,2019-02-11,6.99077878036662,4.755148911686342,0.0,0.02180647443132776,0.0028848696754754668,2.0519683801319504e-06,167,36,1
696,336,2019-01-29,2019-02-12,6.911257769524638,4.356717974791803,0.0,0.03853311093623272,0.005315143012328247,2.0519683801319504e-06,167,33,1
720,336,2019-01-30,2019-02-13,6.943845321212463,4.419755635549243,-1.0,0.03853311093623272,0.004525577514268477,0.0,167,35,0
744,336,2019-01-31,2019-02-14,6.945932558145712,4.36459670110912,-1.0,0.03853311093623272,0.0050453448750574755,0.0,167,34,0
768,336,2019-02-01,2019-02-15,6.907232831651879,4.350652009764209,-1.0,0.03382725702715259,0.005111227011871057,0.0,167,32,0
792,336,2019-02-02,2019-02-16,6.865896690957251,4.056019806445217,-1.0,0.03382725702715259,0.0038531109889834597,0.0,167,27,0
816,336,2019-02-03,2019-02-17,6.895715572830161,4.607981667100595,0.0,0.03382725702715259,0.003275879745327412,3.1522430373331535e-06,167,38,1
840,336,2019-02-04,2019-02-18,6.960167718590182,4.630378965152064,0.0,0.03382725702715259,0.002879908621496012,1.0972493762170798e-05,167,35,1
864,336,2019-02-05,2019-02-19,6.88195640179815,4.6558783862497055,-1.0,0.059038557067241995,0.003035912793696295,0.0,167,36,0
888,336,2019-02-06,2019-02-20,6.832141221981103,4.7447003356858035,-1.0,0.059038557067241995,0.0025667031327691295,0.0,167,37,0
912,336,2019-02-07,2019-02-21,6.906362777734013,4.54932222869478,-1.0,0.059038557067241995,0.005247678312365129,0.0,167,36,0
936,336,2019-02-08,2019-02-22,6.949511749618794,4.522912820256297,-1.0,0.046936223222378684,0.0049773546365679665,0.0,167,37,0
960,336,2019-02-09,2019-02-23,6.947984175874909,4.384332669274958,-1.0,0.03851843153120217,0.005837972478493343,0.0,167,32,0
984,336,2019-02-10,2019-02-24,6.9370287590391175,4.50095972495216,-1.0,0.03851843153120217,0.006323145952421314,0.0,167,35,0
1008,336,2019-02-11,2019-02-25,6.9328013541478075,4.603947544935384,-1.0,0.03851843153120217,0.00885751589552834,0.0,167,38,0
1032,336,2019-02-12,2019-02-26,6.955548463499378,4.579194455747119,-1.0,0.03583387170010896,0.010143686933520754,0.0,167,42,0
1056,336,2019-02-13,2019-02-27,6.963648382518218,4.8081270970099945,-1.0,0.03583387170010896,0.007047908456390275,0.0,167,43,0
1080,336,2019-02-14,2019-02-28,6.99463920973837,4.660976491942094,-1.0,0.03485099493987816,0.005159240888774806,0.0,167,39,0
1104,336,2019-02-15,2019-03-01,7.029568666002444,4.49738370314557,-1.0,0.03485099493987816,0.005438230711258332,0.0,167,32,0
1128,336,2019-02-16,2019-03-02,7.023920061097796,4.671258992450025,0.0,0.03485099493987816,0.0055719812726989495,1.8893227046431162e-06,167,35,1
1152,336,2019-02-17,2019-03-03,6.9899722762307235,4.688290372795156,-1.0,0.041886876594577856,0.007915712282474553,0.0,167,35,0
1176,336,2019-02-18,2019-03-04,6.908672178362617,4.757675388224308,-1.0,0.04399975049653851,0.01104445744214313,0.0,167,42,0
1200,336,2019-02-19,2019-03-05,6.970394228472061,4.676392245250421,-1.0,0.04101552590530271,0.0074547529982854615,0.0,167,38,0
1224,336,2019-02-20,2019-03-06,6.937397989975726,4.626504426021407,-1.0,0.04101552590530271,0.005319285782928621,0.0,167,37,0
1248,336,2019-02-21,2019-03-07,6.9766530548388435,4.541889320990707,0.0,0.041145883774620175,0.005578715713051757,3.409267899292071e-06,167,38,1
1272,336,2019-02-22,2019-03-08,6.972843820046054,4.159354893030825,-1.0,0.041145883774620175,0.005550322384625324,0.0,167,30,0
1296,336,2019-02-23,2019-03-09,6.97798942689001,4.794826755674578,-1.0,0.041145883774620175,0.0033262699546585143,0.0,167,39,0
1320,336,2019-02-24,2019-03-10,6.982563852493363,4.487114372624625,-1.0,0.041145883774620175,0.004416060635683452,0.0,167,34,0
1344,336,2019-02-25,2019-03-11,6.901055837986187,4.349102849547368,-1.0,0.041145883774620175,0.004521836441281074,0.0,167,33,0
1368,336,2019-02-26,2019-03-12,6.892274015530608,4.217874477528328,-1.0,0.041145883774620175,0.004113200219904487,0.0,167,32,0
1392,336,2019-02-27,2019-03-13,6.95573527144443,4.305581080310146,-1.0,0.022716843684671334,0.003362861353388685,0.0,167,33,0
1416,336,2019-02-28,2019-03-14,6.998155193463497,4.5557763851885476,-1.0,0.0327018987938908,0.003042653631327232,0.0,167,39,0
1440,336,2019-03-01,2019-03-15,6.9859787971845515,4.396782545977715,-1.0,0.03236991200280763,0.004289385214649132,0.0,167,36,0
1464,336,2019-03-02,2019-03-16,6.979169199036878,4.518508586925066,-1.0,0.03236991200280763,0.004932980565908984,0.0,167,39,0
1488,336,2019-03-03,2019-03-17,6.825648469811632,4.41198781936693,-1.0,0.037852409559747946,0.004927112445623942,0.0,167,35,0
1512,336,2019-03-04,2019-03-18,6.8515435211928,4.505474395624738,-1.0,0.037852409559747946,0.0049568678394160005,0.0,167,37,0
1536,336,2019-03-05,2019-03-19,6.786008278721598,4.513006219530262,-1.0,0.037852409559747946,0.0024886597562414213,0.0,167,32,0
1560,336,2019-03-06,2019-03-20,6.850535710303426,4.595222101582622,0.0,0.037852409559747946,0.002567447863701161,2.708792461066464e-06,167,33,1
1584,336,2019-03-07,2019-03-21,6.905562160339626,4.6436551735225855,-1.0,0.0279834784833438,0.0020275744952717376,0.0,167,38,0
1608,336,2019-03-08,2019-03-22,6.865586302954123,4.582288784861033,-1.0,0.0279834784833438,0.0024151273265911027,0.0,167,37,0
1632,336,2019-03-09,2019-03-23,6.831791676715516,4.591330619443373,-1.0,0.032885453945431804,0.002340649385777634,0.0,167,35,0
1656,336,2019-03-10,2019-03-24,6.73832634362949,4.575862242505479,-1.0,0.035305502883380184,0.0023419312534901492,0.0,167,36,0
1680,336,2019-03-11,2019-03-25,6.678686379704958,4.531087224031256,-1.0,0.04791059309808033,0.0025492970085747584,0.0,167,37,0
1704,336,2019-03-12,2019-03-26,6.8251714327112785,4.540880570361636,-1.0,0.035305502883380184,0.001918494435267843,0.0,167,32,0
1728,336,2019-03-13,2019-03-27,6.756346274654716,4.392084141198381,0.0,0.035305502883380184,0.0022448571429712688,5.277306318509973e-07,167,32,1
1752,336,2019-03-14,2019-03-28,6.635487935059842,4.509293796547284,-1.0,0.0636274771936678,0.0016824050252999137,0.0,167,34,0
1776,336,2019-03-15,2019-03-29,6.829796058569626,4.613335498205013,-1.0,0.021873310442932507,0.001818632008144388,0.0,167,40,0
1800,336,2019-03-16,2019-03-30,6.815374149614704,4.434397247798061,-1.0,0.021873310442932507,0.002536921111364559,0.0,167,33,0
1824,336,2019-03-17,2019-03-31,6.768895540327386,4.2730049091348805,0.0,0.02294181766366678,0.0038454777132211513,4.097809017422948e-06,167,35,1
1848,336,2019-03-18,2019-04-01,6.7187470426491425,4.456070115607447,0.0,0.028732045872657718,0.0022966105765939143,2.4290281615461976e-07,167,32,1
1872,336,2019-03-19,2019-04-02,6.6461684315336464,4.41753963877076,-1.0,0.04421063458031017,0.002704864160495219,0.0,167,34,0
1896,336,2019-03-20,2019-04-03,6.674945344593589,4.496907190161249,-1.0,0.0557553506713727,0.0027863621045473557,0.0,167,40,0
1920,336,2019-03-21,2019-04-04,6.680204846702076,4.437672405222357,0.0,0.06420942891789487,0.0034569549820678285,3.195827928890677e-05,167,37,1
1944,336,2019-03-22,2019-04-05,6.94578102423001,4.652677579091761,-1.0,0.037080272269547083,0.0017470163142148225,0.0,167,39,0
1968,336,2019-03-23,2019-04-06,6.9453483473760445,4.598370468063637,0.0,0.037080272269547083,0.0027678649221227225,2.8784721332168056e-05,167,38,1
1992,336,2019-03-24,2019-04-07,6.9670364528388316,4.561773532696835,0.0,0.037080272269547083,0.0036911637765866313,4.138439918463148e-05,167,38,1
2016,336,2019-03-25,2019-04-08,6.983886409666438,4.775273291931789,0.0,0.037080272269547083,0.0027692947463760966,4.138439918463148e-05,167,40,1
2040,336,2019-03-26,2019-04-09,7.048747172049145,4.630577270178888,0.0,0.03515893338950234,0.003418425593084032,3.948770983199805e-05,167,38,1
2064,336,2019-03-27,2019-04-10,7.019450161769257,4.696090597900333,-1.0,0.04650659926146205,0.003640001712516667,0.0,167,37,0
2088,336,2019-03-28,2019-04-11,6.943644555683779,4.730475916299563,-1.0,0.05261964864625594,0.004275589877367085,0.0,167,37,0
2112,336,2019-03-29,2019-04-12,6.941497527035368,4.743755797277523,-1.0,0.05261964864625594,0.004302071376089516,0.0,167,37,0
2136,336,2019-03-30,2019-04-13,6.9834877051848,4.6473286828033125,-1.0,0.05261964864625594,0.008757088712338169,0.0,167,39,0
2160,336,2019-03-31,2019-04-14,6.985665118322382,4.687931603678093,-1.0,0.05261964864625594,0.00888565390798889,0.0,167,39,0
2184,336,2019-04-01,2019-04-15,6.9587047290374775,4.396275091867344,-1.0,0.05261964864625594,0.009495761369611415,0.0,167,34,0
2208,336,2019-04-02,2019-04-16,7.049615485485074,4.470464739467447,-1.0,0.03016339043306489,0.007207003506421238,0.0,167,35,0
2232,336,2019-04-03,2019-04-17,7.022992900047038,4.535981635603146,-1.0,0.03016339043306489,0.006386019376269683,0.0,167,35,0
2256,336,2019-04-04,2019-04-18,6.946230095709603,4.529093799758158,-1.0,0.04705409789260451,0.005868857346037321,0.0,167,36,0
2280,336,2019-04-05,2019-04-19,6.977513294390427,4.426866819506672,0.0,0.04705409789260451,0.004428254939369409,4.033457278813377e-06,167,35,1
2304,336,2019-04-06,2019-04-20,6.927309793871728,4.463069884261604,0.0,0.04705409789260451,0.009490855979190473,4.033457278813377e-06,167,40,1
2328,336,2019-04-07,2019-04-21,6.897176260275285,4.136336822006665,-1.0,0.04705409789260451,0.009842178816166579,0.0,167,33,0
2352,336,2019-04-08,2019-04-22,6.874752812200399,4.041526743921152,-1.0,0.04705409789260451,0.008972788342261865,0.0,167,29,0
2376,336,2019-04-09,2019-04-23,6.886194340318352,4.390717585619884,-1.0,0.06124215076349118,0.003460885031286824,0.0,167,33,0
2400,336,2019-04-10,2019-04-24,6.823249840015296,4.401221983651813,-1.0,0.06124215076349118,0.003259521820223707,0.0,167,34,0
2424,336,2019-04-11,2019-04-25,6.830914979234994,4.416804454767531,-1.0,0.054609565240272405,0.003953336144625657,0.0,167,34,0
2448,336,2019-04-12,2019-04-26,6.864145659712465,4.37393445078719,-1.0,0.024668481764929435,0.0031755062299646,0.0,167,32,0
2472,336,2019-04-13,2019-04-27,6.844497069536842,4.495898200542546,0.0,0.03324956541512494,0.004321432457864056,7.945043111977174e-05,167,37,1
2496,336,2019-04-14,2019-04-28,6.857402504806912,4.278671884775895,0.0,0.03324956541512494,0.004472315744250539,6.632433465863308e-05,167,31,1
2520,336,2019-04-15,2019-04-29,6.852249503737989,4.357342496240636,-1.0,0.03324956541512494,0.0040945322406264004,0.0,167,31,0
2544,336,2019-04-16,2019-04-30,6.933198549272531,4.291769412622624,-1.0,0.023377267649867677,0.004905005651636468,0.0,167,32,0
2568,336,2019-04-17,2019-05-01,6.922405589985472,4.621371358619587,0.0,0.023377267649867677,0.003592277215221061,2.315054372287817e-06,167,35,1
2592,336,2019-04-18,2019-05-02,6.891178831821655,4.359198203959931,-1.0,0.026185765337295715,0.002825582694815435,0.0,167,31,0
2616,336,2019-04-19,2019-05-03,6.918676643808858,4.259319561559233,-1.0,0.026185765337295715,0.0036516650307427652,0.0,167,30,0
2640,336,2019-04-20,2019-05-04,6.804952529002509,4.312003469522815,-1.0,0.051286676622229424,0.003179139803264357,0.0,167,33,0
2664,336,2019-04-21,2019-05-05,6.822899344204921,4.526110387227641,-1.0,0.048968485100580536,0.002739122663507209,0.0,167,37,0
2688,336,2019-04-22,2019-05-06,6.8213088747300255,4.657287634846273,-1.0,0.048968485100580536,0.002499351870128355,0.0,167,42,0
2712,336,2019-04-23,2019-05-07,6.8202886151865,4.344888091245866,0.0,0.036001781904180165,0.0039539267942340405,3.592647212572546e-05,167,34,1
2736,336,2019-04-24,2019-05-08,6.82747374693728,4.339051283866068,0.0,0.036001781904180165,0.0033968446200007994,2.6457935017443822e-05,167,33,1
2760,336,2019-04-25,2019-05-09,6.878756531829594,4.440460410269956,0.9698078407011311,0.03525398389206695,0.005517632823556106,2.9371924001895956e-05,167,33,2
2784,336,2019-04-26,2019-05-10,6.870554794894901,4.351283424057368,0.0,0.03525398389206695,0.005699754092717367,2.73585129389612e-06,167,29,1
2808,336,2019-04-27,2019-05-11,6.831054625794412,4.776412762220521,-1.0,0.048423836736529995,0.00295789621563258,0.0,167,37,0
2832,336,2019-04-28,2019-05-12,6.8899384007734605,4.428830365112372,0.0,0.048423836736529995,0.003085078337766398,9.120475043950229e-05,167,33,1
2856,336,2019-04-29,2019-05-13,6.9850752131994325,4.3989230685462335,-1.0,0.048423836736529995,0.004854428114902459,0.0,167,32,0
2880,336,2019-04-30,2019-05-14,7.0314635403057295,4.642981972247852,0.0,0.025467713329738614,0.005410251278158045,1.332483687022411e-06,167,34,1
2904,336,2019-05-01,2019-05-15,6.997284037318521,4.588325275634799,-1.0,0.053427843348247475,0.007233584523774805,0.0,167,37,0
2928,336,2019-05-02,2019-05-16,7.001105397992252,4.461140461467906,-1.0,0.053427843348247475,0.010913841798033713,0.0,167,36,0
2952,336,2019-05-03,2019-05-17,6.965368993373665,4.294784190308707,0.0,0.0536226432726989,0.01196690227923162,3.7014270407840774e-05,167,31,1
2976,336,2019-05-04,2019-05-18,7.005770171923044,4.4387681040694345,0.0,0.06990118809011704,0.013047895117834664,0.00021328065057951503,167,33,1
3000,336,2019-05-05,2019-05-19,7.035442245863515,4.70407494682771,-1.0,0.0489036658956219,0.009192806404705265,0.0,167,38,0
3024,336,2019-05-06,2019-05-20,7.058576341264553,4.9891471751925875,0.0,0.0489036658956219,0.009892454336928388,2.6100492205032304e-05,167,45,1
3048,336,2019-05-07,2019-05-21,7.080275064739024,4.621201815579767,-1.0,0.0489036658956219,0.016367469842898993,0.0,167,36,0
3072,336,2019-05-08,2019-05-22,7.066444577167723,4.516284867792165,0.0,0.0489036658956219,0.015947013196351396,8.84826810709615e-07,167,32,1
3096,336,2019-05-09,2019-05-23,7.090218571979007,4.4691240192248625,-1.0,0.0489036658956219,0.015293530258034548,0.0,167,31,0
3120,336,2019-05-10,2019-05-24,7.062353779958022,4.698629321257748,-1.0,0.05152255226228452,0.01074798480348417,0.0,167,37,0
3144,336,2019-05-11,2019-05-25,7.0303972506406485,4.586149600825852,-1.0,0.05129559252859479,0.010582703572341604,0.0,167,35,0
3168,336,2019-05-12,2019-05-26,7.0211867905777,4.743332254995523,-1.0,0.03977866526849446,0.007857255412454946,0.0,167,36,0
3192,336,2019-05-13,2019-05-27,6.9924656918293975,4.333524988055109,-1.0,0.0481925538209923,0.011480756777993185,0.0,167,31,0
3216,336,2019-05-14,2019-05-28,6.99284380330339,4.372648208765259,-1.0,0.05343009367994393,0.012722481751067273,0.0,167,31,0
3240,336,2019-05-15,2019-05-29,6.936146370323365,4.5639982324656465,0.0,0.06109881663587388,0.013642034732835599,0.000583019036606572,167,41,1
3264,336,2019-05-16,2019-05-30,6.9900035452240825,4.450873018907968,-1.0,0.06109881663587388,0.008847984463777514,0.0,167,36,0
3288,336,2019-05-17,2019-05-31,7.037391528144967,4.54369255516533,-1.0,0.029414663835323877,0.007731631086899704,0.0,167,35,0
3312,336,2019-05-18,2019-06-01,6.982005501694128,4.645675509431287,-1.0,0.034857864061566934,0.005501835200940672,0.0,167,39,0
3336,336,2019-05-19,2019-06-02,7.049736478080016,4.65973464496593,-1.0,0.032048420946336524,0.007479053411713947,0.0,167,37,0
3360,336,2019-05-20,2019-06-03,7.002071604278733,4.52843741583875,-1.0,0.032048420946336524,0.006023060160941057,0.0,167,37,0
3384,336,2019-05-21,2019-06-04,7.006916411186461,4.343219613630685,-1.0,0.032048420946336524,0.009121599667024076,0.0,167,32,0
3408,336,2019-05-22,2019-06-05,6.996758233071613,4.661542988800241,-1.0,0.0483903132720001,0.006597965669474564,0.0,167,37,0
3432,336,2019-05-23,2019-06-06,7.030802482345438,4.5892856697941795,-1.0,0.03228392728102059,0.006295731575767965,0.0,167,35,0
3456,336,2019-05-24,2019-06-07,6.986405547866204,4.5421236188825,-1.0,0.03228392728102059,0.005854054358059483,0.0,167,35,0
3480,336,2019-05-25,2019-06-08,6.939262086466235,4.562471459806582,-1.0,0.05704097938223806,0.006216148496358588,0.0,167,36,0
3504,336,2019-05-26,2019-06-09,6.922490281483967,4.69490070811606,-1.0,0.05704097938223806,0.007029630342017537,0.0,167,36,0
3528,336,2019-05-27,2019-06-10,6.923941403278404,4.664429831164702,-1.0,0.05704097938223806,0.0044071799876908594,0.0,167,34,0
3552,336,2019-05-28,2019-06-11,6.895449511191422,4.218697283019848,-1.0,0.05704097938223806,0.006892981066069815,0.0,167,27,0
3576,336,2019-05-29,2019-06-12,6.971366616851368,3.9469362116536346,-1.0,0.02984949288739907,0.008381679533444791,0.0,167,29,0
3600,336,2019-05-30,2019-06-13,6.997253173432398,4.292253767726822,-1.0,0.03304408191450884,0.004806012985015658,0.0,167,32,0
3624,336,2019-05-31,2019-06-14,6.949502618651306,4.634762052978923,-1.0,0.04183358265404913,0.005001009545667151,0.0,167,36,0
3648,336,2019-06-01,2019-06-15,6.888340289694505,4.545689259148991,-1.0,0.05904517929885443,0.0058895020890358364,0.0,167,38,0
3672,336,2019-06-02,2019-06-16,6.887437512325353,4.470903706037934,-1.0,0.05904517929885443,0.006829831143801584,0.0,167,34,0
3696,336,2019-06-03,2019-06-17,6.9285506247803506,4.432332519290251,0.0,0.05904517929885443,0.0058813731493499765,1.7257572233826117e-05,167,34,1
3720,336,2019-06-04,2019-06-18,6.891618149498214,4.483714874987478,-1.0,0.05904517929885443,0.0050539583403510545,0.0,167,35,0
3744,336,2019-06-05,2019-06-19,6.93734840557713,4.627778004228681,-1.0,0.026322363102691673,0.008445136836427166,0.0,167,40,0
3768,336,2019-06-06,2019-06-20,6.9122525834004565,4.647697487539438,-1.0,0.041956407596521667,0.00882046823451537,0.0,167,40,0
3792,336,2019-06-07,2019-06-21,6.912635796143609,4.414760068766051,-1.0,0.04041114189436685,0.012404723432441898,0.0,167,39,0
3816,336,2019-06-08,2019-06-22,6.974870810936165,4.463876056993166,-1.0,0.034632016550440126,0.010094813251736213,0.0,167,36,0
3840,336,2019-06-09,2019-06-23,6.996718977959376,4.194737823691079,-1.0,0.029389102863421647,0.010231379970391098,0.0,167,34,0
3864,336,2019-06-10,2019-06-24,7.011064892961071,4.402462309957266,-1.0,0.02654556391258784,0.00838701225945599,0.0,167,36,0
3888,336,2019-06-11,2019-06-25,6.900563247080331,4.479719670449454,-1.0,0.06603451639413277,0.005284977554599127,0.0,167,34,0
3912,336,2019-06-12,2019-06-26,6.892240172152115,4.545636114617635,-1.0,0.06603451639413277,0.005189357252826685,0.0,167,33,0
3936,336,2019-06-13,2019-06-27,6.9195715956976365,4.409394843382722,-1.0,0.07021410769848413,0.006399087493742848,0.0,167,36,0
3960,336,2019-06-14,2019-06-28,6.939096595210106,4.590604324124192,-1.0,0.06434446540827413,0.005543215562563365,0.0,167,37,0
3984,336,2019-06-15,2019-06-29,6.946065231830528,4.453494420447474,-1.0,0.056642765260984974,0.0057048918638710495,0.0,167,33,0
4008,336,2019-06-16,2019-06-30,6.964009025627969,4.462700569126727,-1.0,0.07061899387245234,0.0060048389921023475,0.0,167,31,0
4032,336,2019-06-17,2019-07-01,7.026618987123282,4.58449704165646,-1.0,0.036611134446883443,0.005900517142706545,0.0,167,34,0
4056,336,2019-06-18,2019-07-02,7.0648057648117755,4.707413061234019,-1.0,0.06143094595247365,0.005986488182853445,0.0,167,39,0
4080,336,2019-06-19,2019-07-03,7.062947801970968,4.829822493506374,-1.0,0.06143094595247365,0.005269096022554731,0.0,167,41,0
4104,336,2019-06-20,2019-07-04,7.045451796658914,4.783325928531427,-1.0,0.0447828604063675,0.006928890319379157,0.0,167,42,0
4128,336,2019-06-21,2019-07-05,7.06416818856465,4.921321283122346,-1.0,0.0447828604063675,0.005842230608167138,0.0,167,42,0
4152,336,2019-06-22,2019-07-06,6.974292185552302,4.844894017886876,0.0,0.10574704187693329,0.0064561063435207965,2.658257164902172e-06,167,41,1
4176,336,2019-06-23,2019-07-07,6.979906968249824,4.889018840656993,-1.0,0.10574704187693329,0.008634252767312228,0.0,167,42,0
4200,336,2019-06-24,2019-07-08,6.970518725998923,4.87477466646218,0.0,0.10574704187693329,0.009711414286251309,6.806708542250596e-06,167,41,1
4224,336,2019-06-25,2019-07-09,6.956535468401053,4.620774122357278,-1.0,0.10574704187693329,0.008681007915671933,0.0,167,38,0
4248,336,2019-06-26,2019-07-10,7.006726016890075,4.838771465447423,0.0,0.10574704187693329,0.007554100098407431,0.000251076898219372,167,40,1
4272,336,2019-06-27,2019-07-11,7.040487775949929,4.803032158758281,-1.0,0.10574704187693329,0.006782663080242418,0.0,167,40,0
4296,336,2019-06-28,2019-07-12,7.034810932331866,4.454435907418278,0.0,0.10574704187693329,0.009030786409363993,6.013916578733707e-05,167,34,1
4320,336,2019-06-29,2019-07-13,7.139526428421046,4.386826856356741,0.6128254462625692,0.022654630579559066,0.007603627952725848,0.00011378005052099673,167,32,2
4344,336,2019-06-30,2019-07-14,7.108957460607526,4.202152481420849,0.45879599464158427,0.022654630579559066,0.008380992004633993,0.0002449849511441942,167,29,2
4368,336,2019-07-01,2019-07-15,7.085792280798659,4.504912952908013,0.8167287110320561,0.02651570114492722,0.007669942472963466,4.354137562026322e-05,167,38,2
4392,336,2019-07-02,2019-07-16,7.041086558295412,4.464696991472942,-1.0,0.060018507097691326,0.008100791466332479,0.0,167,36,0
4416,336,2019-07-03,2019-07-17,7.063255827700414,4.482091404234349,-1.0,0.04960151077747389,0.007064061991068063,0.0,167,32,0
4440,336,2019-07-04,2019-07-18,7.087695581280898,4.584581305750362,-1.0,0.04960151077747389,0.008876345199880344,0.0,167,33,0
4464,336,2019-07-05,2019-07-19,7.076966398377928,4.795770703074533,0.0,0.04960151077747389,0.010606144331965358,3.794769324831375e-05,167,38,1
4488,336,2019-07-06,2019-07-20,7.087430909822339,4.569110533669273,-1.0,0.04960151077747389,0.010140448186035846,0.0,167,36,0
4512,336,2019-07-07,2019-07-21,7.091717534802102,4.862248025414874,0.0,0.04960151077747389,0.0070106643446669475,1.4785578861306854e-05,167,42,1
4536,336,2019-07-08,2019-07-22,7.092358033448437,4.553048942490027,-1.0,0.04960151077747389,0.009824121482673774,0.0,167,37,0
4560,336,2019-07-09,2019-07-23,7.0686356982243765,4.216597359019603,-1.0,0.06722044082512145,0.013213742022322193,0.0,167,29,0
4584,336,2019-07-10,2019-07-24,7.0912453902507835,4.309477746491255,-1.0,0.028213515998701387,0.010640843977367228,0.0,167,29,0
4608,336,2019-07-11,2019-07-25,7.100328335091037,4.500151829055591,-1.0,0.028064151308735293,0.010050219434247932,0.0,167,33,0
4632,336,2019-07-12,2019-07-26,7.056780385380972,4.6289708580747275,0.0,0.03222463644714307,0.011405156821627481,2.0817573352337837e-05,167,33,1
4656,336,2019-07-13,2019-07-27,7.05747900846966,4.571453063090961,0.0,0.0432677599847829,0.01077167590328145,2.3589398900025625e-05,167,31,1
4680,336,2019-07-14,2019-07-28,7.089688109924262,4.6775487989389095,0.0,0.0432677599847829,0.006165370974954977,2.3589398900025625e-05,167,35,1
4704,336,2019-07-15,2019-07-29,7.044123950237258,4.711987277514842,-1.0,0.04556505240646585,0.00892212077201574,0.0,167,35,0
4728,336,2019-07-16,2019-07-30,6.9990456872537266,4.798105189824416,-1.0,0.10280778883336224,0.007991512900892415,0.0,167,39,0
4752,336,2019-07-17,2019-07-31,7.032891033655166,4.7718084607950155,-1.0,0.033786317392399214,0.007112630793594355,0.0,167,42,0
4776,336,2019-07-18,2019-08-01,6.97961857903204,4.501359284556447,-1.0,0.033786317392399214,0.009794501853865673,0.0,167,42,0
4800,336,2019-07-19,2019-08-02,6.985457023313526,4.562791845657647,0.0,0.033786317392399214,0.008893036117994486,1.2705342967548992e-05,167,38,1
4824,336,2019-07-20,2019-08-03,6.922605011255573,4.58122438173507,-1.0,0.04495636531352934,0.008256241465041054,0.0,167,35,0
4848,336,2019-07-21,2019-08-04,6.9662376743814916,4.581506496109126,-1.0,0.04495636531352934,0.006159697817002247,0.0,167,36,0
4872,336,2019-07-22,2019-08-05,6.908851682247183,4.571741429408964,-1.0,0.04495636531352934,0.004344435087355387,0.0,167,37,0
4896,336,2019-07-23,2019-08-06,6.856576729526722,4.669876435477536,-1.0,0.04236954648185777,0.004415194384364503,0.0,167,39,0
4920,336,2019-07-24,2019-08-07,6.860881210472444,4.269216141811313,-1.0,0.04236954648185777,0.0045982595200285276,0.0,167,33,0
4944,336,2019-07-25,2019-08-08,6.914203638959756,4.521071705022138,-1.0,0.04666286164907957,0.004601452737954103,0.0,167,35,0
4968,336,2019-07-26,2019-08-09,6.957162854124445,4.479350882879732,-1.0,0.04666286164907957,0.0033188628715872907,0.0,167,34,0
4992,336,2019-07-27,2019-08-10,7.00161207171445,4.648687078058775,-1.0,0.04666286164907957,0.002490595451450759,0.0,167,37,0
5016,336,2019-07-28,2019-08-11,7.009965518951968,4.863205058178252,-1.0,0.03265422870536043,0.0033005142266590826,0.0,167,43,0
5040,336,2019-07-29,2019-08-12,7.011926629189257,5.062772307217895,-1.0,0.03265422870536043,0.004146059101356941,0.0,167,50,0
5064,336,2019-07-30,2019-08-13,7.054362423237447,5.055913596552215,-1.0,0.018065255275599504,0.0026279265997576373,0.0,167,47,0
5088,336,2019-07-31,2019-08-14,7.017288134587121,4.990452460349736,-1.0,0.028842880810909896,0.0024370172308913816,0.0,167,44,0
5112,336,2019-08-01,2019-08-15,6.994195249181353,4.844389782535743,-1.0,0.028842880810909896,0.002216392564314957,0.0,167,38,0
5136,336,2019-08-02,2019-08-16,7.00100862721225,4.58999296203053,-1.0,0.020998370167382083,0.0037093213864171264,0.0,167,37,0
5160,336,2019-08-03,2019-08-17,6.948465259395583,4.456403419587683,-1.0,0.024643516572866103,0.005441430225842582,0.0,167,37,0
5184,336,2019-08-04,2019-08-18,6.952009197167176,4.463503570177504,-1.0,0.025260384361993807,0.004569287807283999,0.0,167,35,0
5208,336,2019-08-05,2019-08-19,6.980110540301913,4.526402581713277,-1.0,0.025260384361993807,0.004011408784709587,0.0,167,36,0
5232,336,2019-08-06,2019-08-20,6.9704507931961075,4.449155048768414,-1.0,0.025260384361993807,0.004509757600457352,0.0,167,33,0
5256,336,2019-08-07,2019-08-21,6.948340684046875,4.553934325752425,-1.0,0.028278334326960742,0.003623915402006196,0.0,167,37,0
5280,336,2019-08-08,2019-08-22,6.948312558463562,4.592655898276015,0.0,0.03154003455741221,0.0038231227012185507,1.5287617630220315e-05,167,36,1
5304,336,2019-08-09,2019-08-23,6.9892368779193035,4.558092457583302,0.0,0.024643516572866103,0.003826366797714841,1.5287617630220315e-05,167,35,1
5328,336,2019-08-10,2019-08-24,7.035831272368002,4.68509883657893,-1.0,0.023662146724435063,0.003801026121637109,0.0,167,39,0
5352,336,2019-08-11,2019-08-25,6.98086380414528,4.6521134809621945,-1.0,0.029677662453998298,0.003641494957828589,0.0,167,36,0
5376,336,2019-08-12,2019-08-26,6.97554756495687,4.71691070229829,-1.0,0.029677662453998298,0.0035423385587570297,0.0,167,31,0
5400,336,2019-08-13,2019-08-27,7.0187186197393014,4.897994847845609,-1.0,0.029677662453998298,0.004011857908304069,0.0,167,38,0
5424,336,2019-08-14,2019-08-28,7.005112479782327,4.571758677941104,0.0,0.029677662453998298,0.0037865046885882433,1.3078699485829055e-05,167,35,1
5448,336,2019-08-15,2019-08-29,7.002465564732013,4.603179149558645,-1.0,0.023905480829505322,0.0036426160738329506,0.0,167,39,0
5472,336,2019-08-16,2019-08-30,7.052992302755687,4.617248709507324,-1.0,0.02875781277931341,0.004057011539030213,0.0,167,42,0
5496,336,2019-08-17,2019-08-31,7.005231323605131,4.669651242492898,-1.0,0.034646222905086115,0.004265466893997662,0.0,167,42,0
5520,336,2019-08-18,2019-09-01,6.950194556658342,4.440402161190931,-1.0,0.034646222905086115,0.004828834687039014,0.0,167,38,0
5544,336,2019-08-19,2019-09-02,6.915304067229578,4.188970067169441,-1.0,0.034646222905086115,0.0029052835017927925,0.0,167,30,0
5568,336,2019-08-20,2019-09-03,6.88460793221114,4.462112432160301,-1.0,0.04693473007576815,0.004198285130077077,0.0,167,37,0
5592,336,2019-08-21,2019-09-04,6.86654913949031,4.770598948100697,-1.0,0.04693473007576815,0.0027873333875372444,0.0,167,40,0
5616,336,2019-08-22,2019-09-05,6.843581019108181,4.247013222208436,-1.0,0.04693473007576815,0.004530433710014681,0.0,167,32,0
5640,336,2019-08-23,2019-09-06,6.807360313125834,4.231097436262907,-1.0,0.06364433066147585,0.0056128240807517054,0.0,167,33,0
5664,336,2019-08-24,2019-09-07,6.863483296694714,4.253868868057079,-1.0,0.06319898681665277,0.006818650893999509,0.0,167,35,0
5688,336,2019-08-25,2019-09-08,6.951442451891904,4.4252710146925756,0.0,0.03190375561553819,0.00726965167092051,3.0772493304321985e-06,167,33,1
5712,336,2019-08-26,2019-09-09,6.945220399781604,4.514732292480073,-1.0,0.03448576350037215,0.004888051579021611,0.0,167,34,0
5736,336,2019-08-27,2019-09-10,6.925844936705978,4.566963371776845,0.0,0.037493259032252826,0.004641481987944853,3.5569975104920445e-05,167,40,1
5760,336,2019-08-28,2019-09-11,6.969312248600456,4.549009233646459,-1.0,0.037493259032252826,0.003001436783062014,0.0,167,38,0
5784,336,2019-08-29,2019-09-12,6.950023406612948,4.620975960149586,-1.0,0.037493259032252826,0.0031790552300405097,0.0,167,38,0
5808,336,2019-08-30,2019-09-13,6.914861685931942,4.453480677424225,-1.0,0.037493259032252826,0.0034012468174088217,0.0,167,34,0
5832,336,2019-08-31,2019-09-14,6.930580401177493,4.45856143777007,-1.0,0.037493259032252826,0.003556524553454781,0.0,167,33,0
5856,336,2019-09-01,2019-09-15,6.961468250581707,4.695719356848041,0.9820914444239633,0.026180425441197298,0.0029290849554616167,2.7282292696562978e-05,167,34,2
5880,336,2019-09-02,2019-09-16,6.976466698425867,4.722084434512114,0.0,0.02305048737338388,0.00340612217582998,1.4183985040271088e-05,167,37,1
5904,336,2019-09-03,2019-09-17,6.944449036138129,4.42326625554379,-1.0,0.044337938557977116,0.0034175465958186614,0.0,167,30,0
5928,336,2019-09-04,2019-09-18,6.978481393837424,4.47968520275674,-1.0,0.044337938557977116,0.004429863667621853,0.0,167,34,0
5952,336,2019-09-05,2019-09-19,6.904061212003712,4.692401077683802,0.8050885352736911,0.044337938557977116,0.004457282338453337,4.060877426961794e-05,167,40,2
5976,336,2019-09-06,2019-09-20,6.9534769141166946,4.864347699601177,0.8064963829594965,0.044337938557977116,0.005184986083373176,4.033667121747363e-05,167,43,2
6000,336,2019-09-07,2019-09-21,6.924080991903743,4.818139157652876,-1.0,0.044337938557977116,0.0041368859480439115,0.0,167,40,0
6024,336,2019-09-08,2019-09-22,6.918056252409136,4.663643449747502,-1.0,0.04652145079131587,0.004793136484463111,0.0,167,36,0
6048,336,2019-09-09,2019-09-23,6.895274760239798,4.378423562449551,-1.0,0.04652145079131587,0.006161759918448909,0.0,167,34,0
6072,336,2019-09-10,2019-09-24,6.877795844789043,4.618991315097449,-1.0,0.04634950171428277,0.005259849223707007,0.0,167,39,0
6096,336,2019-09-11,2019-09-25,6.7747608228225555,4.708404904749704,0.0,0.08047423327807597,0.003774137454310064,3.04123576980886e-08,167,36,1
6120,336,2019-09-12,2019-09-26,6.821283444920644,4.655005410972004,0.0,0.06872238824613305,0.004973635387321126,3.04123576980886e-08,167,38,1
6144,336,2019-09-13,2019-09-27,6.885318062544676,4.913359045017365,-1.0,0.04663629273024279,0.005601846513916285,0.0,167,43,0
6168,336,2019-09-14,2019-09-28,6.87394758674912,4.673911089228995,-1.0,0.050470553863626345,0.007874070257010502,0.0,167,36,0
6192,336,2019-09-15,2019-09-29,6.920676645233008,4.8414635424118675,-1.0,0.050470553863626345,0.005774442153186827,0.0,167,44,0
6216,336,2019-09-16,2019-09-30,6.9232989203468795,4.671461634648348,-1.0,0.050470553863626345,0.007150116232035302,0.0,167,42,0
6240,336,2019-09-17,2019-10-01,6.890539853102366,4.375504618192396,-1.0,0.050557932402154074,0.007067875785248498,0.0,167,34,0
6264,336,2019-09-18,2019-10-02,6.891322957432896,4.336896054691333,0.0,0.050557932402154074,0.006442907183508371,1.832473359100932e-05,167,33,1
6288,336,2019-09-19,2019-10-03,6.8989754139186275,4.12052897551489,0.0,0.05508209113212746,0.005797330859760692,1.832473359100932e-05,167,31,1
6312,336,2019-09-20,2019-10-04,6.9298206819627195,4.647660914614633,-1.0,0.07608307095823251,0.005423841543352061,0.0,167,39,0
6336,336,2019-09-21,2019-10-05,6.977397511337946,4.532050323389444,-1.0,0.050994472212193206,0.006606005439099196,0.0,167,39,0
6360,336,2019-09-22,2019-10-06,6.964486031670545,4.712735095165975,0.0,0.050994472212193206,0.006085581695560738,1.5922986416236636e-06,167,43,1
6384,336,2019-09-23,2019-10-07,6.985598945342652,4.74128911272369,-1.0,0.050994472212193206,0.005743937707882742,0.0,167,39,0
6408,336,2019-09-24,2019-10-08,6.999648397992655,4.814655404724939,-1.0,0.050994472212193206,0.006645683208158549,0.0,167,40,0
6432,336,2019-09-25,2019-10-09,7.005700838328653,4.703949463172105,-1.0,0.049665969233829835,0.00705723789982932,0.0,167,39,0
6456,336,2019-09-26,2019-10-10,6.966719891585552,4.364361322012833,0.7177911650578213,0.0640757215112522,0.007875503645796209,0.00017361231790733462,167,36,2
6480,336,2019-09-27,2019-10-11,6.939894667002841,4.201567497086314,0.0,0.0640757215112522,0.0089847369882092,4.1550821653513105e-05,167,31,1
6504,336,2019-09-28,2019-10-12,6.931352526948996,4.147980882265846,0.8483875510644834,0.032739847295568336,0.008693628358150135,9.302416782163094e-05,167,39,2
6528,336,2019-09-29,2019-10-13,6.9641092317586715,4.637569863944334,0.0,0.032739847295568336,0.006860006943396939,2.109696301484186e-05,167,42,1
6552,336,2019-09-30,2019-10-14,6.9262002416546276,4.840331758132126,-1.0,0.032739847295568336,0.0044830503197301474,0.0,167,44,0
6576,336,2019-10-01,2019-10-15,6.920382919949369,4.7287513218274855,-1.0,0.032739847295568336,0.002777677036672032,0.0,167,38,0
6600,336,2019-10-02,2019-10-16,6.908019488675349,4.627209352812335,-1.0,0.048027360889001156,0.0030946952326788273,0.0,167,35,0
6624,336,2019-10-03,2019-10-17,6.8334970971447015,4.508784940888137,-1.0,0.05153347995541693,0.00328470900864769,0.0,167,32,0
6648,336,2019-10-04,2019-10-18,6.819400064023225,4.536481201461557,-1.0,0.05153347995541693,0.005446637468441132,0.0,167,37,0
6672,336,2019-10-05,2019-10-19,6.887116180117975,4.675996314753859,0.0,0.03432428664139922,0.0036941664119724536,1.2174562405988273e-05,167,38,1
6696,336,2019-10-06,2019-10-20,6.89851785172923,4.216917041099722,0.45323507585071515,0.03432428664139922,0.0036142028108763586,1.2200547772359197e-05,167,29,2
6720,336,2019-10-07,2019-10-21,6.890493788020932,4.345486631123434,-1.0,0.03432428664139922,0.0032738469191972708,0.0,167,35,0
6744,336,2019-10-08,2019-10-22,6.896592926548481,4.262666970375898,-1.0,0.03432428664139922,0.004323017840517233,0.0,167,34,0
6768,336,2019-10-09,2019-10-23,6.977731538176275,4.252740078102405,0.3968752726812983,0.030236325214492734,0.005032646476542165,0.0001242273132921283,167,38,2
6792,336,2019-10-10,2019-10-24,6.913850968900248,4.481357348322399,-1.0,0.029576260966697524,0.0037121259598990844,0.0,167,41,0
6816,336,2019-10-11,2019-10-25,6.9321406228826445,4.640310827769,-1.0,0.029576260966697524,0.0035729050674799183,0.0,167,42,0
6840,336,2019-10-12,2019-10-26,6.954159779758666,4.597545332771812,-1.0,0.028470367787105117,0.003122342633621407,0.0,167,38,0
6864,336,2019-10-13,2019-10-27,6.9682132064332984,4.227563083085423,0.0,0.021517472503427927,0.0035800017897942237,6.878807439219031e-06,167,32,1
6888,336,2019-10-14,2019-10-28,7.010202523112708,4.41538636588463,0.0,0.02144313522811235,0.0037328950373555158,2.071265353961437e-05,167,35,1
6912,336,2019-10-15,2019-10-29,7.005521465663806,4.372840840690281,-1.0,0.037056060526446874,0.005133544568434097,0.0,167,34,0
6936,336,2019-10-16,2019-10-30,7.1029359537345185,4.654535539498867,-1.0,0.022057101967355396,0.003756776025105818,0.0,167,42,0
6960,336,2019-10-17,2019-10-31,7.08328365843377,4.70584461301665,-1.0,0.037610474312749935,0.0051933431288775376,0.0,167,42,0
6984,336,2019-10-18,2019-11-01,7.096746050497602,4.706812811525074,-1.0,0.037610474312749935,0.0055394236749002936,0.0,167,40,0
7008,336,2019-10-19,2019-11-02,7.12578046950436,4.7472169476079,-1.0,0.027293417368311534,0.00573475642540997,0.0,167,36,0
7032,336,2019-10-20,2019-11-03,7.125778712142689,4.8375973954239875,-1.0,0.021428553027069853,0.005176689308444403,0.0,167,40,0
7056,336,2019-10-21,2019-11-04,7.137822736243532,4.4772490240576195,-1.0,0.021428553027069853,0.005940892605192829,0.0,167,35,0
7080,336,2019-10-22,2019-11-05,7.142767981423858,4.3978585849434495,-1.0,0.021428553027069853,0.0060788554488472755,0.0,167,34,0
7104,336,2019-10-23,2019-11-06,7.127323801606815,4.689524527939106,-1.0,0.021428553027069853,0.005892025490860409,0.0,167,38,0
7128,336,2019-10-24,2019-11-07,7.116102859220248,4.539490456372999,0.0,0.024788136436567382,0.005289252783813049,2.4900205697819536e-06,167,38,1
7152,336,2019-10-25,2019-11-08,7.121230054960834,4.689179299725077,0.0,0.024788136436567382,0.003972469215949733,5.1335383063377726e-05,167,38,1
7176,336,2019-10-26,2019-11-09,7.129564841245103,4.582701893498382,0.0,0.024788136436567382,0.0056977704568363895,5.1335383063377726e-05,167,40,1
7200,336,2019-10-27,2019-11-10,7.112897558335068,4.497257944327052,-1.0,0.01361576696942915,0.006803307967247274,0.0,167,40,0
7224,336,2019-10-28,2019-11-11,7.075129836737209,4.352905705794439,0.0,0.018929178718705034,0.007173905622832008,6.852702491701397e-05,167,37,1
7248,336,2019-10-29,2019-11-12,7.0321539641097965,4.672149747002269,0.0,0.018929178718705034,0.004921047709336352,2.0919845140481223e-05,167,40,1
7272,336,2019-10-30,2019-11-13,6.992352208002882,4.522467690060824,0.0,0.018929178718705034,0.004855298212000626,2.0919845140481223e-05,167,38,1
7296,336,2019-10-31,2019-11-14,6.938729164588911,4.72003545806654,0.0,0.025177405061639044,0.004779510368570563,2.0919845140481223e-05,167,39,1
7320,336,2019-11-01,2019-11-15,6.920086429527688,4.554626871297702,0.0,0.025177405061639044,0.003915058467179925,7.17819505450761e-06,167,38,1
7344,336,2019-11-02,2019-11-16,6.933087798075324,4.548904589821237,0.0,0.02003484269046708,0.003170828719092713,1.4095574934486653e-05,167,35,1
7368,336,2019-11-03,2019-11-17,6.951056798676223,4.257340750186872,-1.0,0.02003484269046708,0.00395000235170904,0.0,167,28,0
7392,336,2019-11-04,2019-11-18,6.988163131236311,4.566772431615555,-1.0,0.026710388642368608,0.0026913922812240696,0.0,167,31,0
7416,336,2019-11-05,2019-11-19,7.016749505228837,4.580219714767078,-1.0,0.01803587102665062,0.002986603102529347,0.0,167,33,0
7440,336,2019-11-06,2019-11-20,6.989825170588599,4.56569540331125,-1.0,0.024690322558469927,0.0023858475639286594,0.0,167,35,0
7464,336,2019-11-07,2019-11-21,6.927740000609269,4.501720845875551,-1.0,0.024690322558469927,0.0026333085965842096,0.0,167,32,0
7488,336,2019-11-08,2019-11-22,6.967615285034092,4.7854199932068875,-1.0,0.024690322558469927,0.0026975109507164597,0.0,167,38,0
7512,336,2019-11-09,2019-11-23,6.784272993490688,4.526380217753032,-1.0,0.06721031089617871,0.0038157888272005755,0.0,167,34,0
7536,336,2019-11-10,2019-11-24,6.85871323667626,4.579780292447476,-1.0,0.038639199602904295,0.0035809793606566337,0.0,167,30,0
7560,336,2019-11-11,2019-11-25,6.9309061799231575,4.529155021346422,-1.0,0.038639199602904295,0.003640649557321593,0.0,167,33,0
7584,336,2019-11-12,2019-11-26,6.976606264391816,4.609943219638816,-1.0,0.03321637608106572,0.004380636486761288,0.0,167,36,0
7608,336,2019-11-13,2019-11-27,6.9743865846074495,4.563509067609632,-1.0,0.03321637608106572,0.003701817531344943,0.0,167,35,0
7632,336,2019-11-14,2019-11-28,6.990642055403247,4.5174703115314765,-1.0,0.03321637608106572,0.003494759359812021,0.0,167,38,0
7656,336,2019-11-15,2019-11-29,6.998779411903716,4.585929356561186,-1.0,0.03321637608106572,0.006259114451255405,0.0,167,39,0
7680,336,2019-11-16,2019-11-30,6.984322543979735,4.4592404716569,0.0,0.030964098472112463,0.006956770719467572,1.2811876654396416e-05,167,36,1
7704,336,2019-11-17,2019-12-01,6.961566118186723,4.152771232057339,-1.0,0.030964098472112463,0.01668776018133084,0.0,167,36,0
7728,336,2019-11-18,2019-12-02,6.975492493083563,4.458287875931964,-1.0,0.030964098472112463,0.009085470539569497,0.0,167,39,0
7752,336,2019-11-19,2019-12-03,7.055201380443909,4.628665719946239,-1.0,0.020948898708266817,0.007435995391569885,0.0,167,34,0
7776,336,2019-11-20,2019-12-04,7.09486999351658,4.651885698146281,-1.0,0.020948898708266817,0.007244952667976881,0.0,167,37,0
7800,336,2019-11-21,2019-12-05,7.094154325531324,4.678047973640027,-1.0,0.020948898708266817,0.004566972317252263,0.0,167,37,0
7824,336,2019-11-22,2019-12-06,7.098295205837402,4.944890128851094,-1.0,0.020948898708266817,0.005174634099947684,0.0,167,41,0
7848,336,2019-11-23,2019-12-07,7.049481156565068,5.08760228777008,-1.0,0.028360676601628228,0.005538034815830294,0.0,167,47,0
7872,336,2019-11-24,2019-12-08,6.997692947523236,4.972117870763614,-1.0,0.028360676601628228,0.00539436158289647,0.0,167,47,0
7896,336,2019-11-25,2019-12-09,6.934468847720665,4.862763535627675,-1.0,0.036916192812473644,0.0051228048083291865,0.0,167,46,0
7920,336,2019-11-26,2019-12-10,6.937686124301324,4.7607600439218904,-1.0,0.036916192812473644,0.004614688268191045,0.0,167,42,0
7944,336,2019-11-27,2019-12-11,6.872461380623927,4.392650988013236,0.0,0.036916192812473644,0.005412661986363599,3.754177935330108e-05,167,40,1
7968,336,2019-11-28,2019-12-12,6.986367790055978,4.401682182563133,-1.0,0.01915226946209415,0.0037096631229784904,0.0,167,38,0
7992,336,2019-11-29,2019-12-13,6.955968725350542,4.37207344324479,-1.0,0.030358158753472073,0.0030866821455102678,0.0,167,34,0
8016,336,2019-11-30,2019-12-14,6.9497102355271645,4.498191945021039,-1.0,0.031029968864719162,0.002746289043747977,0.0,167,37,0
8040,336,2019-12-01,2019-12-15,6.943461948222527,4.816987597747785,-1.0,0.031029968864719162,0.002257385283767762,0.0,167,41,0
8064,336,2019-12-02,2019-12-16,6.906109902696906,4.679782133880205,-1.0,0.031029968864719162,0.0020204798451984723,0.0,167,38,0
8088,336,2019-12-03,2019-12-17,6.862897198957613,4.745992176005104,-1.0,0.034972176388187184,0.0029840935650744865,0.0,167,38,0
8112,336,2019-12-04,2019-12-18,6.8557378553489565,4.460699796257539,-1.0,0.034972176388187184,0.0033596280466487065,0.0,167,34,0
8136,336,2019-12-05,2019-12-19,6.956717779626892,4.524523383840429,-1.0,0.021489900827071053,0.005224605574360968,0.0,167,40,0
8160,336,2019-12-06,2019-12-20,6.94950908321425,4.584114045723145,-1.0,0.032488377549938025,0.004807100526435734,0.0,167,43,0
8184,336,2019-12-07,2019-12-21,6.977477030252443,4.56087174339486,0.0,0.032488377549938025,0.005806419350014151,4.1771822271989014e-05,167,46,1
8208,336,2019-12-08,2019-12-22,6.940582341509126,4.6945251599646465,-1.0,0.032488377549938025,0.005022177346121015,0.0,167,42,0
8232,336,2019-12-09,2019-12-23,6.863827606423547,4.662414362015688,-1.0,0.033438229528378396,0.0032794915210960446,0.0,167,41,0
8256,336,2019-12-10,2019-12-24,6.878641762152137,4.573595888598782,-1.0,0.033438229528378396,0.003313890293227803,0.0,167,42,0
8280,336,2019-12-11,2019-12-25,6.849136766664131,4.433531224847343,-1.0,0.03523345693038684,0.0040883404803984825,0.0,167,37,0
8304,336,2019-12-12,2019-12-26,6.854906381967976,4.402173081732216,-1.0,0.029151773683095406,0.0038809043357885147,0.0,167,35,0
8328,336,2019-12-13,2019-12-27,6.84101026302984,4.438677146003515,-1.0,0.029151773683095406,0.0020756067567041727,0.0,167,31,0
8352,336,2019-12-14,2019-12-28,6.805782280399709,4.494412799427542,0.9931897466734122,0.03717700250621248,0.007745360466732136,1.790982691667397e-05,167,38,2
8376,336,2019-12-15,2019-12-29,6.803036682095488,4.209382176345818,0.0,0.03717700250621248,0.008018990237338276,9.172990844301377e-06,167,36,1
8400,336,2019-12-16,2019-12-30,6.838497046957891,4.382341166578582,0.0,0.044568431369126166,0.00439050508555429,1.7215549485865409e-06,167,33,1
8424,336,2019-12-17,2019-12-31,6.867122684515127,4.441940043646291,0.0,0.044568431369126166,0.003321131034163554,1.7215549485865409e-06,167,32,1
8448,336,2019-12-18,2020-01-01,6.914124954873187,4.392391118127146,0.9789485575911142,0.029569863629523154,0.004773300700749825,0.00011008550683419628,167,35,2
8472,336,2019-12-19,2020-01-02,6.85608644873794,4.459698574187932,0.0,0.029569863629523154,0.0033956597904657958,5.642565435100177e-05,167,37,1
8496,336,2019-12-20,2020-01-03,6.8244192164640065,4.483484773737508,-1.0,0.03375089959444563,0.002956656397006765,0.0,167,36,0
8520,336,2019-12-21,2020-01-04,6.8304598222567625,4.556986894741385,-1.0,0.03375089959444563,0.00309379934045878,0.0,167,37,0
8544,336,2019-12-22,2020-01-05,6.876387585574995,4.570965131547623,-1.0,0.02525992317817837,0.00479871398242912,0.0,167,41,0
8568,336,2019-12-23,2020-01-06,6.897556526629058,4.4402156833892406,-1.0,0.029508114873081272,0.005039049529338045,0.0,167,34,0
8592,336,2019-12-24,2020-01-07,6.965739181742424,4.706549073004062,0.0,0.029508114873081272,0.0027363043560626604,2.548839683306357e-05,167,36,1
8616,336,2019-12-25,2020-01-08,6.9502479935383805,4.606452318689925,-1.0,0.03420308582370099,0.0025746073094948057,0.0,167,34,0
8640,336,2019-12-26,2020-01-09,6.973037330893751,4.652390843057811,0.0,0.03420308582370099,0.004566281303434133,6.003043068758994e-06,167,34,1
8664,336,2019-12-27,2020-01-10,6.981930581650812,4.903544349870311,-1.0,0.029508114873081272,0.0033739207579788614,0.0,167,39,0
8688,336,2019-12-28,2020-01-11,6.981217684714531,4.646627903264661,-1.0,0.03584658593423436,0.010385928592263336,0.0,167,41,0
8712,336,2019-12-29,2020-01-12,7.003198088131152,4.781859459479118,-1.0,0.03049027765204605,0.0050664500980170364,0.0,167,42,0
8736,336,2019-12-30,2020-01-13,6.999280638723817,4.6716425789421425,-1.0,0.03049027765204605,0.00521152801178642,0.0,167,42,0
8760,336,2019-12-31,2020-01-14,7.021766581628809,4.888896481075326,-1.0,0.03049027765204605,0.005506400076489706,0.0,167,47,0
8784,336,2020-01-01,2020-01-15,7.015977207692304,4.657907020671991,-1.0,0.03049027765204605,0.005866814031378274,0.0,167,45,0
8808,336,2020-01-02,2020-01-16,6.999088200292734,4.679761404729596,-1.0,0.04876685120654343,0.006820651824660008,0.0,167,41,0
8832,336,2020-01-03,2020-01-17,7.004001300938205,4.616798547666211,0.0,0.04876685120654343,0.0068229927950944035,1.5981003094894893e-05,167,35,1
8856,336,2020-01-04,2020-01-18,7.021584310971609,4.48851039462181,0.0,0.037272623134745164,0.007596398772664813,7.697882541611623e-05,167,30,1
8880,336,2020-01-05,2020-01-19,7.002199630120244,4.527907189568045,-1.0,0.037272623134745164,0.00831718949783218,0.0,167,33,0
8904,336,2020-01-06,2020-01-20,7.006967899463039,4.726155418046217,-1.0,0.037272623134745164,0.007905579618912995,0.0,167,38,0
8928,336,2020-01-07,2020-01-21,6.999412096715808,4.702987992531895,-1.0,0.037272623134745164,0.00703898980175139,0.0,167,38,0
8952,336,2020-01-08,2020-01-22,6.991663758332366,4.740400266104111,0.0,0.037272623134745164,0.0055745701559358225,6.886528480154918e-05,167,39,1
8976,336,2020-01-09,2020-01-23,6.952829030949057,4.739606353963616,0.0,0.040619018305530726,0.005690226707166521,6.886528480154918e-05,167,38,1
9000,336,2020-01-10,2020-01-24,6.939753846105969,4.52306308440863,-1.0,0.040619018305530726,0.011375701319654631,0.0,167,34,0
9024,336,2020-01-11,2020-01-25,6.963346244440717,4.740691862681439,0.0,0.04865777661329696,0.0057862205854287575,6.17005986663201e-06,167,37,1
9048,336,2020-01-12,2020-01-26,7.041751096141313,4.774382352989675,0.0,0.038408250510183664,0.004972094174018412,6.17005986663201e-06,167,42,1
9072,336,2020-01-13,2020-01-27,7.059929250471808,4.817969139300791,-1.0,0.038408250510183664,0.005337434696559987,0.0,167,42,0
9096,336,2020-01-14,2020-01-28,7.033944028539223,4.675859927421598,-1.0,0.038408250510183664,0.007727310641917147,0.0,167,37,0
9120,336,2020-01-15,2020-01-29,7.050238914423637,4.416308959822341,-1.0,0.038408250510183664,0.01022713082773595,0.0,167,38,0
9144,336,2020-01-16,2020-01-30,6.9553885895495275,4.5487238834723565,-1.0,0.0593095481037203,0.007431412823553704,0.0,167,39,0
9168,336,2020-01-17,2020-01-31,6.945484867527989,4.596339446309721,-1.0,0.05543846201615686,0.00801241513696682,0.0,167,38,0
9192,336,2020-01-18,2020-02-01,6.959500711850807,4.267904913774026,0.0,0.05543846201615686,0.01256750292891649,6.259550489286877e-05,167,33,1
9216,336,2020-01-19,2020-02-02,7.10359757834731,4.729426727042109,0.0,0.018801198497951675,0.003011850380037854,2.3304186504529624e-07,167,36,1
9240,336,2020-01-20,2020-02-03,7.107956611168363,4.780892452883945,-1.0,0.014224975726090217,0.003665013310024425,0.0,167,39,0
9264,336,2020-01-21,2020-02-04,7.130582234512266,4.677322888985083,0.0,0.016088266862057495,0.005712990023869051,5.740503423591544e-05,167,37,1
9288,336,2020-01-22,2020-02-05,7.122635662509809,4.680906548093465,-1.0,0.01771405512859829,0.004272045127495319,0.0,167,38,0
9312,336,2020-01-23,2020-02-06,7.12426392408052,4.6040246009517425,-1.0,0.012255068114301899,0.0044318264860008835,0.0,167,35,0
9336,336,2020-01-24,2020-02-07,6.881408671785362,4.382194951557332,-1.0,0.10751047588758389,0.0054768667240366374,0.0,167,36,0
9360,336,2020-01-25,2020-02-08,6.860547890926435,4.160252218293295,-1.0,0.10751047588758389,0.006612570001014812,0.0,167,32,0
9384,336,2020-01-26,2020-02-09,6.914839985561146,4.2850079187716,0.0,0.08619210416498099,0.008495439251401725,4.2520961210424e-05,167,34,1
9408,336,2020-01-27,2020-02-10,6.913883451426664,4.166379737246659,0.9869959953217703,0.08619210416498099,0.008874897225524045,7.766887227100356e-05,167,33,2
9432,336,2020-01-28,2020-02-11,6.926981928921514,4.31122306019346,-1.0,0.08223375921179564,0.00837070974968522,0.0,167,34,0
9456,336,2020-01-29,2020-02-12,6.941697238786902,4.218852506248665,-1.0,0.08223375921179564,0.009713839601867768,0.0,167,33,0
9480,336,2020-01-30,2020-02-13,6.977722527180288,4.3457183035599956,-1.0,0.08223375921179564,0.0071849689576022726,0.0,167,33,0
9504,336,2020-01-31,2020-02-14,6.890585740650752,4.62088066076642,0.0,0.10658634457697655,0.007091221449697422,1.8572635529335624e-05,167,38,1
9528,336,2020-02-01,2020-02-15,6.903454367671231,4.628831038040078,0.0,0.10658634457697655,0.006606074734143637,1.8572635529335624e-05,167,38,1
9552,336,2020-02-02,2020-02-16,6.935483794887437,4.540835881335315,0.0,0.10658634457697655,0.005262319933947364,5.240525409993715e-05,167,37,1
9576,336,2020-02-03,2020-02-17,6.96522133690889,4.655075983283058,-1.0,0.10658634457697655,0.006397163116909812,0.0,167,37,0
9600,336,2020-02-04,2020-02-18,6.991811469383296,4.550447385839274,-1.0,0.10658634457697655,0.009936912661980893,0.0,167,35,0
9624,336,2020-02-05,2020-02-19,6.9991861500433705,4.3903109211025875,-1.0,0.10658634457697655,0.008821114083032945,0.0,167,35,0
9648,336,2020-02-06,2020-02-20,7.007278109122016,4.617155133833467,0.0,0.08607555595644312,0.012399681461237147,1.1586156627618011e-05,167,40,1
9672,336,2020-02-07,2020-02-21,7.0607492634347535,4.625299182861434,0.0,0.035199706380218576,0.01112554315401811,1.1586156627618011e-05,167,37,1
9696,336,2020-02-08,2020-02-22,7.057938507392927,4.683180893532775,-1.0,0.035199706380218576,0.010891575008533477,0.0,167,43,0
9720,336,2020-02-09,2020-02-23,7.003876785680886,4.524574061526664,-1.0,0.05515097325622123,0.0111683720247361,0.0,167,37,0
9744,336,2020-02-10,2020-02-24,7.013901468138198,4.824270941585795,-1.0,0.0500176186378148,0.007371488456250095,0.0,167,40,0
9768,336,2020-02-11,2020-02-25,7.023989598204243,4.968499213312091,0.0,0.05236843968057559,0.005460272630911677,2.7328232884302155e-08,167,46,1
9792,336,2020-02-12,2020-02-26,7.01256237213561,4.677786742754896,-1.0,0.054711476346948784,0.010042291382569703,0.0,167,38,0
9816,336,2020-02-13,2020-02-27,7.0274580974783865,4.768546055603504,-1.0,0.0709798714517896,0.009587383610439941,0.0,167,43,0
9840,336,2020-02-14,2020-02-28,7.060228630860512,4.62789946092946,-1.0,0.04600927739004148,0.010254630030444814,0.0,167,40,0
9864,336,2020-02-15,2020-02-29,7.088025884536257,4.530236303722375,0.0,0.04600927739004148,0.009628692277623179,0.0002122944805801449,167,37,1
9888,336,2020-02-16,2020-03-01,7.105939138297685,4.612520283195326,0.0,0.04600927739004148,0.011520195720638332,0.0002122944805801449,167,39,1
9912,336,2020-02-17,2020-03-02,7.085985321880672,4.575759650421237,-1.0,0.04600927739004148,0.01084483434702371,0.0,167,37,0
9936,336,2020-02-18,2020-03-03,7.049483898713653,4.616077482461548,-1.0,0.04600927739004148,0.009084787842405448,0.0,167,37,0
9960,336,2020-02-19,2020-03-04,7.033577110498321,4.374024498177052,-1.0,0.0683483556022092,0.009223634037681294,0.0,167,31,0
9984,336,2020-02-20,2020-03-05,7.053652097765671,4.635980351120147,-1.0,0.05053492442694574,0.009812881349055126,0.0,167,38,0
10008,336,2020-02-21,2020-03-06,7.14748116155495,4.4052709809892425,-1.0,0.02347273403711267,0.008348469528708227,0.0,167,34,0
10032,336,2020-02-22,2020-03-07,7.105108024424957,4.276446932937396,-1.0,0.030535729855471722,0.008802008407366536,0.0,167,30,0
10056,336,2020-02-23,2020-03-08,7.063485319662026,4.24522413006146,-1.0,0.03597546101073627,0.010577140185781864,0.0,167,29,0
10080,336,2020-02-24,2020-03-09,7.11898991062036,4.437885093770368,-1.0,0.03597546101073627,0.0116974336889397,0.0,167,32,0
10104,336,2020-02-25,2020-03-10,7.117556381552757,4.567224186224445,-1.0,0.03840977230419446,0.013498334785022829,0.0,167,40,0
10128,336,2020-02-26,2020-03-11,7.131742886375623,4.448099868356394,-1.0,0.02347273403711267,0.01122679431653685,0.0,167,37,0
10152,336,2020-02-27,2020-03-12,7.104709032880436,4.425290132562952,0.0,0.03760370367201579,0.016416331906247757,0.00019967436859123647,167,38,1
10176,336,2020-02-28,2020-03-13,7.129953712977958,4.2819971377942965,0.0,0.025005318940244374,0.01750449693852834,0.00019967436859123647,167,35,1
10200,336,2020-02-29,2020-03-14,7.132377206673675,4.511021651389908,-1.0,0.03745434939345431,0.016225773424368557,0.0,167,39,0
10224,336,2020-03-01,2020-03-15,7.137800691291519,4.864805758390968,-1.0,0.03745434939345431,0.00905444909665494,0.0,167,44,0
10248,336,2020-03-02,2020-03-16,7.084608962799841,4.749093945066037,0.0,0.07143864123385021,0.00924625126410139,4.6164322993886744e-05,167,41,1
10272,336,2020-03-03,2020-03-17,7.075735983559493,4.362226677465574,0.0,0.05273141424707463,0.017530000130432138,8.523665085873408e-06,167,34,1
10296,336,2020-03-04,2020-03-18,7.063529198775145,4.560881371914285,0.0,0.06011484860581481,0.012885779714105304,8.523665085873408e-06,167,34,1
10320,336,2020-03-05,2020-03-19,7.084353776351586,4.433591642831281,-1.0,0.06011484860581481,0.014142962736827903,0.0,167,31,0
10344,336,2020-03-06,2020-03-20,7.033620333438496,4.659709829621939,-1.0,0.08995845430736658,0.011737698517438321,0.0,167,38,0
10368,336,2020-03-07,2020-03-21,7.100675658821159,4.520371371016482,-1.0,0.07044630472209232,0.02070922619994511,0.0,167,38,0
10392,336,2020-03-08,2020-03-22,7.114885986475817,4.30124243277741,0.48313879857661896,0.07044630472209232,0.022333827512922896,6.576262333395872e-05,167,33,2
10416,336,2020-03-09,2020-03-23,7.077151480955914,4.317363221662912,-1.0,0.07044630472209232,0.023125174776441694,0.0,167,32,0
10440,336,2020-03-10,2020-03-24,7.056631736241898,4.471023061195623,-1.0,0.07349895705442877,0.02585800134724457,0.0,167,33,0
10464,336,2020-03-11,2020-03-25,7.063679682487769,4.4311609259043045,-1.0,0.07349895705442877,0.021969923688984788,0.0,167,35,0
10488,336,2020-03-12,2020-03-26,7.050337194211392,4.4097338914231825,-1.0,0.07547992956674016,0.012846341081744277,0.0,167,36,0
10512,336,2020-03-13,2020-03-27,7.004464084769961,4.555418436881995,-1.0,0.07349895705442877,0.017944464836249736,0.0,167,38,0
10536,336,2020-03-14,2020-03-28,6.978797061517459,4.640258291026007,-1.0,0.09286577215634785,0.00889699595167211,0.0,167,35,0
10560,336,2020-03-15,2020-03-29,7.029683191192215,4.7397416014854095,-1.0,0.08864954409690345,0.008913068700593081,0.0,167,39,0
10584,336,2020-03-16,2020-03-30,7.073622013013168,4.807118616302488,-1.0,0.08864954409690345,0.00847606124399237,0.0,167,39,0
10608,336,2020-03-17,2020-03-31,7.12287110028687,4.560970731887401,-1.0,0.03190971627592455,0.012617755791620479,0.0,167,34,0
10632,336,2020-03-18,2020-04-01,7.043893932760815,4.2543092598424,0.0,0.06233470289472944,0.010831811328016637,9.068488219257552e-07,167,26,1
10656,336,2020-03-19,2020-04-02,6.976525888926749,4.169292917407141,-1.0,0.07648643452313834,0.008682277336813897,0.0,167,24,0
10680,336,2020-03-20,2020-04-03,6.9992056875781845,4.237162036133775,-1.0,0.07648643452313834,0.007489486078169781,0.0,167,31,0
10704,336,2020-03-21,2020-04-04,6.96484047152751,4.440097062525884,-1.0,0.07042492805398666,0.01055831896238934,0.0,167,34,0
10728,336,2020-03-22,2020-04-05,7.057514727539107,4.596288361997008,-1.0,0.036667820607015504,0.007892977602834222,0.0,167,37,0
10752,336,2020-03-23,2020-04-06,6.998598194262977,4.56715497491287,-1.0,0.06503189197956818,0.0072208792340630636,0.0,167,38,0
10776,336,2020-03-24,2020-04-07,7.050309509543193,4.508461597026626,-1.0,0.036862166578191906,0.01162053594934134,0.0,167,37,0
10800,336,2020-03-25,2020-04-08,7.036200272077021,4.7294525172374104,-1.0,0.03865215146318635,0.01046915820058319,0.0,167,40,0
10824,336,2020-03-26,2020-04-09,7.016421124954142,4.795488028429783,-1.0,0.05803694118393636,0.007437252440275278,0.0,167,42,0
10848,336,2020-03-27,2020-04-10,7.026528960989378,4.924172274991687,-1.0,0.04757543959815817,0.006949481650246737,0.0,167,46,0
10872,336,2020-03-28,2020-04-11,7.055404570902637,4.6052047631217965,-1.0,0.04757543959815817,0.006413326024163674,0.0,167,39,0
10896,336,2020-03-29,2020-04-12,7.06524657784859,4.666752220947991,-1.0,0.036648329618126016,0.006385751314403209,0.0,167,40,0
10920,336,2020-03-30,2020-04-13,7.055307207829877,4.5922283657002945,-1.0,0.036648329618126016,0.007538654694065926,0.0,167,38,0
10944,336,2020-03-31,2020-04-14,7.0583886038377655,4.523294097842362,-1.0,0.036648329618126016,0.0059600624382250235,0.0,167,35,0
10968,336,2020-04-01,2020-04-15,7.030231057209434,4.40507101864528,-1.0,0.04755534090740585,0.005839926468342774,0.0,167,34,0
10992,336,2020-04-02,2020-04-16,7.042626569898219,4.470188217417509,-1.0,0.04755534090740585,0.006115268404175584,0.0,167,35,0
11016,336,2020-04-03,2020-04-17,7.0014332678422715,4.689607121298255,-1.0,0.05310926308790284,0.006580230520711025,0.0,167,38,0
11040,336,2020-04-04,2020-04-18,7.056038462630302,4.587953593665956,-1.0,0.05390203497252339,0.004839662001219591,0.0,167,37,0
11064,336,2020-04-05,2020-04-19,7.061016123437943,4.728017251841839,-1.0,0.0338037973428486,0.0059670978734500165,0.0,167,37,0
11088,336,2020-04-06,2020-04-20,7.047628471005473,4.682788854386445,-1.0,0.0362037238650649,0.007135944636878022,0.0,167,37,0
11112,336,2020-04-07,2020-04-21,6.992678412974073,4.612796903158759,-1.0,0.054717747359231836,0.011137856540196956,0.0,167,38,0
11136,336,2020-04-08,2020-04-22,6.93725817133754,4.719773560382581,-1.0,0.054717747359231836,0.01215098212947261,0.0,167,40,0
11160,336,2020-04-09,2020-04-23,6.888959828546273,4.641959642400961,0.0,0.054717747359231836,0.00909189631745136,5.903049769920894e-07,167,35,1
11184,336,2020-04-10,2020-04-24,6.902992979360661,4.530237914450225,-1.0,0.05549369885644328,0.006164663367644853,0.0,167,32,0
11208,336,2020-04-11,2020-04-25,6.939350908974329,4.530476564291425,-1.0,0.051980022889686305,0.006260745277173466,0.0,167,35,0
11232,336,2020-04-12,2020-04-26,6.958554407671889,4.2849549096914545,0.0,0.03604735419429255,0.006983759757987773,6.1948763243304215e-06,167,29,1
11256,336,2020-04-13,2020-04-27,6.916807385025438,4.616621036292379,-1.0,0.057151058642173375,0.0067808770122808225,0.0,167,37,0
11280,336,2020-04-14,2020-04-28,6.9726568423396715,4.61964155485634,-1.0,0.057929597198324946,0.00786788483539307,0.0,167,37,0
11304,336,2020-04-15,2020-04-29,7.000304582674066,4.567549531490245,-1.0,0.054958324114495666,0.007363705683618037,0.0,167,39,0
11328,336,2020-04-16,2020-04-30,7.032560076082364,4.439370233145766,-1.0,0.054958324114495666,0.009503435985961026,0.0,167,44,0
11352,336,2020-04-17,2020-05-01,6.980445609795787,4.255611770862396,-1.0,0.0677473485433109,0.007144697920927876,0.0,167,36,0
11376,336,2020-04-18,2020-05-02,6.924057768123397,4.053009184958466,-1.0,0.0677473485433109,0.009851130047569557,0.0,167,35,0
11400,336,2020-04-19,2020-05-03,6.9126372158395135,4.123385226930682,0.0,0.0677473485433109,0.01144395819697702,5.286973700586344e-07,167,34,1
11424,336,2020-04-20,2020-05-04,6.940171742429327,4.329288874114269,-1.0,0.0677473485433109,0.009526207685469745,0.0,167,33,0
11448,336,2020-04-21,2020-05-05,6.967211944345022,4.655974255825445,-1.0,0.0677473485433109,0.006322469861687885,0.0,167,39,0
11472,336,2020-04-22,2020-05-06,6.979221336502339,4.350472019440015,-1.0,0.0677473485433109,0.006713329567787325,0.0,167,37,0
11496,336,2020-04-23,2020-05-07,7.006719784683881,4.529108590072774,-1.0,0.0677473485433109,0.00573070891502978,0.0,167,34,0
11520,336,2020-04-24,2020-05-08,6.985902028185236,4.655846483253637,-1.0,0.03963177379459452,0.005849486701566736,0.0,167,35,0
11544,336,2020-04-25,2020-05-09,6.908873428622731,4.707262657426821,-1.0,0.04745455768395565,0.007132266359283279,0.0,167,38,0
11568,336,2020-04-26,2020-05-10,6.902599685102862,4.614564924303129,-1.0,0.04745455768395565,0.007452116289535773,0.0,167,36,0
11592,336,2020-04-27,2020-05-11,6.86100583010147,4.550945988344706,-1.0,0.05157833227421045,0.0070490522064159495,0.0,167,36,0
11616,336,2020-04-28,2020-05-12,6.894200446789266,4.556121019389415,-1.0,0.04223634364465236,0.0076867499794362,0.0,167,37,0
11640,336,2020-04-29,2020-05-13,6.91094163193159,4.819625668842075,-1.0,0.04223634364465236,0.008940277080721913,0.0,167,42,0
11664,336,2020-04-30,2020-05-14,6.931222820861853,5.048941361308031,-1.0,0.04223634364465236,0.006994126608336494,0.0,167,47,0
11688,336,2020-05-01,2020-05-15,6.851786866758523,4.7961432065593455,-1.0,0.07051920001090928,0.0069498523171963875,0.0,167,41,0
11712,336,2020-05-02,2020-05-16,6.8815698375720045,4.752890209556787,0.0,0.07051920001090928,0.005834643972305553,2.872370677218652e-05,167,39,1
11736,336,2020-05-03,2020-05-17,6.904690386593887,4.79137588527392,-1.0,0.06766014481938372,0.006179735380049086,0.0,167,41,0
11760,336,2020-05-04,2020-05-18,6.980065351718982,4.62611026699502,-1.0,0.03402995351705127,0.006908648013520644,0.0,167,41,0
11784,336,2020-05-05,2020-05-19,6.961182231935506,4.647611766161921,-1.0,0.04579134067497717,0.006325047969536469,0.0,167,39,0
11808,336,2020-05-06,2020-05-20,7.009592220300211,4.590410679094125,-1.0,0.04579134067497717,0.006206320257764273,0.0,167,34,0
11832,336,2020-05-07,2020-05-21,6.972898108644783,4.811169895279758,-1.0,0.04579134067497717,0.007593684654204635,0.0,167,42,0
11856,336,2020-05-08,2020-05-22,6.914559679892532,4.879073316200196,-1.0,0.06154976015357342,0.004765980960208053,0.0,167,43,0
11880,336,2020-05-09,2020-05-23,6.872696714754498,4.465711385693371,-1.0,0.06154976015357342,0.006540908381044652,0.0,167,35,0
11904,336,2020-05-10,2020-05-24,6.870506077372898,4.677389524495736,-1.0,0.06154976015357342,0.006738285229231269,0.0,167,41,0
11928,336,2020-05-11,2020-05-25,6.8588348027428605,4.409218723102203,-1.0,0.08167456126888994,0.007214832222441551,0.0,167,36,0
11952,336,2020-05-12,2020-05-26,6.800860403534016,4.375809440829973,-1.0,0.05538355610528684,0.005824078329531065,0.0,167,33,0
11976,336,2020-05-13,2020-05-27,6.846694829513523,4.482753943769814,0.0,0.05538355610528684,0.00574952079854848,9.126386273956655e-05,167,35,1
12000,336,2020-05-14,2020-05-28,6.825785741046598,4.46326723178022,-1.0,0.05538355610528684,0.004060031461489104,0.0,167,34,0
12024,336,2020-05-15,2020-05-29,6.744513265525846,4.4687551783993875,0.0,0.05843460757560722,0.0039457674438880454,3.189695627128313e-05,167,33,1
12048,336,2020-05-16,2020-05-30,6.77740780649368,4.70119316532684,-1.0,0.05843460757560722,0.003452604839516182,0.0,167,37,0
12072,336,2020-05-17,2020-05-31,6.754980997099684,4.727254224638971,-1.0,0.05843460757560722,0.004274220001886139,0.0,167,40,0
12096,336,2020-05-18,2020-06-01,6.888356558480416,4.439732890096388,-1.0,0.0616195568544543,0.005624216157243156,0.0,167,34,0
12120,336,2020-05-19,2020-06-02,6.990789478439726,4.264581724786598,-1.0,0.037191502991861254,0.0059856629208396035,0.0,167,30,0
12144,336,2020-05-20,2020-06-03,6.999649137252398,4.490975078012627,-1.0,0.02581671698904084,0.004235991013649843,0.0,167,34,0
12168,336,2020-05-21,2020-06-04,6.984596857112297,4.469259085650485,-1.0,0.02581671698904084,0.004792692896351806,0.0,167,32,0
12192,336,2020-05-22,2020-06-05,6.970598195655132,4.238883043123336,-1.0,0.02581671698904084,0.008294605056525366,0.0,167,31,0
12216,336,2020-05-23,2020-06-06,6.975036347926477,4.005930486255179,-1.0,0.02788121364800054,0.0066724523022268015,0.0,167,29,0
12240,336,2020-05-24,2020-06-07,6.959758869073325,3.9941642878155132,0.0,0.02788121364800054,0.007652191086341622,1.8535805794644386e-05,167,30,1
12264,336,2020-05-25,2020-06-08,6.959484679633378,3.9864194954653462,0.0,0.034698848517238305,0.006876506533741701,1.8535805794644386e-05,167,26,1
12288,336,2020-05-26,2020-06-09,7.044998901813182,3.9603617255795633,0.0,0.01702410247293341,0.008289347863157449,7.712777266866909e-06,167,27,1
12312,336,2020-05-27,2020-06-10,6.997239953325151,4.12707207759454,-1.0,0.018257463670483913,0.008330346340751554,0.0,167,29,0
12336,336,2020-05-28,2020-06-11,7.005200679720954,4.29665386158627,-1.0,0.018257463670483913,0.004185207557662745,0.0,167,34,0
12360,336,2020-05-29,2020-06-12,6.771308064916789,4.512254767673141,-1.0,0.08031423771880035,0.0035642778164476172,0.0,167,33,0
12384,336,2020-05-30,2020-06-13,6.819549435386997,4.4782403461396525,-1.0,0.08031423771880035,0.009966432813295574,0.0,167,37,0
12408,336,2020-05-31,2020-06-14,6.78517092957972,4.103715493884966,-1.0,0.08031423771880035,0.009999223893477377,0.0,167,38,0
12432,336,2020-06-01,2020-06-15,6.734947636136676,4.227775322017521,-1.0,0.08031423771880035,0.005135708370134834,0.0,167,37,0
12456,336,2020-06-02,2020-06-16,6.7331232918042225,4.389880146705616,-1.0,0.08031423771880035,0.005457775443237209,0.0,167,39,0
12480,336,2020-06-03,2020-06-17,6.671909193157151,4.457917934322929,0.0,0.09806110015223424,0.002087099438186615,2.3892210198701396e-06,167,30,1
12504,336,2020-06-04,2020-06-18,6.669147618943479,4.5653449119466805,0.0,0.09806110015223424,0.002332654674849164,2.3892210198701396e-06,167,31,1
12528,336,2020-06-05,2020-06-19,6.767206139356541,4.643509158672657,-1.0,0.060587634382235536,0.002896122158959596,0.0,167,32,0
12552,336,2020-06-06,2020-06-20,6.74470002109259,4.573802826876586,-1.0,0.060587634382235536,0.0029947704109878543,0.0,167,36,0
12576,336,2020-06-07,2020-06-21,6.705062228933436,4.453401369533672,-1.0,0.060587634382235536,0.00262806595839278,0.0,167,34,0
12600,336,2020-06-08,2020-06-22,6.68735600669676,4.5094991820922194,0.9241944910593994,0.060587634382235536,0.002711063466209165,3.0236574643251952e-06,167,33,2
12624,336,2020-06-09,2020-06-23,6.701458372520248,4.602744871901431,0.9241944910593994,0.04979189537834241,0.0026323732361877746,3.0236574643251952e-06,167,34,2
12648,336,2020-06-10,2020-06-24,6.761515268614316,4.789752301239961,0.0,0.04979189537834241,0.00238321370615962,1.0446120756539865e-06,167,39,1
12672,336,2020-06-11,2020-06-25,6.80133402808553,4.7525442933846,-1.0,0.04979189537834241,0.0024802827210365403,0.0,167,36,0
12696,336,2020-06-12,2020-06-26,6.916164164470841,4.923524189350973,0.0,0.032482552394918644,0.0025598838810762803,3.4729031270425285e-06,167,42,1
12720,336,2020-06-13,2020-06-27,6.875573860429094,4.855725474166745,-1.0,0.032482552394918644,0.002226688073292424,0.0,167,44,0
12744,336,2020-06-14,2020-06-28,6.867315911737406,4.774790145387042,-1.0,0.032482552394918644,0.002609300627122515,0.0,167,43,0
12768,336,2020-06-15,2020-06-29,6.9291212526031725,4.518698749011241,-1.0,0.032222334412273075,0.004278430647994949,0.0,167,42,0
12792,336,2020-06-16,2020-06-30,6.9423547047734,4.671332024650799,-1.0,0.018146530229231524,0.00219494821431522,0.0,167,42,0
12816,336,2020-06-17,2020-07-01,6.933282376161198,4.373892987292136,-1.0,0.018146530229231524,0.0027912917763736095,0.0,167,33,0
12840,336,2020-06-18,2020-07-02,6.851096440981215,4.448551509442757,0.0,0.04968038884120874,0.0031883464633063008,2.4247315388020703e-05,167,34,1
12864,336,2020-06-19,2020-07-03,6.847981758006929,4.1753526416180655,0.0,0.03910898155645807,0.0044534543565153285,2.4247315388020703e-05,167,29,1
12888,336,2020-06-20,2020-07-04,6.843827753901939,4.4097662463233025,-1.0,0.03910898155645807,0.004272782226658713,0.0,167,32,0
12912,336,2020-06-21,2020-07-05,6.909430496333537,4.2370038973657875,-1.0,0.03307384807837436,0.005051889838544611,0.0,167,31,0
12936,336,2020-06-22,2020-07-06,6.883488580843165,4.652528682510543,-1.0,0.03112121983821849,0.0023298857873069734,0.0,167,36,0
12960,336,2020-06-23,2020-07-07,6.867243427881732,4.657513882746488,-1.0,0.03112121983821849,0.0038987025035984242,0.0,167,37,0
12984,336,2020-06-24,2020-07-08,6.877357466622094,4.794999741057517,0.0,0.03112121983821849,0.002905278301295755,3.8556177559764993e-07,167,40,1
13008,336,2020-06-25,2020-07-09,6.910749246198429,4.768274950270724,-1.0,0.03112121983821849,0.003611555456395245,0.0,167,41,0
13032,336,2020-06-26,2020-07-10,6.884875744015724,4.609488508910129,0.0,0.03112121983821849,0.002912169774373268,3.757463705601384e-05,167,37,1
13056,336,2020-06-27,2020-07-11,6.886967708347991,4.499101458905674,0.0,0.03112121983821849,0.003662791040790799,3.757463705601384e-05,167,36,1
13080,336,2020-06-28,2020-07-12,6.9238596492193025,4.613259431291776,0.0,0.03727546686355961,0.004012521905304476,3.757463705601384e-05,167,37,1
13104,336,2020-06-29,2020-07-13,6.8575747245453496,4.699311202492333,-1.0,0.036762022715346905,0.00263284216888372,0.0,167,36,0
13128,336,2020-06-30,2020-07-14,6.831116857810227,4.772155107041731,-1.0,0.036762022715346905,0.002714604488997328,0.0,167,37,0
13152,336,2020-07-01,2020-07-15,6.828296034603883,4.582121629506722,-1.0,0.036762022715346905,0.00330923110052169,0.0,167,38,0
13176,336,2020-07-02,2020-07-16,6.899092123765658,4.391991076154342,-1.0,0.019011109718193236,0.0037177149708680114,0.0,167,37,0
13200,336,2020-07-03,2020-07-17,6.935527193959988,4.244132963231413,0.0,0.019011109718193236,0.003265122902622392,1.3093464001711437e-06,167,34,1
13224,336,2020-07-04,2020-07-18,6.885738837063889,4.314090656906424,0.0,0.020488407177537228,0.0021761892057301454,4.752773646249501e-06,167,34,1
13248,336,2020-07-05,2020-07-19,6.8443143614163455,4.593629597509651,0.2135472173976642,0.03487818386798573,0.0029713631960956903,2.0777751900511364e-05,167,36,2
13272,336,2020-07-06,2020-07-20,6.900727941012368,4.556233500620259,0.0,0.03487818386798573,0.0027344959919863654,2.088743875959338e-05,167,39,1
13296,336,2020-07-07,2020-07-21,6.8234028523953185,4.618812412658427,1.014437470936324,0.03487818386798573,0.0030338110436685336,2.3642454142413496e-05,167,42,3
13320,336,2020-07-08,2020-07-22,6.780169147866704,4.59088053539027,0.0,0.03487818386798573,0.002530464365319553,2.986549039602319e-08,167,40,1
13344,336,2020-07-09,2020-07-23,6.832775843020522,4.509234721629635,-1.0,0.019427011739488183,0.001964652933093328,0.0,167,35,0
13368,336,2020-07-10,2020-07-24,6.682417374488179,4.468544460221362,-1.0,0.06869520582567248,0.0025687302199230316,0.0,167,37,0
13392,336,2020-07-11,2020-07-25,6.752121513415891,4.345446374919826,-1.0,0.046286140266115244,0.003886274879179266,0.0,167,35,0
13416,336,2020-07-12,2020-07-26,6.797092862649633,4.573772981495201,-1.0,0.02944032867776909,0.00160594937052957,0.0,167,36,0
13440,336,2020-07-13,2020-07-27,6.9320342040262615,4.562936008190983,-1.0,0.01617943793855784,0.0017572063943282203,0.0,167,38,0
13464,336,2020-07-14,2020-07-28,6.92770636521245,4.125347311159805,-1.0,0.018336064815963275,0.0020648523884174794,0.0,167,28,0
13488,336,2020-07-15,2020-07-29,6.9537528209080035,4.118181813822541,-1.0,0.01713433554914864,0.0028004488688873233,0.0,167,27,0
13512,336,2020-07-16,2020-07-30,6.934016251634737,4.289296302591183,-1.0,0.01713433554914864,0.0034954033843502597,0.0,167,27,0
13536,336,2020-07-17,2020-07-31,6.83820341710676,4.398847511234804,-1.0,0.06964997339199855,0.002700138845264027,0.0,167,31,0
13560,336,2020-07-18,2020-08-01,6.8057395366422595,4.323999337424689,-1.0,0.06964997339199855,0.004175036465167505,0.0,167,31,0
13584,336,2020-07-19,2020-08-02,6.784997741253957,4.493199808520763,0.913728702773686,0.06177098409646093,0.0054161127947956345,2.331055734351117e-05,167,35,2
13608,336,2020-07-20,2020-08-03,6.922097864431171,4.6178557993305365,-1.0,0.05058604195401551,0.005426187818841123,0.0,167,37,0
13632,336,2020-07-21,2020-08-04,6.931443500990375,4.159607248484169,0.0,0.055983273808106776,0.013766719894252134,0.00012002223901776153,167,37,1
13656,336,2020-07-22,2020-08-05,6.96602208124083,4.219323640521685,-1.0,0.054613432156071694,0.01735669777332751,0.0,167,35,0
13680,336,2020-07-23,2020-08-06,6.983069313897965,4.8258191564871415,-1.0,0.047303417685045805,0.007519432973165722,0.0,167,40,0
13704,336,2020-07-24,2020-08-07,6.954316742811537,4.772889963012119,-1.0,0.047303417685045805,0.008560060625911182,0.0,167,42,0
13728,336,2020-07-25,2020-08-08,6.9700227411598625,4.695446601777955,0.0,0.047303417685045805,0.009609049803597643,7.928303121379536e-05,167,37,1
13752,336,2020-07-26,2020-08-09,7.002606236769855,4.576385786864994,0.0,0.047303417685045805,0.008754467339198055,6.641761874776759e-05,167,40,1
13776,336,2020-07-27,2020-08-10,7.0097299163706,4.235286282431403,-1.0,0.04567169726652807,0.010137796252771227,0.0,167,33,0
13800,336,2020-07-28,2020-08-11,6.962714695962283,4.503048915251171,-1.0,0.06320513108744354,0.008276394388260517,0.0,167,35,0
13824,336,2020-07-29,2020-08-12,6.9528474539246945,4.678215710793441,-1.0,0.0704175261509516,0.006528560059194721,0.0,167,40,0
13848,336,2020-07-30,2020-08-13,7.010962658822992,4.786824080448394,0.0,0.06320513108744354,0.009986062616410742,8.249762850067113e-07,167,42,1
13872,336,2020-07-31,2020-08-14,7.021058594522119,4.5824257134236825,-1.0,0.06320513108744354,0.011389940296480012,0.0,167,37,0
13896,336,2020-08-01,2020-08-15,7.013009143366543,4.79409799089459,-1.0,0.06320513108744354,0.011647384419278243,0.0,167,44,0
13920,336,2020-08-02,2020-08-16,6.958882096929143,4.534742518869667,-1.0,0.07201916755264395,0.007204909923835782,0.0,167,36,0
13944,336,2020-08-03,2020-08-17,6.986732437637364,4.642138396356405,-1.0,0.043885429303286004,0.0032837545053745797,0.0,167,36,0
13968,336,2020-08-04,2020-08-18,6.9304598495822605,4.26155983768046,0.0,0.043885429303286004,0.008271495698455561,0.00016041471049384654,167,31,1
13992,336,2020-08-05,2020-08-19,6.931603412618389,4.4175354420822055,-1.0,0.07548113431790283,0.0062143121605865315,0.0,167,34,0
14016,336,2020-08-06,2020-08-20,6.931339250095984,4.476997353082392,-1.0,0.053148151589851055,0.0058202290325975485,0.0,167,33,0
14040,336,2020-08-07,2020-08-21,6.943595539919619,4.543255146559431,-1.0,0.053148151589851055,0.005978793342627778,0.0,167,34,0
14064,336,2020-08-08,2020-08-22,6.9794631516835155,4.70292642157232,-1.0,0.053148151589851055,0.005585613667378885,0.0,167,35,0
14088,336,2020-08-09,2020-08-23,7.029349327519738,4.881996892712086,-1.0,0.053148151589851055,0.00604260084036563,0.0,167,45,0
14112,336,2020-08-10,2020-08-24,7.022018200222501,4.8013195753327516,-1.0,0.0565495305953222,0.006112490613593208,0.0,167,40,0
14136,336,2020-08-11,2020-08-25,7.027429397299729,4.796434475389203,-1.0,0.0565495305953222,0.005842010194339398,0.0,167,40,0
14160,336,2020-08-12,2020-08-26,7.093788665718665,4.5546121767705765,-1.0,0.022761440135914718,0.008338502053305804,0.0,167,38,0
14184,336,2020-08-13,2020-08-27,7.047296210358809,4.6862703160747134,0.999415024827336,0.04274975533953837,0.0033604323300804083,0.0,167,37,2
14208,336,2020-08-14,2020-08-28,7.075602933729988,4.920979119918935,0.8561956226936337,0.04274975533953837,0.005376202123788917,4.955575617479525e-06,167,49,2
14232,336,2020-08-15,2020-08-29,7.071075181245375,4.9886523235874725,0.0,0.04274975533953837,0.004644576706779091,1.3098485831959607e-05,167,46,1
14256,336,2020-08-16,2020-08-30,7.077385576844773,4.774391858728275,0.0,0.04274975533953837,0.006284064378994883,2.6876921690402905e-05,167,40,1
14280,336,2020-08-17,2020-08-31,7.081320237892559,4.454422952369921,-1.0,0.04274975533953837,0.0065190555162125486,0.0,167,34,0
14304,336,2020-08-18,2020-09-01,7.0356809358377275,4.5810389767486255,0.0,0.06258278331152514,0.006352909615572015,0.00014007516973363638,167,38,1
14328,336,2020-08-19,2020-09-02,7.044133826544285,4.42938732089217,-1.0,0.0423820854509164,0.007318824975938295,0.0,167,35,0
14352,336,2020-08-20,2020-09-03,7.061582657012784,4.55655596644174,-1.0,0.030507188030854178,0.006600077547857427,0.0,167,37,0
14376,336,2020-08-21,2020-09-04,6.986658053092939,4.856340717217661,-1.0,0.03626211203713023,0.006977016191619401,0.0,167,41,0
14400,336,2020-08-22,2020-09-05,6.979200846795496,4.872844149907924,-1.0,0.03050911901423641,0.006680814919861632,0.0,167,41,0
14424,336,2020-08-23,2020-09-06,7.010241372607386,4.747480834272016,-1.0,0.03961300244476752,0.007211751732676195,0.0,167,38,0
14448,336,2020-08-24,2020-09-07,7.070603897698576,4.749635882085673,-1.0,0.026519765270039155,0.007179988659036921,0.0,167,38,0
14472,336,2020-08-25,2020-09-08,7.091274592540462,4.8092227717782565,-1.0,0.026519765270039155,0.008129045282426637,0.0,167,37,0
14496,336,2020-08-26,2020-09-09,7.112719427925815,4.437565374495154,-1.0,0.023870394158017588,0.009984605381412305,0.0,167,28,0
14520,336,2020-08-27,2020-09-10,7.123490349434783,4.636874675825578,-1.0,0.023870394158017588,0.007279896463503648,0.0,167,32,0
14544,336,2020-08-28,2020-09-11,7.043887863565181,4.672521981638797,-1.0,0.048583355166304666,0.009226396085611191,0.0,167,36,0
14568,336,2020-08-29,2020-09-12,7.068134931336998,4.902660656511952,-1.0,0.04219222074908596,0.00746592415903232,0.0,167,42,0
14592,336,2020-08-30,2020-09-13,7.039180284121106,4.692524727070157,0.0,0.04638265947865883,0.009888499164337913,1.4976121003451545e-05,167,34,1
14616,336,2020-08-31,2020-09-14,7.05391465731221,4.771402830160366,0.0,0.047802706784169396,0.007115695248024584,1.4976121003451545e-05,167,37,1
14640,336,2020-09-01,2020-09-15,7.03149641923752,4.541531726122766,-1.0,0.061319207054618616,0.008732120032871608,0.0,167,33,0
14664,336,2020-09-02,2020-09-16,7.035828936190145,4.619222058834079,-1.0,0.06092532857168221,0.011490806579815962,0.0,167,34,0
14688,336,2020-09-03,2020-09-17,7.01340012709328,4.814313354145748,-1.0,0.06092532857168221,0.01312349752839196,0.0,167,42,0
14712,336,2020-09-04,2020-09-18,7.0452621322876094,4.681312107161757,-1.0,0.03967556515870417,0.0077528586783253165,0.0,167,35,0
14736,336,2020-09-05,2020-09-19,7.0296489773179776,4.532525724430229,0.46698773026540086,0.03967556515870417,0.006685933662353788,0.00011637541886464536,167,36,3
14760,336,2020-09-06,2020-09-20,7.0131892082489875,4.470204225982057,0.0,0.03967556515870417,0.007333460502177515,1.7788502888845172e-06,167,36,1
14784,336,2020-09-07,2020-09-21,6.968415339371542,4.547544981918694,-1.0,0.057310991513991404,0.00664275736788955,0.0,167,40,0
14808,336,2020-09-08,2020-09-22,7.035301247918317,4.579811559939264,-1.0,0.030592647827729674,0.005545488496758672,0.0,167,39,0
14832,336,2020-09-09,2020-09-23,6.925011842879407,4.611222369908711,-1.0,0.0724727039045926,0.0065644324232860575,0.0,167,39,0
14856,336,2020-09-10,2020-09-24,6.881248667418905,4.456999277730706,-1.0,0.0724727039045926,0.006692906416851408,0.0,167,39,0
14880,336,2020-09-11,2020-09-25,6.9032750750119884,4.571425943572445,-1.0,0.054981264428745576,0.012252482120206172,0.0,167,44,0
14904,336,2020-09-12,2020-09-26,6.900201125148285,4.737236872097182,-1.0,0.054981264428745576,0.005592667204245749,0.0,167,42,0
14928,336,2020-09-13,2020-09-27,6.870316694791591,4.634342448326776,-1.0,0.054981264428745576,0.009603804298710439,0.0,167,41,0
14952,336,2020-09-14,2020-09-28,6.892550983855773,4.853909355169052,0.0,0.054981264428745576,0.006206233320733886,0.0003613299494066948,167,43,1
14976,336,2020-09-15,2020-09-29,6.989449946844449,4.393808591535301,-1.0,0.037096244879080864,0.00787438146010651,0.0,167,33,0
15000,336,2020-09-16,2020-09-30,6.992476046233374,4.537369927626353,-1.0,0.028725470802878048,0.00428854341377028,0.0,167,33,0
15024,336,2020-09-17,2020-10-01,6.963553494912053,4.633207274328972,-1.0,0.029807849777101242,0.005077055119794944,0.0,167,36,0
15048,336,2020-09-18,2020-10-02,6.946532707841386,4.258975007049801,-1.0,0.047049600655774695,0.006390635607921217,0.0,167,30,0
15072,336,2020-09-19,2020-10-03,6.865685927870602,4.337110850714156,-1.0,0.047049600655774695,0.004419261792457513,0.0,167,31,0
15096,336,2020-09-20,2020-10-04,6.846824125533494,4.158949525952218,-1.0,0.047049600655774695,0.004956274245364851,0.0,167,31,0
15120,336,2020-09-21,2020-10-05,6.8278057234460565,4.554917039709254,-1.0,0.061166526924526586,0.004828071714356752,0.0,167,32,0
15144,336,2020-09-22,2020-10-06,6.836644244319939,4.496989236987878,-1.0,0.05928941652046454,0.004255645840106536,0.0,167,31,0
15168,336,2020-09-23,2020-10-07,6.824758452972652,4.699447860509298,-1.0,0.05928941652046454,0.00473071063866356,0.0,167,41,0
15192,336,2020-09-24,2020-10-08,6.828233593792887,4.614611656617046,-1.0,0.05928941652046454,0.004221804549271545,0.0,167,35,0
15216,336,2020-09-25,2020-10-09,6.789540933552256,4.668597437105862,-1.0,0.05928941652046454,0.00326617029083549,0.0,167,35,0
15240,336,2020-09-26,2020-10-10,7.009066305856163,4.603178971995876,0.0,0.027690325091360348,0.0034771959264907676,8.12378374635498e-08,167,34,1
15264,336,2020-09-27,2020-10-11,6.989843863959255,4.862300008593591,-1.0,0.028353046373696338,0.0031838725979737316,0.0,167,43,0
15288,336,2020-09-28,2020-10-12,6.938222431370169,4.775162195531412,-1.0,0.028353046373696338,0.0031258099115421966,0.0,167,42,0
15312,336,2020-09-29,2020-10-13,6.953302354860101,4.654977242317022,-1.0,0.028210107132716353,0.0025387441531946383,0.0,167,38,0
15336,336,2020-09-30,2020-10-14,6.947723037528906,4.538996970106506,-1.0,0.03651924456875599,0.0024533513943663502,0.0,167,32,0
15360,336,2020-10-01,2020-10-15,6.968508745756339,4.561976339038587,-1.0,0.03651924456875599,0.0031013819027372828,0.0,167,36,0
15384,336,2020-10-02,2020-10-16,6.984746486743315,4.479504274834216,0.0,0.03651924456875599,0.003351409340987127,3.152521759329375e-05,167,36,1
15408,336,2020-10-03,2020-10-17,7.0129436548836885,4.721485763718818,-1.0,0.036054549368834135,0.0027460188499873173,0.0,167,36,0
15432,336,2020-10-04,2020-10-18,7.04824557304364,4.6730988833064675,-1.0,0.01755135093402877,0.003595729241827745,0.0,167,41,0
15456,336,2020-10-05,2020-10-19,7.019682635523278,4.791380627523664,0.0,0.01755135093402877,0.0036713454214744577,9.274542339405782e-06,167,45,1
15480,336,2020-10-06,2020-10-20,6.91965786186901,4.801565222782434,-1.0,0.024995096489092414,0.003564392982671851,0.0,167,42,0
15504,336,2020-10-07,2020-10-21,6.972842624461581,4.534360652378489,-1.0,0.026292961690889745,0.0029000234136761886,0.0,167,34,0
15528,336,2020-10-08,2020-10-22,6.941620362727456,4.4512754342128975,0.0,0.029704098937490982,0.003929053449637894,4.876969040034773e-05,167,37,1
15552,336,2020-10-09,2020-10-23,6.8444547301232745,4.378525117133955,-1.0,0.038252258150470224,0.0040710911609978025,0.0,167,38,0
15576,336,2020-10-10,2020-10-24,6.824990556257972,4.571300427532059,-1.0,0.038252258150470224,0.004171807847773357,0.0,167,38,0
15600,336,2020-10-11,2020-10-25,6.79376802021787,4.605264689021569,-1.0,0.038252258150470224,0.004249909710586157,0.0,167,35,0
15624,336,2020-10-12,2020-10-26,6.800433939564369,4.366741094263754,-1.0,0.038252258150470224,0.004374691726803983,0.0,167,30,0
15648,336,2020-10-13,2020-10-27,6.832907537996067,4.365086731602814,-1.0,0.038252258150470224,0.0032558100594903047,0.0,167,33,0
15672,336,2020-10-14,2020-10-28,6.76942493347874,4.528217560094978,-1.0,0.04165864008768315,0.002377729553213447,0.0,167,34,0
15696,336,2020-10-15,2020-10-29,6.811933074237136,4.467368052705364,-1.0,0.0365696354594717,0.003590578617017213,0.0,167,32,0
15720,336,2020-10-16,2020-10-30,6.750783445627053,4.1258076972707025,0.0,0.048841030734309676,0.00552144342108978,1.1350368753378684e-05,167,29,1
15744,336,2020-10-17,2020-10-31,6.713783342611625,4.418383741461222,0.0,0.048841030734309676,0.0035391129282286767,4.2506309756575745e-05,167,32,1
15768,336,2020-10-18,2020-11-01,6.729205260602631,4.3718031011056615,0.0,0.048841030734309676,0.0032562332379834267,4.2506309756575745e-05,167,31,1
15792,336,2020-10-19,2020-11-02,6.773922343035062,4.320769000987314,-1.0,0.03938233090216798,0.0038011388250025133,0.0,167,30,0
15816,336,2020-10-20,2020-11-03,6.810244237908311,4.570407077708981,-1.0,0.03938233090216798,0.0035561367987558936,0.0,167,36,0
15840,336,2020-10-21,2020-11-04,6.828840288809114,4.718533654580548,-1.0,0.03938233090216798,0.003601190569724379,0.0,167,38,0
15864,336,2020-10-22,2020-11-05,6.785919258333358,5.00663385364452,-1.0,0.0364329399797876,0.003343851000885427,0.0,167,43,0
15888,336,2020-10-23,2020-11-06,6.82062971776892,4.727406739851407,-1.0,0.05132602222039134,0.006388809798591096,0.0,167,42,0
15912,336,2020-10-24,2020-11-07,6.860241652810856,4.732564956480786,-1.0,0.05132602222039134,0.004975677007492134,0.0,167,40,0
15936,336,2020-10-25,2020-11-08,6.915425782666398,4.712344656771403,0.0,0.05132602222039134,0.0042601575135769515,2.6950941681330465e-05,167,43,1
15960,336,2020-10-26,2020-11-09,6.920189268192173,4.538613728976731,0.0,0.05132602222039134,0.004572046850797066,7.861126403478057e-05,167,42,1
15984,336,2020-10-27,2020-11-10,6.908173313772461,4.414453601636545,-1.0,0.049670017205731484,0.007521603317185472,0.0,167,35,0
16008,336,2020-10-28,2020-11-11,6.937269399204634,4.648058650213959,-1.0,0.049670017205731484,0.008249541859176295,0.0,167,43,0
16032,336,2020-10-29,2020-11-12,6.974644420536781,4.670052772356797,0.0,0.03726404673010156,0.0046998663752128725,7.796932531409949e-06,167,39,1
16056,336,2020-10-30,2020-11-13,6.927288246460103,4.608190638992616,-1.0,0.07030157269196642,0.004590452735833195,0.0,167,36,0
16080,336,2020-10-31,2020-11-14,6.918779744471956,4.703047078188191,-1.0,0.0736984480093524,0.00582385510399133,0.0,167,42,0
16104,336,2020-11-01,2020-11-15,6.9358011233950405,4.848319061094003,0.0,0.0736984480093524,0.008318326956106209,0.00010300897685945067,167,51,1
16128,336,2020-11-02,2020-11-16,6.909638600283344,4.799180174145137,-1.0,0.0736984480093524,0.006520041361458002,0.0,167,45,0
16152,336,2020-11-03,2020-11-17,6.926808822456304,4.703589246288928,-1.0,0.0736984480093524,0.005070460865836798,0.0,167,43,0
16176,336,2020-11-04,2020-11-18,6.970439885962916,4.777125060106456,-1.0,0.0736984480093524,0.005889765993614059,0.0,167,41,0
16200,336,2020-11-05,2020-11-19,6.928748194892278,4.640982007279578,-1.0,0.0736984480093524,0.006531011884545858,0.0,167,37,0
16224,336,2020-11-06,2020-11-20,6.961550597623924,4.544396173825895,-1.0,0.07225841004978217,0.006345506466457588,0.0,167,37,0
16248,336,2020-11-07,2020-11-21,6.943453915588361,4.5795666908124435,-1.0,0.04015962308450985,0.004967998312880488,0.0,167,36,0
16272,336,2020-11-08,2020-11-22,6.867296377597493,4.482322527171197,-1.0,0.04015962308450985,0.005111489891335391,0.0,167,34,0
16296,336,2020-11-09,2020-11-23,6.934191297146871,4.478885581034917,-1.0,0.04229475362206074,0.0038886442166977137,0.0,167,37,0
16320,336,2020-11-10,2020-11-24,6.963015987705699,4.798144093142495,-1.0,0.04229475362206074,0.004411980419519317,0.0,167,43,0
16344,336,2020-11-11,2020-11-25,7.009811505638743,4.5470195725598845,-1.0,0.03579204443795277,0.008430878095395777,0.0,167,39,0
16368,336,2020-11-12,2020-11-26,6.968872780805121,4.644066699645121,-1.0,0.06684715329770807,0.005000616722569507,0.0,167,37,0
16392,336,2020-11-13,2020-11-27,7.01613886975075,4.631890178277468,-1.0,0.07809868341574194,0.00786751450924462,0.0,167,37,0
16416,336,2020-11-14,2020-11-28,6.949019000506268,4.546367343805743,-1.0,0.08811895748891022,0.00591714579734567,0.0,167,36,0
16440,336,2020-11-15,2020-11-29,6.963229057729695,4.5063394349608235,-1.0,0.08811895748891022,0.006073035627972913,0.0,167,32,0
16464,336,2020-11-16,2020-11-30,7.018565641450825,4.439338249815187,-1.0,0.06065319144778923,0.009047097602526739,0.0,167,34,0
16488,336,2020-11-17,2020-12-01,7.026669775318713,4.384528542669201,-1.0,0.0580095698854062,0.008124113331500125,0.0,167,30,0
16512,336,2020-11-18,2020-12-02,7.076912989144522,4.62953169299034,-1.0,0.0320824731112165,0.008340042696626637,0.0,167,35,0
16536,336,2020-11-19,2020-12-03,7.082028595995367,4.592872359459927,-1.0,0.0320824731112165,0.007934485391499905,0.0,167,36,0
16560,336,2020-11-20,2020-12-04,7.074870428046379,4.727506063169348,-1.0,0.04109347882194625,0.009175595083535262,0.0,167,36,0
16584,336,2020-11-21,2020-12-05,7.091178282135319,4.687636572686366,-1.0,0.04401997647913573,0.012426427232559878,0.0,167,39,0
16608,336,2020-11-22,2020-12-06,7.048835730527553,4.57359005484676,-1.0,0.04401997647913573,0.016230611389240677,0.0,167,38,0
16632,336,2020-11-23,2020-12-07,7.0314289186967835,4.741791217771536,0.0,0.04401997647913573,0.01578839699279768,0.000826067948191112,167,42,1
16656,336,2020-11-24,2020-12-08,6.986751095145193,4.700108812701525,-1.0,0.04401997647913573,0.01563474834845899,0.0,167,43,0
16680,336,2020-11-25,2020-12-09,7.01886701976015,4.732788487277056,-1.0,0.03470826478583233,0.007932870980761246,0.0,167,41,0
16704,336,2020-11-26,2020-12-10,7.038793835966031,4.905499389767392,-1.0,0.03470826478583233,0.008696623461515078,0.0,167,44,0
16728,336,2020-11-27,2020-12-11,7.040748770307504,4.721388825276704,-1.0,0.027168389561840527,0.007743666032729999,0.0,167,39,0
16752,336,2020-11-28,2020-12-12,7.005390817874067,4.579756862618281,-1.0,0.027762077297942986,0.007745299002763871,0.0,167,40,0
16776,336,2020-11-29,2020-12-13,7.022077729497517,4.820609623092446,0.0,0.027762077297942986,0.006749765631442797,5.1695371382026076e-05,167,41,1
16800,336,2020-11-30,2020-12-14,7.0041268687294425,4.781044368324348,0.9883463848737571,0.027762077297942986,0.005726358766587962,2.9808518193166704e-06,167,42,2
16824,336,2020-12-01,2020-12-15,7.031022013981663,4.637092119929525,-1.0,0.027762077297942986,0.006240049984703187,0.0,167,38,0
16848,336,2020-12-02,2020-12-16,6.9666846265784645,4.9857994387202185,-1.0,0.04034226139723124,0.004163188355819227,0.0,167,43,0
16872,336,2020-12-03,2020-12-17,6.983209263480055,4.841577450143154,-1.0,0.027146821025394452,0.004300514296669036,0.0,167,39,0
16896,336,2020-12-04,2020-12-18,6.970491312240587,4.935966857500815,-1.0,0.0351971979995987,0.008319736031009346,0.0,167,43,0
16920,336,2020-12-05,2020-12-19,6.970131992776509,4.637745730319299,-1.0,0.0351971979995987,0.008047353119970332,0.0,167,40,0
16944,336,2020-12-06,2020-12-20,6.97493815884127,4.586440805965437,-1.0,0.03643514078130287,0.0077528419712755,0.0,167,41,0
16968,336,2020-12-07,2020-12-21,6.9841458995969345,4.341627792222433,-1.0,0.03643514078130287,0.008537080918285991,0.0,167,37,0
16992,336,2020-12-08,2020-12-22,6.983944054211969,4.477975852277143,-1.0,0.03643514078130287,0.00934392643275265,0.0,167,38,0
17016,336,2020-12-09,2020-12-23,6.923243994442793,4.746984064660801,0.0,0.049578333222904045,0.006828769090563923,4.795817842095556e-05,167,42,1
17040,336,2020-12-10,2020-12-24,6.892552943523641,4.783241245760016,-1.0,0.049578333222904045,0.007466314395108929,0.0,167,39,0
17064,336,2020-12-11,2020-12-25,6.934726081164253,4.572647761331203,-1.0,0.03355196519369542,0.005688637200110979,0.0,167,34,0
17088,336,2020-12-12,2020-12-26,6.928809293116132,4.56799517918541,-1.0,0.03355196519369542,0.006512518117864965,0.0,167,34,0
17112,336,2020-12-13,2020-12-27,6.915809563823289,4.848597398463062,-1.0,0.04924339118568764,0.007237923760746478,0.0,167,42,0
17136,336,2020-12-14,2020-12-28,6.9598311676607825,4.958642563469659,-1.0,0.04924339118568764,0.008051360630073388,0.0,167,43,0
17160,336,2020-12-15,2020-12-29,7.002490291986974,4.883499107347548,-1.0,0.04924339118568764,0.007933950036730324,0.0,167,40,0
17184,336,2020-12-16,2020-12-30,7.0193024906588875,5.131654940988164,0.0,0.04924339118568764,0.007112502405919739,4.187399340169074e-05,167,47,1
17208,336,2020-12-17,2020-12-31,7.018834130930736,5.125525005624145,-1.0,0.054960662544141115,0.007637035070611256,0.0,167,50,0
17232,336,2020-12-18,2021-01-01,7.015034104206074,5.065565573597243,-1.0,0.11787983458136282,0.007803748929240736,0.0,167,51,0
17256,336,2020-12-19,2021-01-02,6.972840411289482,4.968308222916453,-1.0,0.11787983458136282,0.00686582076089816,0.0,167,47,0
17280,336,2020-12-20,2021-01-03,7.054889084426156,4.818392634911403,0.0,0.038070509543426174,0.006790913720717747,7.809658856766831e-05,167,40,1
17304,336,2020-12-21,2021-01-04,7.0625144331364975,4.615855266711102,-1.0,0.05222012245816436,0.009917388675632485,0.0,167,42,0
17328,336,2020-12-22,2021-01-05,7.067238054775148,4.795389337122514,-1.0,0.05222012245816436,0.00867384865747385,0.0,167,44,0
17352,336,2020-12-23,2021-01-06,7.081976306817343,4.725261124320233,-1.0,0.05222012245816436,0.013230978218589559,0.0,167,40,0
17376,336,2020-12-24,2021-01-07,7.058172066144082,4.434166932476403,-1.0,0.05826651974112251,0.014920709100762344,0.0,167,33,0
17400,336,2020-12-25,2021-01-08,7.0582423820859965,4.450539146424021,-1.0,0.06330997211945413,0.01174916099551894,0.0,167,38,0
17424,336,2020-12-26,2021-01-09,7.082527401379855,4.414722622274412,-1.0,0.06330997211945413,0.01166471919883062,0.0,167,33,0
17448,336,2020-12-27,2021-01-10,7.140205710052156,4.88444642089184,-1.0,0.031406737744446515,0.01217750666092831,0.0,167,42,0
17472,336,2020-12-28,2021-01-11,7.161132034356519,4.660592098450035,0.0,0.031406737744446515,0.011789248462344417,2.203882073757357e-05,167,39,1
17496,336,2020-12-29,2021-01-12,7.128503122894301,4.5008609967570985,-1.0,0.06688251460682984,0.010845316410370781,0.0,167,34,0
17520,336,2020-12-30,2021-01-13,7.114054573477635,4.58933713700393,-1.0,0.049750784295952255,0.015832676872335773,0.0,167,33,0
17544,336,2020-12-31,2021-01-14,7.112242311406199,4.568380130420709,0.0,0.05292596622873954,0.018340973061969617,0.00010364804938220996,167,34,1
17568,336,2021-01-01,2021-01-15,7.125446338200842,4.6173516079215835,0.0,0.05292596622873954,0.02277718419732964,4.205193203376996e-08,167,38,1
17592,336,2021-01-02,2021-01-16,7.116407164478158,4.552938652888668,-1.0,0.05292596622873954,0.016972084625483556,0.0,167,31,0
17616,336,2021-01-03,2021-01-17,7.1054239570381545,4.565582729871883,-1.0,0.05292596622873954,0.01729669172003562,0.0,167,33,0
17640,336,2021-01-04,2021-01-18,7.090654448218921,4.632620518699536,-1.0,0.056966412927102104,0.013537865396258555,0.0,167,35,0
17664,336,2021-01-05,2021-01-19,7.099962218014216,4.553559357746182,-1.0,0.056966412927102104,0.016241737293673907,0.0,167,34,0
17688,336,2021-01-06,2021-01-20,7.071585609005708,4.466996161667245,-1.0,0.06932743554815697,0.014099235522078165,0.0,167,33,0
17712,336,2021-01-07,2021-01-21,7.092653161454243,4.519805027805249,-1.0,0.0646738682504683,0.01840909521045647,0.0,167,32,0
17736,336,2021-01-08,2021-01-22,7.139933859317436,4.8484274793666,-1.0,0.0646738682504683,0.009605351411482364,0.0,167,39,0
17760,336,2021-01-09,2021-01-23,7.099983423984347,4.670773164063669,-1.0,0.0646738682504683,0.011237372615044162,0.0,167,36,0
17784,336,2021-01-10,2021-01-24,7.098831498932706,4.573965464096288,0.0,0.0646738682504683,0.011245697352829485,2.445997542402023e-05,167,34,1
17808,336,2021-01-11,2021-01-25,7.086496891093002,4.753822213115463,-1.0,0.0646738682504683,0.012909342327373547,0.0,167,38,0
17832,336,2021-01-12,2021-01-26,7.07166591024197,4.947129528234179,-1.0,0.0646738682504683,0.012080050951479583,0.0,167,39,0
17856,336,2021-01-13,2021-01-27,7.0475673988525065,4.893007032985074,-1.0,0.07879681452470809,0.008755080564733083,0.0,167,41,0
17880,336,2021-01-14,2021-01-28,7.043883579746631,4.8754565250761726,-1.0,0.09184075509474429,0.021344993368801673,0.0,167,41,0
17904,336,2021-01-15,2021-01-29,7.033989338738929,4.6951474301039555,0.0,0.06625461359949847,0.014809225220078387,1.2928328751367634e-05,167,39,1
17928,336,2021-01-16,2021-01-30,7.056697455353965,4.676532966805473,-1.0,0.06625461359949847,0.016196054330579773,0.0,167,36,0
17952,336,2021-01-17,2021-01-31,7.0691950632462754,4.977272757228122,-1.0,0.06625461359949847,0.0159173450192904,0.0,167,45,0
17976,336,2021-01-18,2021-02-01,7.058475644103011,5.112034903004687,-1.0,0.06625461359949847,0.015480388486029261,0.0,167,51,0
18000,336,2021-01-19,2021-02-02,7.0526842068283555,4.918445969715226,-1.0,0.06625461359949847,0.013061350415260527,0.0,167,39,0
18024,336,2021-01-20,2021-02-03,7.095402443028367,4.853578542377633,-1.0,0.05689064742403683,0.015665489566254055,0.0,167,43,0
18048,336,2021-01-21,2021-02-04,7.0881030666953,4.434053200032522,0.0,0.08520056165141114,0.018651680908560793,0.00014230941087745358,167,33,1
18072,336,2021-01-22,2021-02-05,7.111651374103998,4.904435243354924,0.0,0.04597498477050343,0.010218651941932416,2.67845652027639e-05,167,43,1
18096,336,2021-01-23,2021-02-06,7.071655498378365,4.858710835934407,-1.0,0.052227902467729105,0.007377189599555951,0.0,167,39,0
18120,336,2021-01-24,2021-02-07,7.07564824301751,4.75771786860105,0.0,0.052227902467729105,0.010183424066201553,2.7202764288396658e-05,167,40,1
18144,336,2021-01-25,2021-02-08,7.087264007274994,4.830000236046038,-1.0,0.052227902467729105,0.0077081267282905356,0.0,167,39,0
18168,336,2021-01-26,2021-02-09,7.124551476759281,4.757267969797339,-1.0,0.052227902467729105,0.014101581605266996,0.0,167,42,0
18192,336,2021-01-27,2021-02-10,7.084343026277989,4.722778402956073,-1.0,0.052227902467729105,0.014779523084956166,0.0,167,42,0
18216,336,2021-01-28,2021-02-11,7.050533566764981,4.684210335419043,-1.0,0.07624221153392731,0.010387732782896442,0.0,167,40,0
18240,336,2021-01-29,2021-02-12,7.038703959334069,4.363061043940419,0.0,0.07624221153392731,0.011804418955220206,3.250659325344482e-06,167,34,1
18264,336,2021-01-30,2021-02-13,7.065642500987908,4.629306370260541,-1.0,0.07165067077770565,0.008939982823607931,0.0,167,39,0
18288,336,2021-01-31,2021-02-14,7.018129480616852,4.833145704389451,-1.0,0.07130554702630613,0.0066468751517468104,0.0,167,45,0
18312,336,2021-02-01,2021-02-15,7.0050988371630725,4.25563338702948,-1.0,0.07130554702630613,0.016561834917574663,0.0,167,33,0
18336,336,2021-02-02,2021-02-16,7.007702004914238,4.502513955529782,-1.0,0.07130554702630613,0.017468014014789018,0.0,167,37,0
18360,336,2021-02-03,2021-02-17,7.070468161783736,4.617492214688688,-1.0,0.03495574539204528,0.011110903598942932,0.0,167,39,0
18384,336,2021-02-04,2021-02-18,7.053704673066896,4.437777870379993,-1.0,0.035553396428169126,0.008705149281085303,0.0,167,32,0
18408,336,2021-02-05,2021-02-19,7.042240311893911,4.420509987058176,-1.0,0.036645145229149696,0.008103890332033861,0.0,167,33,0
18432,336,2021-02-06,2021-02-20,7.049695796951477,4.749779696872753,-1.0,0.036645145229149696,0.008654842955820159,0.0,167,44,0
18456,336,2021-02-07,2021-02-21,7.056790589202819,4.812569786121062,-1.0,0.036645145229149696,0.006730238690846974,0.0,167,40,0
18480,336,2021-02-08,2021-02-22,7.050976356650921,4.652073567945817,0.0,0.036645145229149696,0.008472177823788108,4.627836582417907e-05,167,38,1
18504,336,2021-02-09,2021-02-23,6.9420719462872125,4.698063416096461,0.0,0.07045695757709752,0.009123065354201843,4.627836582417907e-05,167,39,1
18528,336,2021-02-10,2021-02-24,6.9945975530260585,4.809461341901129,0.7291175680434995,0.048934964941972865,0.014066750405292875,4.668063756158466e-05,167,42,2
18552,336,2021-02-11,2021-02-25,6.999294243540665,4.772608466043863,0.0,0.048934964941972865,0.014574862992586464,4.627836582417907e-05,167,43,1
18576,336,2021-02-12,2021-02-26,7.006634168750533,4.921415393200952,0.4420134709266352,0.048934964941972865,0.010973693094849255,4.82320608443214e-05,167,40,2
18600,336,2021-02-13,2021-02-27,7.051797267639934,4.682923721723447,-1.0,0.0454260702150703,0.010573928821506385,0.0,167,33,0
18624,336,2021-02-14,2021-02-28,7.043488505185553,4.857933976958523,-1.0,0.03890353957874281,0.010159014923562743,0.0,167,39,0
18648,336,2021-02-15,2021-03-01,7.077977811594818,4.719846146191916,0.0,0.03792344500163375,0.011501909027613185,1.511530578339273e-05,167,38,1
18672,336,2021-02-16,2021-03-02,7.073356941267956,4.539737527996277,-1.0,0.04001950306203784,0.01108473397655949,0.0,167,35,0
18696,336,2021-02-17,2021-03-03,7.0727451701622925,4.4798396693024305,-1.0,0.04571534611720309,0.013673789784667873,0.0,167,35,0
18720,336,2021-02-18,2021-03-04,7.027650600653931,4.597246257074315,-1.0,0.04571534611720309,0.012923568542660548,0.0,167,37,0
18744,336,2021-02-19,2021-03-05,7.039846108280697,4.545855859041588,-1.0,0.04571534611720309,0.014135010274637035,0.0,167,37,0
18768,336,2021-02-20,2021-03-06,7.0638731338731295,4.643219204494606,-1.0,0.05317517653691203,0.012164691400868522,0.0,167,38,0
18792,336,2021-02-21,2021-03-07,7.0683042969061605,4.679703284829141,0.0,0.05317517653691203,0.013851426796485251,3.750860443501358e-05,167,36,1
18816,336,2021-02-22,2021-03-08,7.13410607389763,4.194563100278722,0.0,0.03496825914807049,0.020283817150849884,3.750860443501358e-05,167,30,1
18840,336,2021-02-23,2021-03-09,7.094771986165474,4.409906045324206,0.0,0.03496825914807049,0.012734793493576495,9.739652365516236e-06,167,34,1
18864,336,2021-02-24,2021-03-10,7.090036813333047,4.54277657289738,-1.0,0.03585870609096635,0.012611138153809895,0.0,167,39,0
18888,336,2021-02-25,2021-03-11,7.095407012538417,4.676557989398053,-1.0,0.03161662377464903,0.011936849318398767,0.0,167,40,0
18912,336,2021-02-26,2021-03-12,7.097022540912676,4.404225452110049,-1.0,0.03161662377464903,0.014834369249158794,0.0,167,35,0
18936,336,2021-02-27,2021-03-13,7.052305070552789,4.524326851575798,-1.0,0.054385921205308566,0.009442620778465464,0.0,167,39,0
18960,336,2021-02-28,2021-03-14,7.077180638874062,4.905198880472982,-1.0,0.054385921205308566,0.009921571532952582,0.0,167,43,0
18984,336,2021-03-01,2021-03-15,7.128577870249191,4.968519761888975,-1.0,0.022377740998470046,0.006332437440293741,0.0,167,44,0
19008,336,2021-03-02,2021-03-16,7.119172291118933,4.832932393190855,0.0,0.030653163592459863,0.010376654115087864,6.816701986880283e-06,167,44,1
19032,336,2021-03-03,2021-03-17,7.054882976858312,4.862688325172993,0.0,0.04517135112622677,0.008437085335294744,6.816701986880283e-06,167,41,1
19056,336,2021-03-04,2021-03-18,7.039484027275727,4.843495628661843,-1.0,0.0619551981402324,0.007114787883946645,0.0,167,42,0
19080,336,2021-03-05,2021-03-19,7.030486381943228,4.55682360732621,0.0,0.07183519753614379,0.011026720587376516,2.4071347325127796e-05,167,34,1
19104,336,2021-03-06,2021-03-20,7.019823056859221,4.588601851921039,-1.0,0.07183519753614379,0.01160349331963809,0.0,167,36,0
19128,336,2021-03-07,2021-03-21,6.965419010310923,4.7228071257392745,0.0,0.08825382347496277,0.008169159861264699,9.646814204770802e-06,167,41,1
19152,336,2021-03-08,2021-03-22,6.971513136352732,4.925930288640048,-1.0,0.09480431191682964,0.006323721112181793,0.0,167,41,0
19176,336,2021-03-09,2021-03-23,6.927483121537336,4.991528539922539,0.0,0.09480431191682964,0.006776270111269696,5.797791219505063e-06,167,45,1
19200,336,2021-03-10,2021-03-24,7.081915324361022,4.783701282929319,-1.0,0.022180746174242143,0.005806367459767736,0.0,167,41,0
19224,336,2021-03-11,2021-03-25,7.076017468505577,4.969908833913335,0.0,0.019312740061676503,0.005215156560635797,2.1906710551088053e-07,167,42,1
19248,336,2021-03-12,2021-03-26,7.0380108572202875,4.856661310349606,-1.0,0.03208967960913582,0.004840901982401732,0.0,167,39,0
19272,336,2021-03-13,2021-03-27,7.034231314343036,4.7452064595720085,-1.0,0.03577088600995659,0.004862328751645291,0.0,167,39,0
19296,336,2021-03-14,2021-03-28,7.028243553921858,4.7020785488966546,-1.0,0.03297619525409083,0.0040657177390775205,0.0,167,34,0
19320,336,2021-03-15,2021-03-29,6.946772617594656,4.523425362215487,-1.0,0.05523388531546383,0.007218100993711947,0.0,167,35,0
19344,336,2021-03-16,2021-03-30,6.91564224807326,4.262384365285754,-1.0,0.05523388531546383,0.00793439615709135,0.0,167,31,0
19368,336,2021-03-17,2021-03-31,7.037794233187074,4.768972756624884,-1.0,0.03208967960913582,0.005369035132123156,0.0,167,38,0
19392,336,2021-03-18,2021-04-01,7.060107976027254,4.331265440194378,-1.0,0.024233987843076968,0.0057070716989185205,0.0,167,31,0
19416,336,2021-03-19,2021-04-02,6.972741992277075,4.246689831982102,0.0,0.022887235201206568,0.004417024678712693,8.863019978548533e-05,167,29,1
19440,336,2021-03-20,2021-04-03,6.987237448387942,4.409844124185953,-1.0,0.022887235201206568,0.006399413149855858,0.0,167,36,0
19464,336,2021-03-21,2021-04-04,7.002491567755312,4.219911595150831,0.9872461817822513,0.022887235201206568,0.007013219708905386,4.744298732178659e-06,167,34,2
19488,336,2021-03-22,2021-04-05,6.980671105702066,4.435981709651588,0.0,0.022887235201206568,0.006413120103913148,4.786827304368402e-07,167,37,1
19512,336,2021-03-23,2021-04-06,6.987714949173053,4.448514046864222,-1.0,0.022887235201206568,0.0067953693742259106,0.0,167,36,0
19536,336,2021-03-24,2021-04-07,6.986422503424106,4.547305809174257,-1.0,0.022887235201206568,0.00686722112982635,0.0,167,40,0
19560,336,2021-03-25,2021-04-08,6.978124055587814,4.593730248087921,0.0,0.034837596030140715,0.006317138904744962,2.9966411330760367e-05,167,39,1
19584,336,2021-03-26,2021-04-09,6.946127803569529,4.694370284038092,-1.0,0.05007932754921863,0.004420831603021794,0.0,167,38,0
19608,336,2021-03-27,2021-04-10,6.910959410433231,4.3321576307156455,0.0,0.05007932754921863,0.004111151776113831,1.8075766690467565e-05,167,30,1
19632,336,2021-03-28,2021-04-11,6.938374735249222,4.404836782863217,0.0,0.05007932754921863,0.003286579982620987,1.8075766690467565e-05,167,28,1
19656,336,2021-03-29,2021-04-12,6.907148361491699,4.71160150609619,-1.0,0.052628509423661714,0.003775148141395592,0.0,167,38,0
19680,336,2021-03-30,2021-04-13,6.9449109437967165,4.959739954294462,-1.0,0.052628509423661714,0.0030544572819662698,0.0,167,41,0
19704,336,2021-03-31,2021-04-14,6.9163518263443455,4.589163368416768,-1.0,0.07515863876135218,0.007253709553367021,0.0,167,37,0
19728,336,2021-04-01,2021-04-15,6.8946560921243965,4.774565979624402,-1.0,0.07678675525192198,0.005576768720798631,0.0,167,39,0
19752,336,2021-04-02,2021-04-16,6.921504495225004,4.6053208169825695,-1.0,0.07716822078702493,0.0064521037135781365,0.0,167,36,0
19776,336,2021-04-03,2021-04-17,6.980663585284459,4.609972703115357,0.0,0.05588426626340547,0.0058669828959815665,1.1979023943161827e-05,167,37,1
19800,336,2021-04-04,2021-04-18,6.94077538608845,4.51304876445966,-1.0,0.06504842879001944,0.010044500466877632,0.0,167,38,0
19824,336,2021-04-05,2021-04-19,6.967645056440306,4.601495111217778,0.0,0.06504842879001944,0.009898971512597523,1.4010055735271341e-05,167,35,1
19848,336,2021-04-06,2021-04-20,7.009273102193962,4.447991232697509,0.0,0.049417882461315316,0.008359600324784527,1.56377010918548e-06,167,35,1
19872,336,2021-04-07,2021-04-21,6.958067493531526,4.358965644101915,1.5375250446706077,0.06356249380506045,0.007852698404251502,3.907150042782733e-06,167,36,3
19896,336,2021-04-08,2021-04-22,7.012583719993177,4.611078809625612,-1.0,0.06356249380506045,0.006418074077642446,0.0,167,39,0
19920,336,2021-04-09,2021-04-23,7.008484955338493,4.833184298319675,-1.0,0.0645377948631473,0.0067841774769982635,0.0,167,42,0
19944,336,2021-04-10,2021-04-24,6.977284656195308,4.875914457248684,-1.0,0.056491735385747976,0.008091736606539468,0.0,167,42,0
19968,336,2021-04-11,2021-04-25,6.982857303856517,4.412471417450033,-1.0,0.056491735385747976,0.015324999351723306,0.0,167,35,0
19992,336,2021-04-12,2021-04-26,7.023844790432063,4.554638189438437,-1.0,0.056491735385747976,0.009605371752799559,0.0,167,33,0
20016,336,2021-04-13,2021-04-27,7.043907192706796,4.480818247004995,0.0,0.05196530397207794,0.015124134502435741,2.7891220160715252e-05,167,36,1
20040,336,2021-04-14,2021-04-28,7.076140759940858,4.6820634417492455,-1.0,0.057004086602578725,0.013040162837886775,0.0,167,43,0
20064,336,2021-04-15,2021-04-29,7.0519115017376715,4.535520161475388,0.0,0.057004086602578725,0.013167503009283564,1.5324582924402244e-05,167,36,1
20088,336,2021-04-16,2021-04-30,7.067342852597311,4.473099034281893,-1.0,0.05196530397207794,0.010433245996442507,0.0,167,36,0
20112,336,2021-04-17,2021-05-01,7.118874008646701,4.753896942328573,-1.0,0.03283284918366659,0.009070577055547046,0.0,167,41,0
20136,336,2021-04-18,2021-05-02,7.0942036979354794,4.547468110788247,-1.0,0.045882789581926764,0.00878001880193074,0.0,167,36,0
20160,336,2021-04-19,2021-05-03,7.06608402110765,4.566731290951779,-1.0,0.045882789581926764,0.010392838577401807,0.0,167,38,0
20184,336,2021-04-20,2021-05-04,7.07256683672272,4.680842167846914,-1.0,0.04937792759666718,0.010062364820319386,0.0,167,37,0
20208,336,2021-04-21,2021-05-05,7.056827144933359,4.563433518853052,-1.0,0.03953767397349791,0.012828765805631684,0.0,167,37,0
20232,336,2021-04-22,2021-05-06,7.0098737629684935,4.769510705280253,0.0,0.077482456804252,0.010547059973147371,0.00040312465339137034,167,39,1
20256,336,2021-04-23,2021-05-07,6.983023059062869,4.792771734613178,-1.0,0.077482456804252,0.010370437062298506,0.0,167,43,0
20280,336,2021-04-24,2021-05-08,6.942490538533644,4.7338189579180545,-1.0,0.077482456804252,0.009052135479300557,0.0,167,36,0
20304,336,2021-04-25,2021-05-09,6.949893999690001,4.782911967602091,-1.0,0.077482456804252,0.006168877388790571,0.0,167,40,0
20328,336,2021-04-26,2021-05-10,6.984199897991346,4.571146530680376,0.0,0.077482456804252,0.008347522374627487,9.898113949763949e-06,167,35,1
20352,336,2021-04-27,2021-05-11,6.92865317835486,4.584211636093797,-1.0,0.07747831147104497,0.012169985661724907,0.0,167,34,0
20376,336,2021-04-28,2021-05-12,6.8996352382353106,4.764845660571741,0.0,0.08278441566323973,0.010185992054502366,1.9153719150708752e-05,167,38,1
20400,336,2021-04-29,2021-05-13,6.94802623447959,4.850593225428298,-1.0,0.08278441566323973,0.007115606380002041,0.0,167,41,0
20424,336,2021-04-30,2021-05-14,6.9592379459503215,4.703739587288141,-1.0,0.08278441566323973,0.011425743651086347,0.0,167,37,0
20448,336,2021-05-01,2021-05-15,6.958792331180837,4.624507184466503,-1.0,0.08278441566323973,0.012599671149689984,0.0,167,35,0
20472,336,2021-05-02,2021-05-16,6.99150127741311,4.5318355213889125,0.0,0.060063058356162984,0.013818567919844022,2.9640701536675998e-06,167,34,1
20496,336,2021-05-03,2021-05-17,7.042245017317997,4.70708419881761,-1.0,0.06986164351153412,0.014501828555775042,0.0,167,40,0
20520,336,2021-05-04,2021-05-18,7.06237458424159,4.731515716502461,-1.0,0.05457410054674396,0.01385359148095667,0.0,167,38,0
20544,336,2021-05-05,2021-05-19,7.0729121418122105,4.49136080842253,-1.0,0.057071941185416475,0.012335981420158675,0.0,167,34,0
20568,336,2021-05-06,2021-05-20,7.081281268407209,4.516538835629955,-1.0,0.052206628779967,0.014665212655899576,0.0,167,37,0
20592,336,2021-05-07,2021-05-21,7.087656982059607,4.758565501081139,-1.0,0.08849006087649207,0.010798822015766516,0.0,167,37,0
20616,336,2021-05-08,2021-05-22,7.102416005385866,4.928573288719996,-1.0,0.08849006087649207,0.010841139542233763,0.0,167,41,0
20640,336,2021-05-09,2021-05-23,7.150702191745765,4.769016760539479,-1.0,0.08849006087649207,0.01071834432190421,0.0,167,36,0
20664,336,2021-05-10,2021-05-24,7.16066386892967,4.909266620017125,-1.0,0.07107381602787316,0.010184418706873304,0.0,167,41,0
20688,336,2021-05-11,2021-05-25,7.172264571158463,5.028296510558177,0.7889455263431177,0.07107381602787316,0.012252441511584044,0.00023121789076962042,167,43,2
20712,336,2021-05-12,2021-05-26,7.1644910917386015,4.76243693562052,0.0,0.07107381602787316,0.013514303255167052,3.9332890487126354e-05,167,38,1
20736,336,2021-05-13,2021-05-27,7.149200440747347,4.563100099935346,1.3768804160323556,0.07107381602787316,0.01606807990689597,0.0004210247701428397,167,39,3
20760,336,2021-05-14,2021-05-28,7.176184095665147,4.5729724342589995,0.827767524815695,0.03994028010826742,0.019778073275120694,0.000191879302756306,167,40,2
20784,336,2021-05-15,2021-05-29,7.166526802751815,4.773191170551127,-1.0,0.030913231844170556,0.01357101880873925,0.0,167,41,0
20808,336,2021-05-16,2021-05-30,7.165540806399405,4.665992233698118,0.0,0.04089538941875253,0.01798707982628153,3.5470009225019624e-05,167,40,1
20832,336,2021-05-17,2021-05-31,7.147992564343742,4.822798879873089,0.0,0.042449702822434814,0.016778992961460945,2.609730676376603e-05,167,45,1
20856,336,2021-05-18,2021-06-01,7.14310677061278,4.4959731869543695,0.0,0.059892581575421586,0.022998591289149068,1.2115655559227649e-05,167,43,1
20880,336,2021-05-19,2021-06-02,7.168564557040468,4.687759602543148,-1.0,0.059892581575421586,0.018282467893599677,0.0,167,40,0
20904,336,2021-05-20,2021-06-03,7.144868449150757,4.466013249881412,-1.0,0.049426695903866176,0.018923991248544998,0.0,167,31,0
20928,336,2021-05-21,2021-06-04,7.132218707316397,4.576275630268658,0.0,0.049426695903866176,0.016420488815572457,3.5292717782144515e-06,167,33,1
20952,336,2021-05-22,2021-06-05,7.118989202277098,4.49694089034604,0.0,0.03738172146584758,0.013147970365371589,3.5292717782144515e-06,167,32,1
20976,336,2021-05-23,2021-06-06,7.136035932630325,4.222594949349535,-1.0,0.037733319058458524,0.020134673096785,0.0,167,28,0
21000,336,2021-05-24,2021-06-07,7.117884799210162,4.572060270321357,-1.0,0.03935928845536775,0.012737097349654551,0.0,167,38,0
21024,336,2021-05-25,2021-06-08,7.065677386148849,4.670227036462079,-1.0,0.07767256388810842,0.014914156849535988,0.0,167,43,0
21048,336,2021-05-26,2021-06-09,7.087524707703769,4.656627289286606,-1.0,0.045030825741565104,0.016105864238502514,0.0,167,42,0
21072,336,2021-05-27,2021-06-10,7.088270697560063,4.76681696431088,0.0,0.045030825741565104,0.016085709343442965,3.376182275849881e-05,167,42,1
21096,336,2021-05-28,2021-06-11,7.041820685594086,4.424925081146002,-1.0,0.045030825741565104,0.012885978547142646,0.0,167,28,0
21120,336,2021-05-29,2021-06-12,7.023149883903408,4.493974108678153,-1.0,0.045030825741565104,0.014280958512406345,0.0,167,33,0
21144,336,2021-05-30,2021-06-13,7.065549460362322,4.455848019553326,0.0,0.045030825741565104,0.013346232289689137,0.0001853564000802706,167,33,1
21168,336,2021-05-31,2021-06-14,7.060950628500866,4.523091546620069,0.0,0.045030825741565104,0.011811776593374443,8.436401152034099e-05,167,33,1
21192,336,2021-06-01,2021-06-15,7.083210719669258,4.642369961682735,0.0,0.043340810364070885,0.011509788010888164,0.0008005179456736539,167,37,1
21216,336,2021-06-02,2021-06-16,7.089653249989142,4.744923466486294,-1.0,0.04046015842873661,0.01103210855259437,0.0,167,39,0
21240,336,2021-06-03,2021-06-17,7.105174519688552,4.79179104685352,-1.0,0.04046015842873661,0.00868769454024197,0.0,167,42,0
21264,336,2021-06-04,2021-06-18,7.089013825479334,4.710178762260812,-1.0,0.04046015842873661,0.0087177628509576,0.0,167,40,0
21288,336,2021-06-05,2021-06-19,7.072156840249186,4.625097673180594,0.0,0.04046015842873661,0.008961002638857553,7.346644665859785e-06,167,36,1
21312,336,2021-06-06,2021-06-20,7.0542933426238905,4.468239467924649,-1.0,0.031088287980873694,0.008813657927861797,0.0,167,31,0
21336,336,2021-06-07,2021-06-21,7.0468564450609295,4.3590710270172845,-1.0,0.031088287980873694,0.010294121209931065,0.0,167,32,0
21360,336,2021-06-08,2021-06-22,6.999806965850254,4.271174372215739,-1.0,0.041362417670456904,0.00979039248926544,0.0,167,33,0
21384,336,2021-06-09,2021-06-23,6.971163817350373,4.5878284959862174,0.0,0.051926939307336197,0.009128825461533152,1.7678440624854073e-05,167,39,1
21408,336,2021-06-10,2021-06-24,7.02674660455902,4.691101562637899,-1.0,0.051926939307336197,0.009822264693731132,0.0,167,40,0
21432,336,2021-06-11,2021-06-25,7.045064658731137,4.579165739963177,-1.0,0.051926939307336197,0.009889622993638518,0.0,167,37,0
21456,336,2021-06-12,2021-06-26,7.0174686208987405,4.115690258062509,-1.0,0.051926939307336197,0.010148963860381376,0.0,167,27,0
21480,336,2021-06-13,2021-06-27,7.0687164397443,4.421598305302795,-1.0,0.03730975383496066,0.009803250858496444,0.0,167,35,0
21504,336,2021-06-14,2021-06-28,7.043233700787622,4.603812929568357,-1.0,0.04737046834369755,0.0078062433119767015,0.0,167,37,0
21528,336,2021-06-15,2021-06-29,7.001051075020083,4.542121231083621,0.0,0.056938204433254376,0.009545973208524077,4.36648111322635e-06,167,36,1
21552,336,2021-06-16,2021-06-30,6.989528838092698,4.600072704077447,0.0,0.05527086083422817,0.009117991796152969,4.36648111322635e-06,167,39,1
21576,336,2021-06-17,2021-07-01,6.993673661656449,4.6690329212641535,0.6335333947365838,0.05527086083422817,0.009135924709449414,5.407074956288629e-05,167,38,2
21600,336,2021-06-18,2021-07-02,7.053063324984612,4.709956917700616,-1.0,0.05527086083422817,0.010970469926631653,0.0,167,43,0
21624,336,2021-06-19,2021-07-03,7.079421734342047,4.71664582552218,-1.0,0.05527086083422817,0.009753772721985923,0.0,167,40,0
21648,336,2021-06-20,2021-07-04,7.085635472628732,4.694816122118785,-1.0,0.054549491616232196,0.009832512520027202,0.0,167,36,0
21672,336,2021-06-21,2021-07-05,7.0976649758897565,4.759289233816262,-1.0,0.054549491616232196,0.010475130672383816,0.0,167,37,0
21696,336,2021-06-22,2021-07-06,7.0783045638275635,4.973191937650351,0.0,0.054549491616232196,0.009085621138223574,5.774743499139673e-06,167,42,1
21720,336,2021-06-23,2021-07-07,7.076578256290741,4.535574979570092,-1.0,0.06922190451089592,0.009704235097351707,0.0,167,36,0
21744,336,2021-06-24,2021-07-08,7.0324874564211735,4.565980170174541,-1.0,0.08663615936628696,0.01449636748663369,0.0,167,37,0
21768,336,2021-06-25,2021-07-09,7.0181958439791,4.869854266123054,-1.0,0.08663615936628696,0.013717645554153312,0.0,167,41,0
21792,336,2021-06-26,2021-07-10,7.028298834941248,4.905690580479841,0.0,0.07964253620815293,0.01342503263013451,0.0001879781793046279,167,43,1
21816,336,2021-06-27,2021-07-11,7.035438190565929,4.62408380792811,0.0,0.07964253620815293,0.00926364748063871,0.000115312562562414,167,36,1
21840,336,2021-06-28,2021-07-12,7.061026991188731,4.808942611420173,-1.0,0.031103951116311847,0.008468745623205386,0.0,167,41,0
21864,336,2021-06-29,2021-07-13,7.030676550725183,4.706756577300969,-1.0,0.03432334433713995,0.010570910195498525,0.0,167,38,0
21888,336,2021-06-30,2021-07-14,7.024739425534473,4.3530941261182985,-1.0,0.0751833682778248,0.012207076528853299,0.0,167,33,0
21912,336,2021-07-01,2021-07-15,7.0478535210502455,4.907501820884632,-1.0,0.0751833682778248,0.006659059088238601,0.0,167,42,0
21936,336,2021-07-02,2021-07-16,7.014969227391082,4.7750742675176845,0.996257306050155,0.0751833682778248,0.011955882796842194,0.00046000558422373746,167,40,2
21960,336,2021-07-03,2021-07-17,7.028264219627634,4.738489985879233,0.0,0.0315995324101474,0.01005827130758539,0.00028848451622366276,167,43,1
21984,336,2021-07-04,2021-07-18,7.011982728128487,4.519276071857469,-1.0,0.036700324078495584,0.00905596975388082,0.0,167,33,0
22008,336,2021-07-05,2021-07-19,7.0170276070837705,4.53020157463866,-1.0,0.036700324078495584,0.010909893652450398,0.0,167,38,0
22032,336,2021-07-06,2021-07-20,6.981627176854206,4.315716889196349,-1.0,0.04337859956598944,0.011119979042597788,0.0,167,35,0
22056,336,2021-07-07,2021-07-21,7.002733030370311,4.7326318155733,-1.0,0.027213881197390034,0.007487801763200568,0.0,167,39,0
22080,336,2021-07-08,2021-07-22,7.035627603501025,4.615486337997419,-1.0,0.028820345056365108,0.009624824606830461,0.0,167,38,0
22104,336,2021-07-09,2021-07-23,7.025414276979476,4.557503541735382,-1.0,0.02287790861165821,0.010862957784114016,0.0,167,37,0
22128,336,2021-07-10,2021-07-24,7.009128611333306,4.474153254191068,-1.0,0.02526685268909611,0.0106437415892531,0.0,167,37,0
22152,336,2021-07-11,2021-07-25,7.000714693321812,4.317243369233479,0.9985332415471413,0.024674711589541376,0.012570081180201902,0.0001495456279702211,167,33,2
22176,336,2021-07-12,2021-07-26,7.040638699690529,4.3125906346806095,0.0,0.02287790861165821,0.011166796682636029,0.00011174923494674713,167,32,1
22200,336,2021-07-13,2021-07-27,7.080413149994032,3.9891098177743194,0.0,0.02287790861165821,0.01284960225815452,0.00011174923494674713,167,28,1
22224,336,2021-07-14,2021-07-28,7.077465701519861,4.501820131252513,0.0,0.030039005040305215,0.012251304864096771,4.466521797376165e-05,167,32,1
22248,336,2021-07-15,2021-07-29,6.964612818434417,4.6257949571354064,-1.0,0.06834264771300354,0.0063560022647964395,0.0,167,34,0
22272,336,2021-07-16,2021-07-30,6.976139755512939,4.495311464319129,-1.0,0.06834264771300354,0.006289385290343538,0.0,167,31,0
22296,336,2021-07-17,2021-07-31,6.989093429611419,4.485924855279209,-1.0,0.06834264771300354,0.006823236830777868,0.0,167,30,0
22320,336,2021-07-18,2021-08-01,6.96099434517718,4.570785285155556,-1.0,0.06834264771300354,0.0065062699745141615,0.0,167,35,0
22344,336,2021-07-19,2021-08-02,6.916049618343792,4.465220063445598,-1.0,0.08214501216458735,0.007503760183854456,0.0,167,36,0
22368,336,2021-07-20,2021-08-03,6.987839529672129,4.0999402771028794,-1.0,0.06834264771300354,0.009381573527792158,0.0,167,32,0
22392,336,2021-07-21,2021-08-04,7.005305951494595,4.242391729062675,0.0,0.06834264771300354,0.00917075524604125,2.855498601363314e-06,167,33,1
22416,336,2021-07-22,2021-08-05,6.922472680845367,4.491046612716151,-1.0,0.08409961436074938,0.008114964134623256,0.0,167,36,0
22440,336,2021-07-23,2021-08-06,6.894860410146119,5.0787391902969565,0.0,0.08409961436074938,0.006301274128528128,7.86711610089911e-06,167,47,1
22464,336,2021-07-24,2021-08-07,6.900493110212772,4.892719561286241,-1.0,0.08409961436074938,0.005669095222248939,0.0,167,38,0
22488,336,2021-07-25,2021-08-08,6.894825777450012,4.83679054876142,-1.0,0.08409961436074938,0.00857648244303322,0.0,167,43,0
22512,336,2021-07-26,2021-08-09,6.8976330523245295,4.605544286030768,-1.0,0.08409961436074938,0.006640270759152463,0.0,167,37,0
22536,336,2021-07-27,2021-08-10,6.922985885815119,4.2706041696192685,0.0,0.08409961436074938,0.009603467036516709,1.1013737999289961e-05,167,33,1
22560,336,2021-07-28,2021-08-11,6.891690603512142,4.5936270774793035,0.0,0.09240146765099189,0.006954744116965365,3.978182798712378e-06,167,39,1
22584,336,2021-07-29,2021-08-12,7.021092197186576,4.675478825803772,0.0,0.05126896966984417,0.00582652895683345,1.887438707896084e-05,167,38,1
22608,336,2021-07-30,2021-08-13,7.059711319762296,4.649710736623708,0.0,0.052144634109038746,0.005077863678697595,1.887438707896084e-05,167,37,1
22632,336,2021-07-31,2021-08-14,7.065092157705778,4.53854836765574,-1.0,0.052144634109038746,0.008354708483526025,0.0,167,36,0
22656,336,2021-08-01,2021-08-15,7.088869347804757,4.690631361520825,-1.0,0.052144634109038746,0.007608106035122106,0.0,167,39,0
22680,336,2021-08-02,2021-08-16,7.110909044110579,4.440901485409533,-1.0,0.052144634109038746,0.007867727356936274,0.0,167,34,0
22704,336,2021-08-03,2021-08-17,7.064909190119849,4.857544650364808,-1.0,0.052144634109038746,0.005935351600442875,0.0,167,37,0
22728,336,2021-08-04,2021-08-18,7.0335301846022125,4.3652073682623165,-1.0,0.059838961245607,0.007246355159849237,0.0,167,31,0
22752,336,2021-08-05,2021-08-19,7.0292611350859255,4.364890584341837,-1.0,0.059838961245607,0.008794609423062039,0.0,167,32,0
22776,336,2021-08-06,2021-08-20,7.1046211706380555,4.485011033354487,-1.0,0.030351291366837015,0.006003451579945709,0.0,167,32,0
22800,336,2021-08-07,2021-08-21,7.170625047512016,4.509387243074625,-1.0,0.015184647974089102,0.006242730639240618,0.0,167,34,0
22824,336,2021-08-08,2021-08-22,7.065551391649526,4.411382213384101,0.0,0.042565675582065136,0.010049021867303564,3.541068384287741e-05,167,36,1
22848,336,2021-08-09,2021-08-23,7.073342216374568,4.5032962850274005,-1.0,0.045142892320350805,0.009511613249531632,0.0,167,38,0
22872,336,2021-08-10,2021-08-24,7.058766941854153,4.295240479015045,-1.0,0.045142892320350805,0.007389491660483144,0.0,167,29,0
22896,336,2021-08-11,2021-08-25,7.013896755353615,4.674172883350971,0.0,0.045142892320350805,0.006597242677723769,6.914518760241967e-05,167,38,1
22920,336,2021-08-12,2021-08-26,7.039526378871777,4.888449653949126,0.0,0.045142892320350805,0.006522212903073692,1.4114327491556433e-05,167,43,1
22944,336,2021-08-13,2021-08-27,7.052664661370731,4.939080361481802,-1.0,0.045142892320350805,0.005935904976031464,0.0,167,44,0
22968,336,2021-08-14,2021-08-28,7.051706175853549,4.581250637625779,-1.0,0.045142892320350805,0.00618901627493139,0.0,167,38,0
22992,336,2021-08-15,2021-08-29,7.081225408799033,4.6377904146088325,-1.0,0.02769398463060377,0.00482491592466224,0.0,167,38,0
23016,336,2021-08-16,2021-08-30,7.031328128480128,4.572665117560071,-1.0,0.0323462156788223,0.006161341634192103,0.0,167,38,0
23040,336,2021-08-17,2021-08-31,7.029726111266901,4.333311983345179,-1.0,0.027564964532428637,0.004856514276366294,0.0,167,33,0
23064,336,2021-08-18,2021-09-01,7.016140355092034,4.520606075103339,-1.0,0.027564964532428637,0.006228847837590698,0.0,167,34,0
23088,336,2021-08-19,2021-09-02,7.0318302270848,4.49161922342632,-1.0,0.026638406180881327,0.005258419482147233,0.0,167,36,0
23112,336,2021-08-20,2021-09-03,7.036525046991955,4.936746884785182,-1.0,0.027453793656536427,0.0073046722608362145,0.0,167,47,0
23136,336,2021-08-21,2021-09-04,7.042037633113593,4.779491139607204,-1.0,0.026274921513139867,0.00999626975889933,0.0,167,45,0
23160,336,2021-08-22,2021-09-05,7.022136003513859,4.72663742755261,0.0,0.030364938331304277,0.007126116501386553,1.4881312476474247e-06,167,39,1
23184,336,2021-08-23,2021-09-06,7.0244970027629225,4.834065935064346,-1.0,0.021634236721717593,0.006892462830506259,0.0,167,42,0
23208,336,2021-08-24,2021-09-07,7.02106059639676,4.7728502491508555,-1.0,0.021634236721717593,0.00813988787728692,0.0,167,47,0
23232,336,2021-08-25,2021-09-08,6.869946889447197,4.520939730520854,-1.0,0.06813109704880999,0.00932038737126111,0.0,167,43,0
23256,336,2021-08-26,2021-09-09,6.869930615332137,4.536848160014321,-1.0,0.060114863903419954,0.005707013162890192,0.0,167,36,0
23280,336,2021-08-27,2021-09-10,6.842896744800563,4.468293659740661,0.0,0.060114863903419954,0.00647045012257779,6.831385534013584e-07,167,39,1
23304,336,2021-08-28,2021-09-11,6.873602147262912,4.593846465055186,-1.0,0.060114863903419954,0.007115451836202494,0.0,167,40,0
23328,336,2021-08-29,2021-09-12,6.9157983738331295,4.359872728218759,-1.0,0.060114863903419954,0.015200513726370032,0.0,167,38,0
23352,336,2021-08-30,2021-09-13,6.950342202683061,4.287934831966846,-1.0,0.060114863903419954,0.009790280206800596,0.0,167,30,0
23376,336,2021-08-31,2021-09-14,6.914181878020734,4.599543537772382,-1.0,0.06563107631741975,0.009710570528925605,0.0,167,43,0
23400,336,2021-09-01,2021-09-15,6.8739321716449835,4.727303176224401,-1.0,0.07303816803311818,0.009947012345834057,0.0,167,44,0
23424,336,2021-09-02,2021-09-16,6.878008351876262,4.68486566920331,0.0,0.06899733254466558,0.007836044719432849,7.200392008125588e-05,167,39,1
23448,336,2021-09-03,2021-09-17,6.9758378325522,4.356110021254324,-1.0,0.045669191701325294,0.007986876067697171,0.0,167,33,0
23472,336,2021-09-04,2021-09-18,6.977828007879449,4.576646626994691,-1.0,0.045669191701325294,0.007088146062684254,0.0,167,37,0
23496,336,2021-09-05,2021-09-19,6.944674804355131,4.499359780603486,-1.0,0.045669191701325294,0.010105532418120585,0.0,167,35,0
23520,336,2021-09-06,2021-09-20,6.967807439955303,4.486354451160768,-1.0,0.045669191701325294,0.0076433249472295595,0.0,167,33,0
23544,336,2021-09-07,2021-09-21,6.95540789234546,4.6533700218759995,-1.0,0.07206837783987752,0.008424341729200561,0.0,167,35,0
23568,336,2021-09-08,2021-09-22,6.887346809160102,4.551716766769542,-1.0,0.1425493427499149,0.010689312050006974,0.0,167,32,0
23592,336,2021-09-09,2021-09-23,6.865864075012624,4.515703771605417,-1.0,0.1425493427499149,0.012500695894706376,0.0,167,32,0
23616,336,2021-09-10,2021-09-24,6.866059507982172,4.516233932156509,-1.0,0.1425493427499149,0.012492891671367577,0.0,167,30,0
23640,336,2021-09-11,2021-09-25,6.877643182033946,4.786759554062123,0.0,0.1425493427499149,0.009664073266956471,1.0047522901306299e-05,167,36,1
23664,336,2021-09-12,2021-09-26,6.873241612200828,4.532736534635462,-1.0,0.1425493427499149,0.007807783655704517,0.0,167,29,0
23688,336,2021-09-13,2021-09-27,6.8627991278440055,4.504675972411664,-1.0,0.1425493427499149,0.008997785292123348,0.0,167,32,0
23712,336,2021-09-14,2021-09-28,6.923408260425961,4.471579967381605,-1.0,0.11059838394904323,0.009630615199627648,0.0,167,34,0
23736,336,2021-09-15,2021-09-29,7.050432983415418,4.608721451077853,-1.0,0.05522570600528345,0.009227120990070507,0.0,167,38,0
23760,336,2021-09-16,2021-09-30,7.022655677212503,4.589284697336322,-1.0,0.05522570600528345,0.01297011129069001,0.0,167,40,0
23784,336,2021-09-17,2021-10-01,7.031817092695668,4.389266212187401,-1.0,0.05522570600528345,0.01270249172576836,0.0,167,32,0
23808,336,2021-09-18,2021-10-02,7.0210475850083665,4.714878408084454,-1.0,0.05522570600528345,0.008839484053117734,0.0,167,33,0
23832,336,2021-09-19,2021-10-03,7.0625595053275365,4.754633572206884,-1.0,0.05522570600528345,0.011077944337724526,0.0,167,37,0
23856,336,2021-09-20,2021-10-04,7.096052703776201,4.997800720859052,0.13964115652717282,0.05522570600528345,0.0076458033657436295,0.00017352657215418513,167,41,2
23880,336,2021-09-21,2021-10-05,7.070085994905855,4.922909607959579,0.0,0.05878502319303514,0.006883404137812865,0.00017363279131231885,167,45,1
23904,336,2021-09-22,2021-10-06,7.114925454979685,4.738374033429956,0.4514743970809374,0.026269920920293916,0.007850084877135849,0.0002875259203737137,167,40,2
23928,336,2021-09-23,2021-10-07,7.1010477488122845,4.749191202780777,-1.0,0.03164348476852216,0.0074741293876702955,0.0,167,41,0
23952,336,2021-09-24,2021-10-08,6.991702887475139,4.410905036555896,-1.0,0.06802168150062865,0.007423378529816129,0.0,167,35,0
23976,336,2021-09-25,2021-10-09,7.007287449975693,4.687574287790629,-1.0,0.06802168150062865,0.0073543900846238484,0.0,167,42,0
24000,336,2021-09-26,2021-10-10,6.9564547139601745,4.522219177677366,-1.0,0.08439821649909857,0.007585653673276268,0.0,167,42,0
24024,336,2021-09-27,2021-10-11,6.97507552952005,4.647904258715604,-1.0,0.09099927091789713,0.007701435397039885,0.0,167,41,0
24048,336,2021-09-28,2021-10-12,7.004846356229924,4.954424436520786,-1.0,0.05371045508226149,0.0030353088182884457,0.0,167,41,0
24072,336,2021-09-29,2021-10-13,7.007740323845329,4.737481973012443,-1.0,0.05371045508226149,0.004984872350691438,0.0,167,41,0
24096,336,2021-09-30,2021-10-14,7.0342642608741235,4.752081385017883,-1.0,0.05371045508226149,0.005036624762107544,0.0,167,36,0
24120,336,2021-10-01,2021-10-15,7.090951746948437,4.648991412650813,-1.0,0.03466400267842139,0.003587197436566132,0.0,167,34,0
24144,336,2021-10-02,2021-10-16,7.078770229325571,4.528812683850759,-1.0,0.02646977874292106,0.00465011107842194,0.0,167,33,0
24168,336,2021-10-03,2021-10-17,7.065857280917514,4.5219095346783655,-1.0,0.045074616972886686,0.006811282515163609,0.0,167,38,0
24192,336,2021-10-04,2021-10-18,7.100226232337027,4.883143353196747,-1.0,0.02646977874292106,0.004745826889971403,0.0,167,44,0
24216,336,2021-10-05,2021-10-19,7.069797964235517,4.744578243800666,-1.0,0.044834110818750814,0.005021022522525982,0.0,167,41,0
24240,336,2021-10-06,2021-10-20,7.104003000561001,4.5570836239407715,0.0,0.026367427210695914,0.007890357399792094,0.00012278440080205465,167,36,1
24264,336,2021-10-07,2021-10-21,7.084514544711154,4.6297790117468,-1.0,0.026367427210695914,0.006221474170276925,0.0,167,34,0
24288,336,2021-10-08,2021-10-22,7.022426090251444,4.715946163285422,-1.0,0.03565403816604565,0.008890081362406245,0.0,167,41,0
24312,336,2021-10-09,2021-10-23,7.025422705609334,4.660634667403453,-1.0,0.04416386740575572,0.008207402569697875,0.0,167,45,0
24336,336,2021-10-10,2021-10-24,6.976947902572921,4.411489803904959,-1.0,0.04416386740575572,0.009525425083386309,0.0,167,38,0
24360,336,2021-10-11,2021-10-25,6.990006491707898,4.05889150044365,0.0,0.04416386740575572,0.00972135985372343,2.085652712921678e-05,167,31,1
24384,336,2021-10-12,2021-10-26,7.017370370371764,4.270373774898622,-1.0,0.05080090912346081,0.00745910218730834,0.0,167,29,0
24408,336,2021-10-13,2021-10-27,7.005871849940039,4.587305342905504,-1.0,0.05080090912346081,0.005710598226278237,0.0,167,36,0
24432,336,2021-10-14,2021-10-28,7.002835321449741,4.665129734480255,-1.0,0.05080090912346081,0.006093653435550494,0.0,167,38,0
24456,336,2021-10-15,2021-10-29,7.039184686146004,4.706406871826699,-1.0,0.05080090912346081,0.003538796917491985,0.0,167,38,0
24480,336,2021-10-16,2021-10-30,7.027520612961369,4.70039945118697,-1.0,0.05080090912346081,0.004581032658252014,0.0,167,40,0
24504,336,2021-10-17,2021-10-31,7.005862066397377,4.6329784251208155,-1.0,0.03291793199575737,0.004222680700721669,0.0,167,39,0
24528,336,2021-10-18,2021-11-01,7.002618581967058,4.373791052114274,0.0,0.03650341998823494,0.004516591803972399,3.171693124102332e-05,167,35,1
24552,336,2021-10-19,2021-11-02,7.030406972970082,4.397001540607192,-1.0,0.03379153139228214,0.00512951138430501,0.0,167,32,0
24576,336,2021-10-20,2021-11-03,7.0512859037595295,4.601260234899411,-1.0,0.023686638755128792,0.007241942773731332,0.0,167,42,0
24600,336,2021-10-21,2021-11-04,7.082697211703939,4.739375699565022,-1.0,0.019158272194374226,0.005649685062819325,0.0,167,41,0
24624,336,2021-10-22,2021-11-05,7.0498069460881,4.767735555433939,-1.0,0.03410984504456959,0.005006937741017802,0.0,167,39,0
24648,336,2021-10-23,2021-11-06,7.055462198510892,4.580114000399737,-1.0,0.030068878580013253,0.005266314895894796,0.0,167,35,0
24672,336,2021-10-24,2021-11-07,7.053221674703818,4.438309131906713,-1.0,0.030068878580013253,0.0048851161112286835,0.0,167,32,0
24696,336,2021-10-25,2021-11-08,7.020875613867334,4.5826319889499,-1.0,0.030068878580013253,0.005404739715663832,0.0,167,36,0
24720,336,2021-10-26,2021-11-09,7.006090091179094,4.7496276154267685,-1.0,0.026089253967093478,0.007476358135598054,0.0,167,41,0
24744,336,2021-10-27,2021-11-10,7.024216153830856,4.738067061665164,-1.0,0.027065595642355837,0.005338991335389689,0.0,167,41,0
24768,336,2021-10-28,2021-11-11,6.994955465584641,4.803947214908474,-1.0,0.030664502703611707,0.004489602078708473,0.0,167,40,0
24792,336,2021-10-29,2021-11-12,7.042561815733694,4.689373227850014,0.0,0.030664502703611707,0.0046291712437715946,2.301699065382034e-05,167,40,1
24816,336,2021-10-30,2021-11-13,6.955907774013764,4.671733306001758,0.0,0.06373724631093217,0.004686523060796323,2.7989276159197505e-05,167,39,1
24840,336,2021-10-31,2021-11-14,6.940741803650634,4.665985648938996,0.0,0.06373724631093217,0.0043343894270952725,1.2697256715802593e-05,167,42,1
24864,336,2021-11-01,2021-11-15,6.942154289734126,4.796619813966774,-1.0,0.06373724631093217,0.0042361702934467175,0.0,167,44,0
24888,336,2021-11-02,2021-11-16,6.8976116677283255,4.786596458391302,-1.0,0.06373724631093217,0.0034417011057504233,0.0,167,41,0
24912,336,2021-11-03,2021-11-17,6.988298204665938,4.5937003339439535,0.0,0.05119665420773848,0.004648838288810175,1.540103161782766e-05,167,38,1
24936,336,2021-11-04,2021-11-18,6.9533794444944235,4.74970001498463,-1.0,0.051710624894207836,0.004834832604823821,0.0,167,38,0
24960,336,2021-11-05,2021-11-19,6.940424447544801,4.594694322113801,-1.0,0.06542486619003846,0.0053361296926491995,0.0,167,35,0
24984,336,2021-11-06,2021-11-20,6.884752352670932,4.608819184565244,-1.0,0.06542486619003846,0.004831522481823621,0.0,167,37,0
25008,336,2021-11-07,2021-11-21,6.9049795241958805,4.917216802173723,-1.0,0.06542486619003846,0.003379377145117089,0.0,167,45,0
25032,336,2021-11-08,2021-11-22,6.902296873076046,4.671589926260167,-1.0,0.06542486619003846,0.004274645904343932,0.0,167,41,0
25056,336,2021-11-09,2021-11-23,6.945691319374695,4.48695445760116,0.0,0.06542486619003846,0.005914780915442391,1.4482971923286561e-06,167,40,1
25080,336,2021-11-10,2021-11-24,6.899100723091873,4.324135504159302,-1.0,0.05092492769270648,0.005604768247744691,0.0,167,37,0
25104,336,2021-11-11,2021-11-25,6.8598904962647005,4.501649471599781,-1.0,0.07646175354766596,0.00489450957046111,0.0,167,37,0
25128,336,2021-11-12,2021-11-26,6.875069771896241,4.562939871612141,-1.0,0.07646175354766596,0.0038840572060294108,0.0,167,36,0
25152,336,2021-11-13,2021-11-27,6.906432788515312,4.77591428621812,-1.0,0.07646175354766596,0.0052245277644627575,0.0,167,42,0
25176,336,2021-11-14,2021-11-28,6.910715821995677,4.710931913854473,0.0,0.08074330278507588,0.006850822288015336,2.506446697921133e-06,167,42,1
25200,336,2021-11-15,2021-11-29,6.93106590754623,4.642703366778745,-1.0,0.06412205955631975,0.005035287638750218,0.0,167,38,0
25224,336,2021-11-16,2021-11-30,6.943330510349453,4.859069189396197,0.0,0.06412205955631975,0.0052093534341746085,3.204785656170738e-05,167,38,1
25248,336,2021-11-17,2021-12-01,7.026812149328168,4.867078779417456,-1.0,0.042383249554752436,0.004707236565660818,0.0,167,41,0
25272,336,2021-11-18,2021-12-02,7.007616047787806,4.8242029639689665,-1.0,0.04292010506872838,0.004561501387372507,0.0,167,39,0
25296,336,2021-11-19,2021-12-03,6.989549766589184,4.8667572733693625,0.0,0.042383249554752436,0.00372864276309937,3.894706116041841e-05,167,42,1
25320,336,2021-11-20,2021-12-04,6.958452673937212,4.748472012912382,-1.0,0.042383249554752436,0.004469476977488133,0.0,167,40,0
25344,336,2021-11-21,2021-12-05,6.972125516687953,4.714856746911783,-1.0,0.042383249554752436,0.005613080312717107,0.0,167,38,0
25368,336,2021-11-22,2021-12-06,6.9263303899616915,4.7425258676292215,-1.0,0.042383249554752436,0.004295689900823828,0.0,167,37,0
25392,336,2021-11-23,2021-12-07,6.95794796512302,4.720834895295793,-1.0,0.05158424863504465,0.0055178781568037205,0.0,167,40,0
25416,336,2021-11-24,2021-12-08,7.027007897852342,4.819299842274382,-1.0,0.033980248688865095,0.00552867024439217,0.0,167,43,0
25440,336,2021-11-25,2021-12-09,7.078510138067954,4.878404061617558,0.0,0.030588965573218614,0.0055506078201232045,2.811208156870744e-05,167,44,1
25464,336,2021-11-26,2021-12-10,7.09892631895381,4.912005793170396,-1.0,0.030588965573218614,0.007762187371986477,0.0,167,50,0
25488,336,2021-11-27,2021-12-11,7.08094000401684,4.638386295607942,-1.0,0.030588965573218614,0.006201084564039211,0.0,167,40,0
25512,336,2021-11-28,2021-12-12,7.064879808508558,4.746609654943319,0.0,0.03864951080340283,0.004860620662824395,3.3971553229313296e-05,167,41,1
25536,336,2021-11-29,2021-12-13,7.007914131661832,4.306609437555707,-1.0,0.03864951080340283,0.006651936490885682,0.0,167,32,0
25560,336,2021-11-30,2021-12-14,7.095559796542142,4.425297962049627,-1.0,0.02217445399458735,0.008483216974931023,0.0,167,33,0
25584,336,2021-12-01,2021-12-15,7.129588094888361,4.721098096802474,-1.0,0.02217445399458735,0.005456680425528704,0.0,167,38,0
25608,336,2021-12-02,2021-12-16,7.1050921839680345,4.976423442780286,-1.0,0.021914176384328285,0.005345932975977198,0.0,167,45,0
25632,336,2021-12-03,2021-12-17,7.104662002694386,4.857060561583464,-1.0,0.021914176384328285,0.0073725579040369235,0.0,167,45,0
25656,336,2021-12-04,2021-12-18,7.00516902464108,4.52546192342934,1.3121059144583378,0.053612320817675,0.0070883592642274765,8.047569854979836e-05,167,37,3
25680,336,2021-12-05,2021-12-19,7.04432621497141,4.454352928924273,0.0,0.05349169590425143,0.007469046698897709,6.980096992067175e-05,167,39,1
25704,336,2021-12-06,2021-12-20,7.00886063975179,4.59281029863701,-1.0,0.05349169590425143,0.008881600302584565,0.0,167,40,0
25728,336,2021-12-07,2021-12-21,7.047625361747152,4.3579354530473235,-1.0,0.0403829030529434,0.012341957815093705,0.0,167,35,0
25752,336,2021-12-08,2021-12-22,7.050445601830005,4.609524956029963,-1.0,0.0403829030529434,0.00800831643294314,0.0,167,37,0
25776,336,2021-12-09,2021-12-23,7.044242571350484,4.653537487189135,-1.0,0.0403829030529434,0.007602498232731566,0.0,167,40,0
25800,336,2021-12-10,2021-12-24,7.029029509235381,4.485883857844749,0.0,0.0403829030529434,0.011380304577600532,1.536000052017536e-05,167,35,1
25824,336,2021-12-11,2021-12-25,7.036431727634284,4.631438618583903,-1.0,0.03128312788804048,0.004879610509067357,0.0,167,35,0
25848,336,2021-12-12,2021-12-26,7.019820827759613,4.663605182160003,0.0,0.03128312788804048,0.003880906261334772,5.73619183528398e-05,167,35,1
25872,336,2021-12-13,2021-12-27,6.996739886739422,4.43481143453747,0.0,0.03128312788804048,0.005138626432696348,1.3368113891314208e-07,167,32,1
25896,336,2021-12-14,2021-12-28,7.025763652063816,4.564295424605924,0.0,0.027503127472840016,0.004232800725488746,1.3368113891314208e-07,167,39,1
25920,336,2021-12-15,2021-12-29,7.082040553704884,4.531315501407835,0.0,0.01628895930286703,0.004102607763075184,4.283214003280011e-06,167,37,1
25944,336,2021-12-16,2021-12-30,7.045803931129121,4.748496831946323,-1.0,0.044550938859321224,0.004593596744654216,0.0,167,43,0
25968,336,2021-12-17,2021-12-31,6.9749443243093046,4.5116290054722015,-1.0,0.046294055361546384,0.004714759373166818,0.0,167,35,0
