date,open,high,low,close,volume,original_close,processed_log_return,outliers_processed_log_return,normalized_outliers_processed_log_return,processed_log_return_wtmra_0,processed_log_return_wtmra_1,processed_log_return_wtmra_2,processed_log_return_wtmra_3,processed_log_return_wtmra_4,processed_log_return_wtmra_5,processed_log_return_wtmra_5_4,processed_log_return_wtmra_5_4_3,processed_log_return_wtmra_5_4_3_2,processed_log_return_wtmra_5_4_3_2_1,processed_log_return_wtmra_5_4_3_2_1_0,processed_log_return_wtmra_0_1,processed_log_return_wtmra_0_1_2,processed_log_return_wtmra_0_1_2_3,processed_log_return_wtmra_0_1_2_3_4,processed_log_return_wtmra_0_1_2_3_4_5
2019-01-01,137.81,138.66,128.7,131.45,484604.83962,131.45,-0.04695907688061765,-0.04695907688061765,-0.5425182363457237,-0.3884928829069172,-0.15422768120234517,-0.12249043709407476,0.0773144010657311,0.06496855405539352,-0.0195901902635111,0.045378363791882426,0.12269276485761353,0.00020232776353877602,-0.1540253534388064,-0.5425182363457236,-0.5427205641092624,-0.6652110012033372,-0.5878966001376061,-0.5229280460822127,-0.5425182363457237
2019-01-02,131.45,140.67,130.0,139.1,401776.88797,139.1,0.05656654775350705,0.05656654775350705,0.5488165247651957,0.1797949478880165,0.2485638302354682,0.016402585054962487,0.07039668563857276,0.05797973019914169,-0.02432125425096605,0.03365847594817564,0.10405516158674841,0.1204577466417109,0.3690215768771791,0.5488165247651956,0.4283587781234847,0.4447613631784472,0.51515804881702,0.5731377790161617,0.5488165247651956
2019-01-03,139.1,155.37,137.76,152.01,941486.31524,152.01,0.0887532092265308,0.0887532092265308,0.8881182448346232,0.41209041407066466,0.2693818328956357,0.13070906052594458,0.055441465944283404,0.04968170312477228,-0.02918623172667782,0.020495471398094465,0.07593693734237787,0.20664599786832244,0.47602783076395816,0.8881182448346228,0.6814722469663004,0.8121813074922449,0.8676227734365284,0.9173044765613007,0.8881182448346229
2019-01-04,152.01,153.64,143.11,146.3,708091.31714,146.3,-0.038287000129849355,-0.038287000129849355,-0.4510999151080304,-0.5909365109275082,-0.06841901465944726,0.17186237824218634,0.031188319324177323,0.03943642451458501,-0.03423151160202345,0.00520491291256156,0.03639323223673888,0.2082556104789252,0.13983659581947794,-0.45109991510803027,-0.6593555255869554,-0.4874931473447691,-0.4563048280205918,-0.4168684035060068,-0.45109991510803027
2019-01-05,146.3,154.8,143.54,151.97,805248.93821,151.97,0.03802382491943502,0.03802382491943502,0.3533449391941237,0.30601388220306164,-0.10970861025796688,0.15933932112111387,0.00910037666576876,0.02794540814710278,-0.03934543868495658,-0.011400030537853802,-0.002299653872085042,0.15703966724902885,0.047331056991061965,0.3533449391941236,0.19630527194509476,0.35564459306620866,0.3647449697319774,0.3926903778790802,0.3533449391941236
2019-01-06,152.08,159.26,151.2,152.83,773169.13736,152.83,0.005643059594231245,0.005643059594231245,0.011997037013762313,-0.07752886695824927,0.03977036634626553,0.09432068922225181,-0.014793633491664999,0.014700325676815512,-0.04447184378165627,-0.029771518104840758,-0.04456515159650576,0.049755537625746055,0.08952590397201159,0.011997037013762313,-0.03775850061198374,0.05656218861026807,0.04176855511860307,0.056468880795418584,0.011997037013762313
2019-01-07,152.83,157.4,147.51,153.86,627908.47366,153.86,0.0067169054910437035,0.0067169054910437035,0.02331718465266358,0.09557863642838937,-0.011153708977829174,0.028971122558479924,-0.041273492058357605,0.0007962096055348316,-0.049601582903553716,-0.048805373298018886,-0.09007886535637649,-0.06110774279789657,-0.07226145177572574,0.023317184652663636,0.0844249274505602,0.11339605000904013,0.07212255795068252,0.07291876755621736,0.023317184652663643
2019-01-08,153.89,155.48,147.86,149.34,424765.30258,149.34,-0.02981751242323305,-0.02981751242323305,-0.3618172242216116,-0.15957081638581952,-0.026946869332478966,-0.04415110992770735,-0.06303055093593818,-0.013442232248581364,-0.05467564539108606,-0.06811787763966742,-0.1311484285756056,-0.17529953850331295,-0.20224640783579192,-0.36181722422161144,-0.1865176857182985,-0.23066879564600584,-0.293699346581944,-0.3071415788305254,-0.36181722422161144
2019-01-09,149.29,151.65,145.2,147.6,441661.06778,147.6,-0.0117196734411836,-0.0117196734411836,-0.17103546509771203,0.017672403146899773,0.07909553399683678,-0.09737198380354484,-0.08381330820914608,-0.02705599165175906,-0.059562118576998536,-0.0866181102287576,-0.17043141843790366,-0.2678034022414485,-0.18870786824461172,-0.17103546509771195,0.09676793714373655,-0.0006040466598082883,-0.08441735486895437,-0.11147334652071343,-0.17103546509771198
2019-01-10,147.62,151.5,146.77,148.1,299443.563,148.1,0.0033818091073810784,0.0033818091073810784,-0.011840358496770384,0.3192244250134053,0.0041090837443547605,-0.12981441395549892,-0.10179996596094949,-0.03940607395199096,-0.06415341338609092,-0.10355948733808187,-0.20535945329903138,-0.3351738672545303,-0.33106478351017554,-0.011840358496770231,0.32333350875776007,0.19351909480226115,0.09171912884131166,0.0523130548893207,-0.011840358496770217
2019-01-11,148.11,149.45,121.0,124.95,871751.75038,124.95,-0.16997406399279164,-0.09035647154696086,-1.0,-0.5144829575983517,-0.10195551183861046,-0.15666966121147463,-0.10833305961346681,-0.05021219953712153,-0.0683466102009746,-0.11855880973809613,-0.22689186935156294,-0.38356153056303754,-0.485517042401648,-0.9999999999999998,-0.6164384694369622,-0.7731081306484369,-0.8814411902619037,-0.9316533897990252,-0.9999999999999998
2019-01-12,124.96,127.36,120.08,124.65,545293.98369,124.65,-0.002403847311394443,-0.002403847311394443,-0.07283093921501467,0.3151797129642199,-0.052360268618026166,-0.10676450150061374,-0.09894148023181544,-0.05797662219416336,-0.0719677796346158,-0.12994440182877914,-0.22888588206059457,-0.3356503835612083,-0.38801065217923447,-0.07283093921501455,0.26281944434619375,0.15605494284558002,0.057113462613764585,-0.0008631595803987729,-0.07283093921501457
2019-01-13,124.67,126.19,122.0,123.35,300262.13404,123.35,-0.010483966994201234,-0.010483966994201234,-0.15800903415477618,0.16109237256728676,-0.041763026539171653,-0.05664573125668725,-0.08172533644435107,-0.06391827044250657,-0.07504904203934633,-0.1389673124818529,-0.22069264892620397,-0.2773383801828912,-0.31910140672206283,-0.15800903415477607,0.1193293460281151,0.06268361477142784,-0.01904172167292323,-0.0829599921154298,-0.15800903415477613
2019-01-14,123.35,124.25,111.87,114.16,422561.96777,114.16,-0.07742486980678473,-0.07742486980678473,-0.8636790983317114,-0.6944503123444005,0.021833417178248608,0.011545159732716774,-0.0564014566207275,-0.06862289999189312,-0.07758300628565556,-0.1462059062775487,-0.2026073628982762,-0.1910622031655594,-0.1692287859873108,-0.8636790983317113,-0.6726168951661519,-0.6610717354334351,-0.7174731920541626,-0.7860960920460557,-0.8636790983317113
2019-01-15,114.17,130.05,113.94,126.95,546420.40854,126.95,0.1061923349821066,0.09936647749342571,1.0000000000000004,0.9456512985477585,0.13525856525825075,0.09569946165439498,-0.025095897487780384,-0.07193148372324973,-0.07958194424937377,-0.15151342797262352,-0.1766093254604039,-0.08090986380600891,0.05434870145224184,1.0000000000000004,1.0809098638060093,1.1766093254604042,1.1515134279726238,1.0795819442493741,1.0000000000000004
2019-01-16,126.95,129.4,116.0,118.95,649020.5297,118.95,-0.06509007140172081,-0.06509007140172081,-0.733649510794168,-0.710026590821613,0.03607296739430169,0.09433827966480308,0.0024014058699467285,-0.07530102692273104,-0.0811345459788754,-0.15643557290160642,-0.1540341670316597,-0.05969588736685662,-0.023622919972554925,-0.733649510794168,-0.6739536234273114,-0.5796153437625082,-0.5772139378925615,-0.6525149648152925,-0.7336495107941678
2019-01-17,118.93,126.88,118.52,121.48,513486.65472,121.48,0.021046403428581374,0.021046403428581374,0.17437427089358357,0.2862925029938827,-0.0765672178247704,0.09492580062720161,0.03035052402361817,-0.07856305054528862,-0.0820642883810599,-0.1606273389263485,-0.13027681490273033,-0.03535101427552871,-0.11191823210029911,0.1743742708935836,0.20972528516911232,0.30465108579631395,0.3350016098199321,0.2564385592746435,0.1743742708935836
2019-01-18,121.49,122.99,116.8,121.54,447535.22716,121.54,0.0004937865296611775,0.0004937865296611775,-0.042284989389632203,0.01724120096884165,-0.009509622908973002,0.0592040104263324,0.05504688147842608,-0.08187313689047111,-0.08239432246378821,-0.16426745935425932,-0.10922057787583324,-0.05001656744950084,-0.05952619035847384,-0.04228498938963219,0.007731578059868649,0.06693558848620106,0.12198246996462714,0.040109333074156026,-0.04228498938963218
2019-01-19,121.56,121.98,117.66,119.17,235646.684,119.17,-0.01969238160449443,-0.01969238160449443,-0.255081261387898,-0.2160333029184814,0.06396484378608538,-0.007003311072483567,0.0704617365163587,-0.08428131595802218,-0.08218991174135483,-0.166471227699377,-0.0960094911830183,-0.10301280225550187,-0.039047958469416486,-0.2550812613878979,-0.15206845913239603,-0.1590717702048796,-0.08861003368852088,-0.17289134964654307,-0.2550812613878979
2019-01-20,119.16,125.29,119.14,122.6,323303.79296,122.6,0.028375978399396068,0.028375978399396068,0.2516403581844199,0.34776617421380446,0.01562205743758305,-0.01914101089443108,0.07421532030062966,-0.08527396901776982,-0.0815482138553965,-0.1668221828731663,-0.09260686257253664,-0.11174787346696773,-0.09612581602938468,0.25164035818441977,0.3633882316513875,0.3442472207569564,0.41846254105758607,0.3331885720398162,0.2516403581844197
2019-01-21,122.61,123.32,115.68,117.47,451792.85352,117.47,-0.042744041666316374,-0.042744041666316374,-0.4980846532117823,-0.26631063708328945,-0.09765286275638146,-0.036089684017189066,0.06802194202874516,-0.08545614785673866,-0.08059726352692868,-0.16605341138366736,-0.0980314693549222,-0.13412115337211128,-0.23177401612849274,-0.4980846532117822,-0.3639634998396709,-0.40005318385685995,-0.3320312418281148,-0.41748738968485344,-0.49808465321178214
2019-01-22,117.56,118.5,113.61,115.63,303632.93463,115.63,-0.01578754369492422,-0.01578754369492422,-0.2139176812377815,-0.018489353814427685,-0.07172610807599253,-0.013504033154254948,0.0530241177663107,-0.0838999386593164,-0.0793223653001006,-0.163222303959417,-0.11019818619310631,-0.12370221934736125,-0.19542832742335378,-0.21391768123778146,-0.0902154618904202,-0.10371949504467515,-0.05069537727836445,-0.13459531593768084,-0.21391768123778143
2019-01-23,115.62,119.49,111.39,117.81,359542.63873,117.81,0.018677719117157487,0.018677719117157487,0.14940434160032068,0.18563986914111122,0.05767330793235359,0.03193940736749121,0.033080090640693005,-0.08125133626861866,-0.07767699721270967,-0.15892833348132834,-0.12584824284063534,-0.09390883547314413,-0.03623552754079054,0.14940434160032068,0.2433131770734648,0.275252584440956,0.308332675081649,0.22708133881303036,0.14940434160032068
2019-01-24,117.8,118.95,114.8,116.44,230247.61578,116.44,-0.011697038380605509,-0.011697038380605509,-0.17079685336736966,-0.12917999417759365,0.05147308091877501,0.044595707345264635,0.015301568854139932,-0.07730632593262285,-0.07568089037533268,-0.15298721630795553,-0.1376856474538156,-0.09308994010855096,-0.041616859189775944,-0.1707968533673696,-0.07770691325881865,-0.033111205913554015,-0.01780963705941408,-0.09511596299203692,-0.1707968533673696
2019-01-25,116.4,117.15,113.61,116.39,216242.29829,116.39,-0.00042949792353748784,-0.00042949792353748784,-0.05201796537243885,0.050468525299228226,0.0013549030323991003,0.04729738968462966,-0.006001786212688687,-0.07176826507641927,-0.07336873209958786,-0.14513699717600714,-0.15113878338869582,-0.10384139370406617,-0.10248649067166707,-0.05201796537243884,0.05182342833162733,0.099120818016257,0.09311903180356831,0.021350766727149043,-0.052017965372438815
2019-01-26,116.4,117.5,114.3,115.11,198617.08108,115.11,-0.011058428026914235,-0.011058428026914235,-0.1640648227203515,-0.07662184314402569,0.07328831730577828,0.0016023004896404405,-0.0261258347359648,-0.06549353704831942,-0.07071422558746025,-0.13620776263577966,-0.16233359737174446,-0.16073129688210402,-0.08744297957632574,-0.16406482272035144,-0.003333525838247406,-0.0017312253486069654,-0.027857060084571766,-0.09335059713289119,-0.16406482272035144
2019-01-27,115.13,118.0,115.0,115.34,146216.82819,115.34,0.001996095260295998,0.001996095260295998,-0.026448120542363524,0.12195930515006512,0.0804669737059674,-0.06145344155611604,-0.04109365413701012,-0.058637951470103956,-0.06768935223516591,-0.12632730370526987,-0.16742095784228,-0.22887439939839604,-0.14840742569242865,-0.026448120542363535,0.20242627885603254,0.1409728372999165,0.09987918316290638,0.04124123169280242,-0.026448120542363486
2019-01-28,115.32,116.15,111.04,112.05,247369.60555,112.05,-0.02893908794033066,-0.02893908794033066,-0.35255714801738397,0.031886228640607896,-0.12356260006888693,-0.09233054778715825,-0.05194788380180913,-0.05237097215810336,-0.06423137284203408,-0.11660234500013744,-0.1685502288019466,-0.26088077658910486,-0.3844433766579918,-0.35255714801738386,-0.09167637142827903,-0.18400691921543727,-0.23595480301724642,-0.2883257751753498,-0.35255714801738386
2019-01-29,112.04,112.87,100.91,105.5,566205.78288,105.5,-0.060234247330814804,-0.060234247330814804,-0.6824609319167404,-0.21134889730356482,-0.21417841384803524,-0.09518913141587738,-0.05550985451491754,-0.04594336664833305,-0.06029126818601219,-0.10623463483434524,-0.16174448934926278,-0.25693362076514015,-0.4711120346131754,-0.6824609319167403,-0.42552731115160003,-0.5207164425674774,-0.5762262970823949,-0.622169663730728,-0.6824609319167402
2019-01-30,105.49,106.61,102.22,104.45,319768.91348,104.45,-0.01000246491354633,-0.01000246491354633,-0.15293318979234846,0.02037404640907705,0.014534691205955984,-0.041310139976992226,-0.05167059203335482,-0.03887401291832899,-0.0559871824787054,-0.09486119539703439,-0.1465317874303892,-0.18784192740738143,-0.17330723620142544,-0.15293318979234838,0.034908737615033034,-0.006401402361959192,-0.05807199439531401,-0.096946007313643,-0.1529331897923484
2019-01-31,104.41,109.8,103.45,108.29,330968.19265,108.29,0.036104325637713396,0.036104325637713396,0.3331101780180994,0.2727080508642114,0.14856379609981218,0.04023491606672514,-0.04533332763040671,-0.031594671647943155,-0.05146858573429951,-0.08306325738224266,-0.12839658501264936,-0.08816166894592423,0.06040212715388796,0.3331101780180994,0.4212718469640236,0.4615067630307487,0.416173435400342,0.38457876375239886,0.33311017801809933
2019-02-01,108.29,110.61,105.46,106.44,290679.61935,106.44,-0.017231367530799693,-0.017231367530799693,-0.229138020613469,-0.23503554101906127,0.03021680233125961,0.08425479729016723,-0.038500469810537286,-0.023220487087427955,-0.04685312231786932,-0.07007360940529728,-0.10857407921583456,-0.024319281925667333,0.005897520405592278,-0.229138020613469,-0.20481873868780165,-0.12056394139763442,-0.15906441120817172,-0.18228489829559968,-0.229138020613469
2019-02-02,106.47,108.35,103.77,106.73,243149.88435,106.73,0.002720834816385272,0.002720834816385272,-0.018808142777364756,-0.037657401012090426,0.012708962405901488,0.08730352455677577,-0.02527718506356286,-0.013764004891260844,-0.04212203877312792,-0.05588604366438877,-0.08116322872795163,0.006140295828824138,0.01884925823472563,-0.018808142777364797,-0.024948438606188936,0.062355085950586836,0.03707790088702398,0.023313895995763133,-0.01880814277736479
2019-02-03,106.71,111.15,106.07,110.42,186908.7573,110.42,0.033988995930025016,0.033988995930025016,0.3108110337302032,0.2650438239831232,0.06021767285537233,0.03837411576578814,-0.012601562245013747,-0.002995880291339479,-0.037227136337727375,-0.040223016629066854,-0.052824578874080604,-0.014450463108292462,0.045767209747079866,0.3108110337302031,0.32526149683849553,0.3636356126042837,0.35103405035926993,0.3480381700679305,0.3108110337302031
2019-02-04,110.41,111.11,105.82,107.36,227211.54064,107.36,-0.028103603632526907,-0.028103603632526907,-0.3437497337111062,-0.27202088507871,0.0070920323596227785,-0.05204486084038573,-0.0031995968490858774,0.00859985742784955,-0.03217628073039691,-0.02357642330254736,-0.02677602015163324,-0.07882088099201898,-0.0717288486323962,-0.3437497337111062,-0.26492885271908717,-0.3169737135594729,-0.3201733104085588,-0.31157345298070926,-0.3437497337111062
2019-02-05,107.33,109.3,106.57,107.68,160850.10293,107.68,0.002976192673046176,0.002976192673046176,-0.016116240106101243,0.11115370916231872,-0.025764159110260233,-0.10069096756768671,0.005524182797923941,0.02061162633255619,-0.026950631720953126,-0.006339005388396938,-0.0008148225904729967,-0.1015057901581597,-0.12726994926841995,-0.01611624010610123,0.08538955005205848,-0.015301417515628232,-0.009777234717704291,0.010834391614851897,-0.01611624010610123
2019-02-06,107.65,108.18,106.47,107.27,159730.1886,107.27,-0.0038148452870799027,-0.0038148452870799027,-0.08770523863764382,0.09256581736495374,-0.11309523812343363,-0.08847892614082983,0.009717150894472105,0.03324152318793626,-0.02165556582074245,0.011585957367193808,0.021303108261665912,-0.06717581787916392,-0.18027105600259755,-0.0877052386376438,-0.020529420758479883,-0.10900834689930972,-0.09929119600483761,-0.06604967281690136,-0.0877052386376438
2019-02-07,107.28,107.83,101.21,104.5,337204.30254,104.5,-0.0261619492044721,-0.0261619492044721,-0.3232814199106341,-0.13544150950867978,-0.19797915855698878,-0.027746801757968304,0.009029794326345538,0.04517939632908965,-0.01632314074243236,0.02885625558665729,0.03788604991300283,0.010139248155034527,-0.18783991040195425,-0.323281419910634,-0.33342066806566856,-0.36116746982363684,-0.3521376754972913,-0.3069582791682017,-0.323281419910634
2019-02-08,104.49,106.18,103.82,104.48,147942.07683,104.48,-0.00019140587674467132,-0.00019140587674467132,-0.049508073469565955,-0.201073671088657,0.013810013006074458,0.08445612789635262,0.00742905144145267,0.0568625652410749,-0.010992159965863665,0.04587040527521123,0.053299456716663904,0.1377555846130165,0.15156559761909097,-0.04950807346956604,-0.18726365808258255,-0.10280753018622993,-0.09537847874477726,-0.038515913503702356,-0.049508073469566025
2019-02-09,104.48,123.0,103.41,119.25,589950.64925,119.25,0.13222646424032966,0.09936647749342571,1.0000000000000004,0.5132183076888208,0.2642539070156746,0.156369386078909,0.004208563078224858,0.06776858667284798,-0.005818750534476987,0.06194983613837099,0.06615839921659585,0.22252778529550482,0.4867816923111794,1.0000000000000002,0.7774722147044955,0.9338416007834045,0.9380501638616293,1.0058187505344773,1.0000000000000004
2019-02-10,119.32,121.99,117.64,119.19,328067.9574,119.19,-0.0005032712738333543,-0.0005032712738333543,-0.05279566096139116,-0.44571812928998705,0.17199560799607883,0.14844009830748747,-0.0028364713305921744,0.07628180279389096,-0.0009585694382693169,0.07532323335562165,0.07248676202502947,0.22092686033251696,0.3929224683285958,-0.052795660961391266,-0.2737225212939082,-0.12528242298642076,-0.12811889431701293,-0.051837091523121964,-0.05279566096139128
2019-02-11,119.19,126.49,115.81,125.12,385819.09619,125.12,0.04855441830238373,0.04855441830238373,0.46435516158642953,0.3578361345124813,-0.05040805971633578,0.07471280257507303,-0.0046283072235569385,0.08325018194180943,0.003592409496958335,0.08684259143876777,0.08221428421521083,0.15692708679028386,0.10651902707394809,0.4643551615864294,0.30742807479614553,0.38214087737121855,0.3775125701476616,0.46076275208947104,0.46435516158642937
2019-02-12,125.12,125.28,119.24,120.89,389405.30404,120.89,-0.03439223558310046,-0.03439223558310046,-0.4100425251987072,-0.33346041501675755,-0.1084414061937092,-0.0644919569552073,9.762142367654147e-05,0.088458335185081,0.007795296358209345,0.09625363154329035,0.0963512529669669,0.03185929601175959,-0.07658211018194962,-0.41004252519870715,-0.4419018212104667,-0.506393778165674,-0.5062961567419975,-0.41783782155691646,-0.4100425251987071
2019-02-13,120.88,123.89,118.18,122.41,343765.66987,122.41,0.012495024873520626,0.012495024873520626,0.08422831229117533,0.1844146527043052,-0.035717137250744734,-0.17627190511709112,0.00785135526305136,0.0923611813644477,0.01159016532720688,0.10395134669165457,0.11180270195470593,-0.06446920316238519,-0.10018634041312993,0.08422831229117528,0.14869751545356047,-0.027574389663530652,-0.019723034400479292,0.0726381469639684,0.08422831229117528
2019-02-14,122.4,126.47,120.7,121.86,317827.31956,121.86,-0.004503221267072778,-0.004503221267072778,-0.09496188295478797,-0.006846189942973537,-0.0007199511408270343,-0.21767354261686261,0.020410714012458867,0.09484975754090821,0.015017329192508188,0.1098670867334164,0.13027780074587528,-0.08739574187098734,-0.08811569301181438,-0.09496188295478791,-0.007566141083800571,-0.2252396837006632,-0.20482896968820433,-0.10997921214729611,-0.09496188295478793
2019-02-15,121.86,124.5,120.1,120.42,297205.78738,120.42,-0.01188721278404648,-0.01188721278404648,-0.1728016124584851,-0.06276440028206627,-0.09359443249055793,-0.16601342448697198,0.035969965238244556,0.09559254803983487,0.01800813152303164,0.11360067956286651,0.14957064480111107,-0.016442779685860914,-0.11003721217641885,-0.17280161245848513,-0.1563588327726242,-0.3223722572595962,-0.2864022920213516,-0.19080974398151673,-0.1728016124584851
2019-02-16,120.47,124.25,120.19,121.67,255296.0814,121.67,0.010326829763056029,0.010326829763056029,0.06137187745889733,0.09769167927524004,-0.17227242727327743,-0.03269351924867373,0.05312347029490437,0.09494777957177152,0.02057489483893248,0.11552267441070399,0.16864614470560835,0.13595262545693462,-0.03631980181634281,0.06137187745889723,-0.07458074799803739,-0.10727426724671113,-0.05415079695180676,0.040796982619964756,0.06137187745889723
2019-02-17,121.66,124.99,121.54,122.67,215320.70134,122.67,0.00818536124530283,0.00818536124530283,0.03879718600923679,-0.2504685862357138,0.010317621443280961,0.09150219659494185,0.07213805034532342,0.09251749977076199,0.022790404090642296,0.11530790386140428,0.18744595420672772,0.27894815080166957,0.28926577224495054,0.03879718600923676,-0.2401509647924328,-0.14864876819749095,-0.07651071785216754,0.016006781918594448,0.03879718600923675
2019-02-18,122.67,135.61,122.43,133.75,614788.60078,133.75,0.08647456273145526,0.08647456273145526,0.8640974660453321,0.1853766674792023,0.28778754984992433,0.1904230308368614,0.08780746314588832,0.08819536843748581,0.02450738629596964,0.11270275473345545,0.20051021787934376,0.39093324871620516,0.6787207985661294,0.8640974660453318,0.4731642173291266,0.663587248165988,0.7513947113118763,0.8395900797493621,0.8640974660453317
2019-02-19,133.77,148.3,132.42,145.69,1079830.1502,145.69,0.08550869088978857,0.08550869088978857,0.8539155471309147,0.2377062480649496,0.22331401578147583,0.194046009223424,0.09132159718601651,0.08186687676231358,0.025660800112734902,0.10752767687504848,0.198849274061065,0.39289528328448897,0.6162092990659648,0.8539155471309143,0.46102026384642547,0.6550662730698494,0.746387870255866,0.8282547470181796,0.8539155471309144
2019-02-20,145.69,150.0,142.36,143.44,747968.90445,143.44,-0.015564247369027036,-0.015564247369027036,-0.2115637611977799,-0.43069360727662337,-0.08559702737223764,0.12199501971316735,0.08286566726936456,0.0735816239755654,0.026284562492983835,0.09986618646854924,0.18273185373791379,0.3047268734510811,0.2191298460788435,-0.21156376119777986,-0.516290634648861,-0.3942956149356937,-0.31142994766632914,-0.23784832369076375,-0.21156376119777992
2019-02-21,143.45,149.52,139.6,148.44,614303.61007,148.44,0.03426400689551942,0.03426400689551942,0.3137101133290119,0.33320336402895784,-0.22997487720115664,0.05319864603178317,0.06720641662679892,0.0635910286920192,0.026485535150609342,0.09007656384262855,0.15728298046942746,0.21048162650121063,-0.019493250699946008,0.31371011332901183,0.1032284868278012,0.15642713285958437,0.2236335494863833,0.2872245781784025,0.3137101133290119
2019-02-22,148.42,149.61,142.7,145.69,447364.40873,145.69,-0.018699759526492377,-0.018699759526492377,-0.24461734984717287,-0.2355399878240194,-0.09012032555625972,-0.04229792561051567,0.04511328528484593,0.051884326697394074,0.026343277161381944,0.07822760385877602,0.12334088914362194,0.08104296353310628,-0.009077362023153443,-0.24461734984717282,-0.3256603133802791,-0.3679582389907948,-0.32284495370594885,-0.2709606270085548,-0.24461734984717284
2019-02-23,145.68,148.85,143.85,147.36,366251.18542,147.36,0.011397495841092245,0.011397495841092245,0.07265850444262931,-0.07828278075511844,0.1398548478100089,-0.07371914150670973,0.019129735196279474,0.03977128250725837,0.02590456119091071,0.06567584369816909,0.08480557889444856,0.011086437387738832,0.15094128519774774,0.07265850444262931,0.06157206705489046,-0.01214707445181927,0.0069826607444602035,0.046753943251718576,0.07265850444262928
2019-02-24,147.4,159.6,145.78,157.79,588183.72896,157.79,0.06838646254058085,0.06838646254058085,0.6734183702125558,0.6018770435285945,0.09349712586326363,-0.06277446544931152,-0.011050517936257893,0.026675405777104713,0.02519377842916215,0.05186918420626686,0.04081866627000897,-0.02195579917930255,0.07154132668396107,0.6734183702125556,0.6953741693918581,0.6325997039425466,0.6215491860062887,0.6482245917833934,0.6734183702125556
2019-02-25,157.75,166.0,131.7,132.1,1260506.80672,132.1,-0.177705823519298,-0.09035647154696086,-1.0,-0.8148387542699589,-0.11357023938152443,-0.06416443430530329,-0.04460382573895014,0.012917330691455791,0.024259923004281116,0.037177253695736906,-0.007426572043213231,-0.07159100634851652,-0.18516124573004095,-0.9999999999999998,-0.9284089936514833,-0.9925734279567866,-1.0371772536957367,-1.0242599230042808,-0.9999999999999997
2019-02-26,132.1,141.55,131.89,137.87,801147.09543,137.87,0.04275200065525803,0.04275200065525803,0.4031878892403673,0.5334636805148687,-0.06365498308037087,-0.018925771972252148,-0.07156380180740168,0.0006176364778247872,0.023251129107698536,0.023868765585523324,-0.04769503622187836,-0.0666208081941305,-0.1302757912745014,0.4031878892403673,0.4698086974344978,0.4508829254622457,0.379319123654844,0.3799367601326688,0.40318788924036736
2019-02-27,137.88,138.41,133.72,136.22,432944.17033,136.22,-0.012039986370365378,-0.012039986370365378,-0.17441210383121172,-0.14150051514316717,0.05358172614003533,-0.012722219863158515,-0.08497087437742318,-0.010946329048033913,0.022146108460535774,0.01119977941250186,-0.07377109496492132,-0.08649331482807983,-0.0329115886880445,-0.17441210383121167,-0.08791878900313184,-0.10064100886629035,-0.18561188324371353,-0.19655821229174744,-0.17441210383121167
2019-02-28,136.22,140.29,126.84,135.02,567202.61035,135.02,-0.00884831019944782,-0.00884831019944782,-0.14076645171520816,-0.054514182966937316,0.027085948362657406,-0.02663196584005704,-0.08636963163071483,-0.02127642490659164,0.0209398052664353,-0.00033661964015634094,-0.08670625127087117,-0.1133382171109282,-0.0862522687482708,-0.14076645171520813,-0.02742823460427991,-0.054060200444336945,-0.14042983207505177,-0.16170625698164343,-0.14076645171520813
2019-03-01,135.03,139.0,132.1,135.34,579327.31749,135.34,0.002367215190355024,0.002367215190355024,-0.022535890293612484,0.04832578306489907,0.04862084822247335,-0.027451672997548537,-0.08144895971374494,-0.030198951198286063,0.019617062328594684,-0.010581888869691379,-0.09203084858343633,-0.11948252158098487,-0.07086167335851151,-0.022535890293612443,0.09694663128737241,0.06949495828982387,-0.01195400142392107,-0.042152952622207134,-0.02253589029361245
2019-03-02,135.32,137.95,134.9,135.32,302632.02831,135.32,-0.00014778689157178527,-0.00014778689157178527,-0.04904825576808588,0.03660412179587909,0.06574180227751829,-0.05898572777365256,-0.07242489613147571,-0.038137240136727556,0.018153684200372597,-0.01998355593635496,-0.09240845206783066,-0.15139417984148323,-0.08565237756396495,-0.04904825576808586,0.10234592407339738,0.043360196299744816,-0.029064699831730892,-0.06720193996845844,-0.049048255768085844
2019-03-03,135.32,136.12,130.03,132.56,297005.28093,132.56,-0.020606970794200145,-0.020606970794200145,-0.26472257462208165,-0.03911281561531855,-0.09041119276637286,-0.04793226531017501,-0.058794963893442256,-0.045147111747416833,0.0166757747106439,-0.028471337036772935,-0.08726630093021519,-0.1351985662403902,-0.22560975900676306,-0.2647225746220816,-0.1295240083816914,-0.1774562736918664,-0.23625123758530864,-0.28139834933272545,-0.26472257462208154
2019-03-04,132.54,134.6,128.01,130.6,222453.2859,130.6,-0.014896156275976886,-0.014896156275976886,-0.20452095381544333,0.09955416902203333,-0.22050163032720693,-0.007367193867167296,-0.04020798944043121,-0.05119116719252526,0.015192857989854133,-0.03599830920267113,-0.07620629864310234,-0.08357349251026963,-0.30407512283747656,-0.20452095381544322,-0.1209474613051736,-0.1283146551723409,-0.1685226446127721,-0.21971381180529737,-0.20452095381544322
2019-03-05,130.6,131.11,122.6,125.65,403947.79445,125.65,-0.038638952852729384,-0.038638952852729384,-0.45481009065253036,-0.4112977250453468,-0.021849529387748583,0.03831649079320488,-0.01765714088684863,-0.056041186610414934,0.013719000484623784,-0.04232218612579115,-0.059979327012639784,-0.021662836219434906,-0.04351236560718349,-0.45481009065253025,-0.4331472544330954,-0.3948307636398905,-0.4124879045267391,-0.468529091137154,-0.45481009065253025
2019-03-06,125.68,137.84,125.19,136.72,512631.23178,136.72,0.08443477481773422,0.08443477481773422,0.842594659726558,0.5300841696722316,0.2648464217543728,0.09381962601411573,0.0014496544337419144,-0.059861764003574194,0.012256551855670018,-0.047605212147904176,-0.046155557714162264,0.04766406829995346,0.31251049005432624,0.8425946597265579,0.7949305914266044,0.8887502174407201,0.890199871874462,0.8303381078708878,0.8425946597265578
2019-03-07,136.71,140.29,133.33,137.4,428826.87415,137.4,0.004961340980913528,0.004961340980913528,0.004810572574264288,-0.20720992983005151,0.1477253995054497,0.10438664693736889,0.011941162415693261,-0.06275469579512523,0.010721989340929165,-0.05203270645419607,-0.040091544038502805,0.06429510289886609,0.21202050240431577,0.00481057257426426,-0.059484530324601825,0.044902116612767065,0.05684327902846033,-0.005911416766664901,0.004810572574264264
2019-03-08,137.37,140.2,135.2,136.81,307336.4931,136.81,-0.004303277856226298,-0.004303277856226298,-0.09285414204249676,0.01745799500916613,-0.1434606405921521,0.07203267199476752,0.01645142180713549,-0.06453671135362143,0.009201121092207717,-0.055335590261413714,-0.03888416845427822,0.0331485035404893,-0.1103121370516628,-0.09285414204249667,-0.12600264558298596,-0.05396997358821844,-0.037518551781082946,-0.10205526313470438,-0.09285414204249666
2019-03-09,136.82,139.34,130.62,133.52,330283.58233,133.52,-0.024341822578442984,-0.024341822578442984,-0.3040942141958245,-0.17648708481888803,-0.10326248062791227,0.012434930625501476,0.02063220986318465,-0.06508496682547554,0.007673177587765278,-0.057411789237710266,-0.03677957937452561,-0.024344648749024138,-0.1276071293769364,-0.30409421419582444,-0.2797495654468003,-0.2673146348212988,-0.24668242495811415,-0.3117673917835897,-0.30409421419582444
2019-03-10,133.51,138.65,132.93,137.27,279861.12049,137.27,0.027698509909988674,0.027698509909988674,0.24449869722211653,0.2633500986053603,0.06660557552714208,-0.05398245937757808,0.02654218083758119,-0.06412016367219806,0.006103465301809024,-0.05801669837038903,-0.03147451753280784,-0.08545697691038592,-0.018851401383243843,0.24449869722211645,0.3299556741325024,0.2759732147549243,0.3025153955925055,0.23839523192030745,0.24449869722211648
2019-03-11,137.27,137.5,134.0,135.37,203965.16815,135.37,-0.01393801906587344,-0.01393801906587344,-0.1944205709682477,-0.10204175954124792,0.03140556693279672,-0.09611579462601377,0.03032818025136512,-0.06242696402504059,0.004430200039892777,-0.05799676398514781,-0.02766858373378269,-0.12378437835979647,-0.09237881142699975,-0.19442057096824766,-0.07063619260845119,-0.16675198723446497,-0.13642380698309986,-0.19885077100814044,-0.19442057096824766
2019-03-12,135.37,136.15,131.0,132.67,264587.00683,132.67,-0.020146928268869546,-0.020146928268869546,-0.2598729501812064,-0.09155753519793056,-0.04378773121321751,-0.09905176763795509,0.03096307818758097,-0.059070479267095244,0.002631484947411089,-0.05643899431968415,-0.025475916132103184,-0.12452768377005827,-0.1683154149832758,-0.2598729501812064,-0.13534526641114808,-0.23439703404910317,-0.2034339558615222,-0.26250443512861743,-0.2598729501812063
2019-03-13,132.67,135.3,130.77,133.57,194905.96843,133.57,0.006760843060188734,0.006760843060188734,0.02378036076675273,0.15810939655998246,-0.049363111254202625,-0.06052036029599226,0.02868393362509638,-0.05395545586605468,0.0008259579979234843,-0.0531294978681312,-0.024445564243034817,-0.08496592453902707,-0.1343290357932297,0.023780360766752773,0.10874628530577984,0.04822592500978758,0.07690985863488396,0.022954402768829284,0.02378036076675277
2019-03-14,133.62,133.65,130.58,131.65,209456.09848,131.65,-0.0144787990466955,-0.0144787990466955,-0.20012130441728282,-0.10295917389872664,-0.07038181146160735,-0.002719969272930793,0.025649246775722133,-0.04880350519118936,-0.0009060913685507672,-0.049709596559740124,-0.02406034978401799,-0.026780319056948783,-0.09716213051855613,-0.20012130441728276,-0.173340985360334,-0.1760609546332648,-0.15041170785754265,-0.19921521304873202,-0.2001213044172828
2019-03-15,131.69,135.11,128.52,132.2,258413.81868,132.2,0.004169041475267359,0.004169041475267359,-0.003541601052106144,-0.04324126879250409,0.003034288467168379,0.057640353673391174,0.02465539979516152,-0.04306881545946145,-0.0025615587358616904,-0.04563037419532314,-0.02097497440016162,0.036665379273229555,0.03969966774039793,-0.003541601052106158,-0.04020698032533571,0.01743337334805546,0.04208877314321698,-0.0009800423162444685,-0.003541601052106159
2019-03-16,132.24,137.62,132.18,136.56,295832.26562,136.56,0.03244815106859936,0.03244815106859936,0.29456792904287665,0.0651399355194002,0.1544366126935469,0.09277371490974294,0.02368242655628091,-0.03732510631143834,-0.004139654324655987,-0.041464760636094326,-0.017782334079813417,0.07499138082992952,0.22942799352347643,0.29456792904287665,0.2195765482129471,0.31235026312269004,0.33603268967897093,0.2987075833675326,0.29456792904287665
2019-03-17,136.6,144.47,136.51,140.92,474664.10197,140.92,0.031428274986851655,0.031428274986851655,0.2838167143173391,0.11469071056016002,0.10131907833495651,0.08723237173212307,0.018391570213858097,-0.03217358363478191,-0.0056434328889767155,-0.03781701652375863,-0.01942544630990053,0.06780692542222254,0.16912600375717907,0.28381671431733907,0.21600978889511652,0.3032421606272396,0.3216337308410977,0.2894601472063158,0.28381671431733907
2019-03-18,140.94,141.07,137.2,138.67,252697.08148,138.67,-0.01609534370726403,-0.01609534370726403,-0.2171624127148817,-0.15236937645380777,-0.09169260161359373,0.05416003508373715,0.006760482610834038,-0.026950783111089584,-0.007070169230961729,-0.03402095234205131,-0.027260469731217273,0.026899565352519878,-0.06479303626107386,-0.21716241271488163,-0.24406197806740149,-0.18990194298366433,-0.1831414603728303,-0.2100922434839199,-0.21716241271488163
2019-03-19,138.67,142.01,136.1,137.59,281718.96195,137.59,-0.007818761326047596,-0.007818761326047596,-0.12991326944487497,-0.013425486418334694,-0.08620589985106943,0.007184970586310274,-0.008090813815020817,-0.021058362076592483,-0.008317677870167774,-0.029376039946760257,-0.03746685376178108,-0.030281883175470804,-0.11648778302654023,-0.1299132694448749,-0.09963138626940413,-0.09244641568309385,-0.10053722949811467,-0.12159559157470715,-0.1299132694448749
2019-03-20,137.62,139.38,136.97,138.55,218577.45208,138.55,0.006953022869262409,0.006953022869262409,0.02580626021693222,0.0631047947780007,0.038986805597847916,-0.029925305453723686,-0.02205189110259904,-0.014919643725628212,-0.00938849987696544,-0.024308143602593653,-0.04636003470519269,-0.07628534015891637,-0.03729853456106846,0.02580626021693224,0.1020916003758486,0.07216629492212492,0.05011440381952588,0.035194760093897666,0.025806260216932227
2019-03-21,138.56,139.66,136.01,139.01,222883.51754,139.01,0.0033146016800135883,0.0033146016800135883,-0.012548838179459516,0.08476877366503865,0.0033180686327098814,-0.04791213348484143,-0.033749106384646885,-0.008665103339807693,-0.010309337267912019,-0.01897444060771971,-0.052723546992366595,-0.10063568047720803,-0.09731761184449815,-0.012548838179459496,0.08808684229774853,0.040174708812907106,0.006425602428260221,-0.0022395009115474714,-0.01254883817945949
2019-03-22,139.04,139.55,131.21,134.85,312531.39368,134.85,-0.030382823403262295,-0.030382823403262295,-0.36777655579313284,-0.2001551659775838,-0.06206887168039648,-0.04898661006293785,-0.043824589114605836,-0.0017197339917372012,-0.011021584965871618,-0.01274131895760882,-0.056565908072214656,-0.10555251813515251,-0.167621389815549,-0.3677765557931328,-0.26222403765798025,-0.3112106477209181,-0.35503523683552396,-0.35675497082726115,-0.3677765557931328
2019-03-23,134.85,137.2,134.29,135.98,186119.74745,135.98,0.008344766512574611,0.008344766512574611,0.04047758648875757,0.10299736603329557,0.03749794035421819,-0.04293140833709623,-0.051699543275069045,0.00609293243941204,-0.011479700726002939,-0.005386768286590899,-0.05708631156165994,-0.10001771989875617,-0.06251977954453798,0.040477586488757586,0.14049530638751376,0.09756389805041753,0.04586435477534848,0.05195728721476052,0.04047758648875758
2019-03-24,135.92,138.21,135.6,137.28,174710.43059,137.28,0.009514819641338709,0.009514819641338709,0.05281192068166564,0.05280604649453616,0.09062232183606302,-0.03549344350435089,-0.058128915119973215,0.014745535105325574,-0.011739624129935004,0.003005910975390569,-0.05512300414458265,-0.09061644764893353,5.874187129481512e-06,0.05281192068166564,0.1434283683305992,0.10793492482624831,0.04980600970627509,0.06455154481160066,0.05281192068166566
2019-03-25,137.28,137.37,134.75,136.09,198490.45124,136.09,-0.008706204167425862,-0.008706204167425862,-0.13926841436399973,-0.02508871056177988,-0.047625978594672304,-0.01802602414727922,-0.06041133968249758,0.02380736161052669,-0.011923722988297412,0.011883638622229279,-0.048527701060268304,-0.06655372520754753,-0.11417970380221984,-0.13926841436399973,-0.07271468915645218,-0.0907407133037314,-0.15115205298622897,-0.12734469137570228,-0.1392684143639997
2019-03-26,136.12,136.83,131.6,133.98,230880.285,133.98,-0.015625896492104833,-0.015625896492104833,-0.21221364697479966,-0.062000274911979285,-0.11603693606090501,-0.0006092291156449303,-0.05411044882960462,0.03259280558844058,-0.012049563645106358,0.020543241943334227,-0.03356720688627039,-0.03417643600191532,-0.15021337206282032,-0.2122136469747996,-0.1780372109728843,-0.17864644008852923,-0.23275688891813384,-0.20016408332969327,-0.21221364697479964
2019-03-27,133.97,134.74,132.27,134.18,183139.11426,134.18,0.0014916470546205002,0.0014916470546205002,-0.031765855779212655,-0.044258110657797306,0.006044793278755297,0.015278584773548718,-0.03773345128275657,0.04099628218878442,-0.012093954079747221,0.0289023281090372,-0.008831123173719369,0.006447461599829349,0.012492254878584647,-0.03176585577921266,-0.03821331737904201,-0.022934732605493294,-0.06066818388824986,-0.019671901699465442,-0.03176585577921266
2019-03-28,134.14,140.14,133.84,139.45,317167.45325,139.45,0.038523931938755814,0.038523931938755814,0.3586169110019658,0.2279405046147969,0.0855233454047689,0.027722650262072254,-0.01828936812061807,0.04782274447817452,-0.0121029656372288,0.03571977884094572,0.017430410720327652,0.045153060982399906,0.13067640638716882,0.3586169110019657,0.3134638500195658,0.34118650028163805,0.32289713216102,0.37071987663919453,0.35861691100196574
2019-03-29,139.46,139.57,137.3,137.86,163185.6991,137.86,-0.011467436615992033,-0.011467436615992033,-0.16837646336421197,-0.2960251828341611,0.06987523972425258,0.016140381715444855,0.0008713424288066498,0.05290879874311964,-0.012147043141674594,0.04076175560144505,0.0416330980302517,0.05777347974569655,0.12764871946994913,-0.168376463364212,-0.22614994310990855,-0.2100095613944637,-0.20913821896565704,-0.15622942022253739,-0.16837646336421197
2019-03-30,137.85,143.6,137.62,143.25,235853.0454,143.25,0.03835267813734301,0.03835267813734301,0.356811606980718,0.2527111158650232,0.040032017105288635,-0.0025241552178347907,0.021664017148250708,0.057214255556729245,-0.012285643476739067,0.044928612079990174,0.06659262922824088,0.06406847401040609,0.10410049111569472,0.3568116069807179,0.29274313297031185,0.29021897775247707,0.3118829949007278,0.36909725045745706,0.356811606980718
2019-03-31,143.25,145.89,140.06,142.46,254798.70067,142.46,-0.005530097044641082,-0.005530097044641082,-0.10578688628477217,-0.07487089312373599,-0.11087901420189204,-0.008689972376416104,0.04087049988899411,0.06024410856781815,-0.012461615039540285,0.04778249352827787,0.08865299341727198,0.07996302104085587,-0.030915993161036173,-0.10578688628477216,-0.18574990732562802,-0.19443987970204413,-0.15356937981305002,-0.09332527124523188,-0.10578688628477216
2019-04-01,142.44,142.5,140.42,141.38,142469.21171,141.38,-0.007609957807399801,-0.007609957807399801,-0.12771212804681095,-0.031383186832729164,-0.18551050432606048,-0.022662108861680786,0.062141071877405946,0.062330667280100414,-0.012628067183846802,0.049702600096253616,0.11184367197365956,0.08918156311197878,-0.0963289412140817,-0.12771212804681087,-0.21689369115878965,-0.23955580002047044,-0.1774147281430645,-0.11508406086296408,-0.12771212804681087
2019-04-02,141.41,143.08,139.57,141.24,234310.19161,141.24,-0.0009907296826222667,-0.0009907296826222667,-0.05793429507238789,-0.2700303547892653,0.09948999291537487,-0.02118856281807839,0.08231458778830517,0.0641919836556341,-0.012711941824358378,0.05148004183127572,0.13379462961958088,0.1126060668015025,0.21209605971687737,-0.057934295072387926,-0.17054036187389043,-0.19172892469196884,-0.10941433690366367,-0.045222353248029576,-0.057934295072387954
2019-04-03,141.24,165.6,141.0,163.31,906868.8586,163.31,0.14518966402846623,0.09936647749342571,1.0000000000000004,0.6014699879506783,0.2572961028350665,-0.004410061175960723,0.09314293903179771,0.06524878581060518,-0.01274775445218671,0.05250103135841847,0.14564397039021618,0.14123390921425547,0.3985300120493219,1.0000000000000002,0.8587660907857448,0.8543560296097841,0.9474989686415818,1.012747754452187,1.0000000000000002
2019-04-04,163.26,177.81,149.23,159.96,1345344.53845,159.96,-0.020726451110034218,-0.020726451110034218,-0.2659820987485872,-0.3563163934079576,-0.04541874111267241,-0.005277034983086696,0.0892037979352139,0.06474563414727655,-0.012919361327360998,0.05182627281991555,0.14103007075512944,0.13575303577204273,0.09033429465937032,-0.2659820987485873,-0.40173513452063003,-0.4070121695037167,-0.31780837156850283,-0.2530627374212263,-0.2659820987485873
2019-04-05,159.96,164.0,152.8,157.36,686080.95248,157.36,-0.01638760989781389,-0.01638760989781389,-0.22024339150029626,-0.14478139338907087,-0.23387213953634345,0.03172012614914026,0.07663196558121321,0.0631822344466597,-0.013124184751895095,0.0500580496947646,0.1266900152759778,0.15841014142511806,-0.07546199811122539,-0.22024339150029626,-0.3786535329254143,-0.34693340677627404,-0.27030144119506083,-0.20711920674840112,-0.2202433915002962
2019-04-06,157.33,167.83,155.94,164.77,516070.34553,164.77,0.04601438798853643,0.04601438798853643,0.4375789563176974,0.3191688037180059,-0.06882279596355775,0.07998986492339266,0.06014437119439938,0.06040544705791405,-0.013306734612456945,0.0470987124454571,0.10724308363985649,0.18723294856324915,0.1184101525996914,0.4375789563176973,0.25034600775444815,0.3303358726778408,0.3904802438722402,0.45088569093015424,0.4375789563176973
2019-04-07,164.84,172.77,159.2,165.5,528168.33297,165.5,0.004420632747777559,0.004420632747777559,-0.0008894045331004907,-0.27970422607244283,0.09806325527510361,0.10001348285357853,0.0385300352489205,0.055733610503556144,-0.01352556234181649,0.042208048161739654,0.08073808341066016,0.1807515662642387,0.2788148215393423,-0.0008894045331005462,-0.1816409707973392,-0.08162748794376068,-0.04309745269484018,0.012636157808715964,-0.0008894045331005254
2019-04-08,165.56,175.43,164.06,174.21,465507.52497,174.21,0.05129027323495061,0.05129027323495061,0.4931956887488499,0.18078041232046868,0.14381761826642406,0.11747524877673275,0.015785166689507094,0.04899646363325895,-0.01365922093754182,0.03533724269571713,0.05112240938522422,0.168597658161957,0.3124152764283811,0.4931956887488498,0.32459803058689274,0.4420732793636255,0.4578584460531326,0.5068549096863916,0.4931956887488498
2019-04-09,174.29,185.87,170.9,178.72,873410.07285,178.72,0.025558867268822328,0.025558867268822328,0.22194325359245975,0.04174301597441691,0.10342974661265227,0.06321190305504838,-0.01249080229721828,0.03982917736876014,-0.01377978712119969,0.02604939024756045,0.01355858795034217,0.07677049100539055,0.18020023761804282,0.22194325359245973,0.14517276258706918,0.20838466564211755,0.19589386334489928,0.2357230407136594,0.2219432535924597
2019-04-10,178.71,179.17,171.05,174.6,431986.36108,174.6,-0.023322691915388778,-0.023322691915388778,-0.29335085744105194,-0.24150961866477852,0.009378073337264205,-0.03550819553283232,-0.0404369486957357,0.028558234024254045,-0.01383240190922357,0.014725832115030474,-0.025711116580705226,-0.061219312113537545,-0.05184123877627334,-0.2933508574410519,-0.23213154532751432,-0.26763974086034664,-0.30807668955608236,-0.2795184555318283,-0.2933508574410519
2019-04-11,174.58,183.77,168.0,177.12,523943.20498,177.12,0.014329825554824868,0.014329825554824868,0.1035702073079312,0.3880836915090309,-0.11526262662243036,-0.11303740790950914,-0.058393603754451136,0.015826234132420187,-0.013646080047129219,0.002180154085290969,-0.05621344966916017,-0.1692508575786693,-0.2845134842010997,0.1035702073079312,0.2728210648866005,0.15978365697709138,0.10139005322264025,0.11721628735506043,0.1035702073079312
2019-04-12,177.12,177.48,158.27,164.07,661305.30321,164.07,-0.07653430293353575,-0.07653430293353575,-0.8542910208455302,-0.4130612413674188,-0.19382868630142194,-0.1746617702225532,-0.06211380653412486,0.0024761433130869232,-0.013101659733098169,-0.010625516420011246,-0.07273932295413611,-0.2474010931766893,-0.44122977947811126,-0.8542910208455301,-0.6068899276688408,-0.7815516978913939,-0.8436655044255188,-0.8411893611124319,-0.8542910208455301
2019-04-13,164.06,166.5,158.11,163.19,316337.87823,163.19,-0.005377999883947736,-0.005377999883947736,-0.1041835255794632,0.1798563534712598,-0.04030154751185605,-0.1666101565627922,-0.0545222844409186,-0.01051350583542128,-0.012092384699734785,-0.022605890535156065,-0.07712817497607466,-0.24373833153886687,-0.2840398790507229,-0.10418352557946312,0.13955480595940375,-0.027055350603388456,-0.08157763504430705,-0.09209114087972833,-0.10418352557946312
2019-04-14,163.2,165.37,160.74,162.99,179237.74574,162.99,-0.0012263169113018353,-0.0012263169113018353,-0.060417781965999465,-0.05096130833135783,0.16458107011018697,-0.09975726744215868,-0.04029972136929005,-0.023343940602321804,-0.01063661433105809,-0.0339805549333799,-0.07428027630266995,-0.17403754374482863,-0.009456473634641666,-0.06041778196599949,0.11361976177882914,0.013862494336670458,-0.026437227032619588,-0.04978116763494139,-0.06041778196599948
2019-04-15,162.99,168.11,161.2,167.23,186977.66211,167.23,0.025681261161489912,0.025681261161489912,0.22323349173483154,0.2465033780237819,0.06866173816292459,-0.025084853159806863,-0.021851730605779933,-0.036192660401496914,-0.008802380284791292,-0.04499504068628821,-0.06684677129206815,-0.09193162445187501,-0.023269886288950423,0.22323349173483148,0.3151651161867065,0.29008026302689965,0.2682285324211197,0.2320358720196228,0.2232334917348315
2019-04-16,167.21,168.81,155.7,159.95,351548.9079,159.95,-0.04450884399750441,-0.04450884399750441,-0.5166886475109893,-0.3965819926168756,-0.11625679580672649,0.054281274609348604,-0.003121576088704965,-0.048331365669310504,-0.006678191938720287,-0.05500955760803079,-0.05813113369673576,-0.003849859087387157,-0.12010665489411365,-0.5166886475109893,-0.5128387884236021,-0.45855751381425347,-0.4616790899029584,-0.5100104555722689,-0.5166886475109892
2019-04-17,159.91,166.73,159.41,165.37,240370.50441,165.37,0.03332412126657807,0.03332412126657807,0.3038021329429251,0.29908521242599734,-0.05994978815892871,0.1095656338861911,0.018902109655235835,-0.05942886473336069,-0.004372170132209884,-0.06380103486557058,-0.04489892521033474,0.06466670867585636,0.004716920516927653,0.303802132942925,0.23913542426706863,0.34870105815325975,0.36760316780849556,0.3081743030751349,0.303802132942925
2019-04-18,165.41,167.28,163.78,165.75,227841.54981,165.75,0.0022952414038668245,0.0022952414038668245,-0.02329461544365091,-0.21036356115000332,0.0940859277705413,0.1283491724408816,0.0365366885851787,-0.0699620133295872,-0.0019408297606619386,-0.07190284309024914,-0.035366154505070434,0.09298301793581115,0.18706894570635246,-0.023294615443650857,-0.11627763337946202,0.01207153906141957,0.04860822764659827,-0.021353785682988922,-0.02329461544365086
2019-04-19,165.75,175.2,165.04,173.33,396118.94407,173.33,0.04471666288724709,0.04471666288724709,0.42389874411508094,0.21777535563270056,0.11569309667349595,0.12702938617708504,0.04247317302126362,-0.07970250972443424,0.0006302423349699367,-0.07907226738946431,-0.03659909436820069,0.09043029180888434,0.2061233884823803,0.4238987441150809,0.3334684523061965,0.4604978384832815,0.5029710115045452,0.4232685017801109,0.4238987441150808
2019-04-20,173.34,173.55,168.59,172.64,320541.72166,172.64,-0.003988790443394629,-0.003988790443394629,-0.08953891408064674,-0.1429935499824915,0.0030891838793565356,0.09720266842083797,0.03810130410811711,-0.0881575957051394,0.0032190751986725776,-0.08493852050646682,-0.04683721639834971,0.05036545202248826,0.053454635901844794,-0.08953891408064671,-0.13990436610313498,-0.04270169768229701,-0.004600393574179899,-0.0927579892793193,-0.08953891408064672
2019-04-21,172.66,176.97,169.87,172.88,253596.48407,172.88,0.0013892106888061422,0.0013892106888061422,-0.03284570791447071,0.09176735467093601,-0.1059593322545668,0.046316497274012484,0.024729970067601456,-0.09551315834768344,0.005812960675229515,-0.08970019767245392,-0.06497022760485247,-0.01865373033083998,-0.12461306258540678,-0.032845707914470765,-0.014191977583630791,0.032124519690381693,0.05685448975798315,-0.03865866858970029,-0.03284570791447077
2019-04-22,172.89,173.48,164.82,168.59,283450.43943,168.59,-0.025127980370920695,-0.025127980370920695,-0.312381643802565,-0.16422414371480532,-0.05238940047381449,-0.008176645691779118,0.005134797413685939,-0.10113215750610038,0.008405906170248466,-0.09272625133585191,-0.08759145392216597,-0.09576809961394508,-0.14815750008775957,-0.3123816438025649,-0.2166135441886198,-0.22479018988039892,-0.21965539246671298,-0.32078754997281334,-0.3123816438025649
2019-04-23,168.59,172.3,167.0,170.52,269868.39876,170.52,0.011382860069299887,0.011382860069299887,0.0725042187131866,0.13617316412777952,0.1102033841301233,-0.06534394639705725,-0.014915590308719456,-0.10463650662460372,0.011023713785664257,-0.09361279283893946,-0.10852838314765892,-0.17387232954471615,-0.06366894541459285,0.07250421871318667,0.24637654825790284,0.18103260186084558,0.16611701155212613,0.06148050492752241,0.07250421871318667
2019-04-24,170.52,175.83,167.78,169.16,363523.34531,169.16,-0.008007579292721834,-0.008007579292721834,-0.13190372940377057,0.009088104692855772,0.08700015156777345,-0.10381651188644095,-0.03208414825146612,-0.10579832158564753,0.013706996059154817,-0.09209132552649271,-0.12417547377795883,-0.22799198566439977,-0.1409918340966263,-0.13190372940377054,0.09608825626062922,-0.007728255625811725,-0.039812403877277844,-0.14561072546292536,-0.13190372940377054
2019-04-25,169.15,169.87,159.26,164.78,426497.04153,164.78,-0.026233761716843818,-0.026233761716843818,-0.324038444959369,0.06678207677243381,-0.14286205036356614,-0.11177844257278824,-0.04869481435701696,-0.10401986364224708,0.016534649203815702,-0.08748521443843138,-0.13618002879544833,-0.24795847136823657,-0.3908205217318027,-0.3240384449593689,-0.07607997359113233,-0.18785841616392057,-0.23655323052093752,-0.3405730941631846,-0.3240384449593689
2019-04-26,164.78,165.49,150.35,154.72,422657.03239,154.72,-0.0629942191824598,-0.0629942191824598,-0.7115556920984143,-0.31479488601028377,-0.1623962334552705,-0.0963475285510942,-0.058350738526798944,-0.0993149413695715,0.01964863581460478,-0.07966630555496672,-0.13801704408176566,-0.23436457263285987,-0.39676080608813036,-0.7115556920984141,-0.47719111946555426,-0.5735386480166484,-0.6318893865434474,-0.7312043279130189,-0.7115556920984142
2019-04-27,154.7,162.56,151.4,157.95,500355.86283,157.95,0.02066149554310984,0.02066149554310984,0.17031669233054325,0.2618464492111361,0.09089855414554675,-0.056147442334139895,-0.05769382871054646,-0.09155225151338592,0.022965211531932653,-0.06858703998145327,-0.12628086869199973,-0.18242831102613963,-0.09152975688059288,0.1703166923305432,0.35274500335668285,0.296597561022543,0.23890373231199652,0.1473514807986106,0.17031669233054325
2019-04-28,157.93,166.24,156.35,159.31,215918.63842,159.31,0.008573462336709326,0.008573462336709326,0.042888426350687306,0.016557368967518193,0.1368063306456717,-0.0020502436903592513,-0.05313625475748283,-0.08164779058477789,0.026359015770117372,-0.05528877481466052,-0.10842502957214334,-0.11047527326250259,0.0263310573831691,0.04288842635068729,0.15336369961318988,0.15131345592283063,0.09817720116534781,0.01652941058056992,0.04288842635068729
2019-04-29,159.32,160.24,156.92,157.85,152976.30181,157.85,-0.009206774580802872,-0.009206774580802872,-0.14454527112707327,-0.04613751055269309,-0.04990200786631492,0.03811555527837711,-0.046618881460583086,-0.06980729135748726,0.02980486483162804,-0.04000242652585921,-0.0866213079864423,-0.04850575270806519,-0.09840776057438011,-0.14454527112707322,-0.09603951841900801,-0.057923963140630905,-0.10454284460121399,-0.17435013595870125,-0.14454527112707322
2019-04-30,157.86,159.05,152.0,155.11,243591.94898,155.11,-0.017510672367341055,-0.017510672367341055,-0.23208236485810652,-0.1806228592835166,-0.055420997917610064,0.0646099925686726,-0.03858417838459461,-0.05539243779223373,0.033328115951175984,-0.02206432184105775,-0.06064850022565236,0.003961492343020241,-0.05145950557458982,-0.2320823648581064,-0.23604385720112667,-0.17143386463245408,-0.21001804301704868,-0.2654104808092824,-0.23208236485810643
2019-05-01,155.14,162.89,155.11,161.83,305056.24653,161.83,0.042411858892134675,0.042411858892134675,0.3996022211401846,0.3209711942045097,0.033562490444662765,0.08214367188654612,-0.03502991039894475,-0.03896289414472188,0.036917669148132555,-0.0020452249965893232,-0.03707513539553407,0.04506853649101204,0.07863102693567481,0.3996022211401845,0.35453368464917245,0.4366773565357186,0.40164744613677383,0.36268455199205196,0.3996022211401845
2019-05-02,161.85,163.88,158.36,160.19,192517.62763,160.19,-0.010185790815402045,-0.010185790815402045,-0.15486575412136583,-0.22095755463983585,0.01662790433950611,0.06662540039333692,-0.036093615739574356,-0.02153032104842348,0.04046243257362478,0.0189321115252013,-0.017161504214373055,0.049463896178963865,0.06609180051846997,-0.15486575412136588,-0.20432965030032973,-0.13770424990699281,-0.17379786564656718,-0.19532818669499066,-0.15486575412136588
2019-05-03,160.2,163.48,158.5,161.81,289519.02025,161.81,0.010062196698324598,0.010062196698324598,0.058582198444630085,-0.03620616613211253,0.04059712175171708,0.050549268591748776,-0.03601192178835047,-0.0042501706927403834,0.043904066714367605,0.03965389602162722,0.0036419742332767513,0.05419124282502553,0.09478836457674261,0.058582198444630085,0.00439095561960455,0.054940224211353327,0.018928302423002856,0.014678131730262473,0.05858219844463008
2019-05-04,161.82,170.86,160.99,168.06,416357.52123,168.06,0.037898251088355435,0.037898251088355435,0.3520211791354198,0.28134082148135375,0.011258106127777286,0.03674502215805308,-0.037526080353278084,0.013118495101373973,0.047084814620139664,0.06020330972151364,0.022677229368235553,0.05942225152628863,0.07068035765406591,0.35202117913541964,0.29259892760913103,0.3293439497671841,0.29181786941390603,0.30493636451528,0.35202117913541964
2019-05-05,168.1,171.3,159.76,163.7,312928.58349,163.7,-0.026285574122983005,-0.026285574122983005,-0.3245846351424887,-0.24982492852082355,-0.10697937925466426,-0.007264555860484122,-0.04131786305738793,0.030770834829603733,0.050031256721267466,0.0808020915508712,0.03948422849348327,0.03221967263299915,-0.07475970662166512,-0.3245846351424887,-0.35680430777548783,-0.36406886363597196,-0.4053867266933599,-0.37461589186375616,-0.3245846351424887
2019-05-06,163.71,165.36,159.18,163.05,176029.10445,163.05,-0.003978582141760959,-0.003978582141760959,-0.0894313013570906,-0.11210901239838464,-0.009478381239551909,-0.02923380886613479,-0.03981476899554221,0.04825088124798341,0.05295378889453954,0.10120467014252295,0.06138990114698074,0.03215609228084595,0.02267771104129404,-0.0894313013570906,-0.12158739363793655,-0.15082120250407133,-0.19063597149961353,-0.14238509025163013,-0.08943130135709058
2019-05-07,163.05,178.05,157.55,173.0,506528.14278,173.0,0.05923469226245081,0.05923469226245081,0.5769432698156934,0.4027940488042171,0.14442085726019382,-0.06144745750183823,-0.029926798979358616,0.06533972998299299,0.05576289024948625,0.12110262023247924,0.09117582125312063,0.029728363751282398,0.17414922101147623,0.5769432698156933,0.5472149060644109,0.4857674485625727,0.4558406495832141,0.5211803795662071,0.5769432698156933
2019-05-08,172.98,182.76,167.89,169.18,732496.87861,169.18,-0.022328357621910447,-0.022328357621910447,-0.28286889626020745,-0.32724150163229804,0.029882278574842828,-0.11399122467977084,-0.01088853765494135,0.08094238290769137,0.05842770622426861,0.13937008913195997,0.12848155147701862,0.01449032679724778,0.044372605372090604,-0.28286889626020745,-0.2973592230574552,-0.41135044773722607,-0.4222389853921674,-0.341296602484476,-0.2828688962602074
2019-05-09,169.07,173.17,164.8,170.85,296436.29384,170.85,0.009822741685432247,0.009822741685432247,0.05605793857935276,0.14719223604560763,-0.14596660616055004,-0.121913863033063,0.020604988352299368,0.0951238105699015,0.061017372805157254,0.15614118337505875,0.17674617172735813,0.05483230869429513,-0.09113429746625491,0.05605793857935272,0.0012256298850575886,-0.1206882331480054,-0.10008324479570604,-0.00495943422580454,0.05605793857935271
2019-05-10,170.88,173.88,166.57,170.9,284663.99456,170.9,0.0002926115602443469,0.0002926115602443469,-0.04440571300724798,-0.04637393328577318,-0.09712540754848435,-0.13072280850925225,0.05869046288686561,0.1076905953682878,0.06343537808110833,0.17112597344939612,0.22981643633626173,0.09909362782700948,0.0019682202785251263,-0.044405713007248056,-0.14349934083425753,-0.27422214934350975,-0.21553168645664414,-0.10784109108835634,-0.04440571300724801
2019-05-11,170.96,176.7,168.46,172.91,425543.74021,172.91,0.011692637795152673,0.011692637795152673,0.07576979862768439,-0.2158914020380505,0.10444315399337997,-0.0875623021991748,0.09101717792949267,0.11804458861448756,0.06571858232754936,0.18376317094203692,0.2747803488715296,0.18721804667235478,0.29166120066573475,0.07576979862768426,-0.11144824804467052,-0.1990105502438453,-0.10799337231435265,0.010051216300134919,0.07576979862768428
2019-05-12,172.92,205.23,172.92,190.2,885292.38389,190.2,0.09530492219459197,0.09530492219459197,0.9571843541397923,0.5363997576561584,0.08411261966938528,0.02666521490937199,0.1161440170394116,0.1260292327369297,0.06783351212853497,0.19386274486546468,0.3100067619048763,0.3366719768142483,0.4207845964836336,0.957184354139792,0.6205123773255438,0.6471775922349158,0.7633216092743274,0.889350842011257,0.957184354139792
2019-05-13,190.2,204.32,181.0,188.11,823372.28148,188.11,-0.01104925200636061,-0.01104925200636061,-0.16396809198113377,-0.42737092439676183,-0.20179004675050674,0.12934749095865658,0.13568233640380306,0.1305302348558258,0.06963281694784929,0.20016305180367508,0.3358453882074781,0.4651928791661347,0.263402832415628,-0.16396809198113382,-0.6291609711472685,-0.49981348018861194,-0.3641311437848089,-0.23360090892898308,-0.1639680919811338
2019-05-14,188.07,206.87,185.32,195.84,669265.46524,195.84,0.040271101219032046,0.040271101219032046,0.3770350231925402,-0.02495778660888363,-0.18335958306453767,0.23836324859541427,0.1440021432071294,0.1319896122183223,0.07099738884509532,0.20298700106341763,0.34698914427054706,0.5853523928659613,0.4019928098014236,0.37703502319253995,-0.2083173696734213,0.03004587892199298,0.17404802212912238,0.3060376343474447,0.37703502319254
2019-05-15,195.83,219.81,194.19,216.4,864211.00603,216.4,0.09983054764836526,0.09936647749342571,1.0000000000000004,0.11527720715936596,0.2845488533852876,0.2604670129974419,0.1381699335802244,0.12971393206599022,0.07182306081169007,0.2015369928776803,0.3397069264579047,0.6001739394553466,0.8847227928406343,1.0000000000000002,0.3998260605446536,0.6602930735420955,0.79846300712232,0.9281769391883102,1.0000000000000002
2019-05-16,216.4,250.27,216.21,248.1,574697.29927,248.1,0.1367033437254289,0.09936647749342571,1.0000000000000004,0.023770106960450024,0.48931073652611307,0.17713446330598429,0.11483153440271582,0.12293495039273598,0.07201820841200107,0.19495315880473707,0.3097846932074529,0.4869191565134372,0.9762298930395503,1.0000000000000004,0.5130808434865631,0.6902153067925474,0.8050468411952632,0.9279817915879991,1.0000000000000002
2019-05-17,248.06,279.76,241.76,264.25,1733360.8936,264.25,0.06306373405259162,0.06306373405259162,0.6173078309771977,0.31652959267477204,-0.02422114824657664,0.06773393548214207,0.0729320351012442,0.11269651601280105,0.07163689995281484,0.1843334159656159,0.2572654510668601,0.3249993865490022,0.30077823830242556,0.6173078309771975,0.2923084444281954,0.3600423799103375,0.4329744150115817,0.5456709310243827,0.6173078309771975
2019-05-18,264.35,268.74,223.43,244.3,1529892.56898,244.3,-0.07849864648665214,-0.07849864648665214,-0.874998516307223,-0.44702036166766007,-0.5430084961478752,-0.07879776027486182,0.023138501734392112,0.09986243062045544,0.07082716942832659,0.17068960004878203,0.19382810178317414,0.11503034150831232,-0.42797815463956285,-0.8749985163072229,-0.9900288578155352,-1.068826618090397,-1.0456881163560048,-0.9458256857355494,-0.8749985163072228
2019-05-19,244.31,248.0,230.62,233.6,673218.09982,233.6,-0.04478672730962282,-0.04478672730962282,-0.5196180064896888,-0.2611979123692694,-0.23708971088573766,-0.15882055377013174,-0.0182037898294303,0.0859025104754356,0.06979144988944483,0.15569396036488042,0.13749017053545012,-0.021330383234681616,-0.2584200941204193,-0.5196180064896887,-0.4982876232550071,-0.6571081770251388,-0.6753119668545691,-0.5894094563791334,-0.5196180064896886
2019-05-20,233.57,264.0,231.77,259.51,823859.06342,259.51,0.10518498655486448,0.09936647749342571,1.0000000000000004,0.7706338145514203,0.309717976259519,-0.17340590741052847,-0.04597860786256574,0.07037165018255115,0.06866107427960395,0.1390327244621551,0.09305411659958934,-0.08035179081093913,0.2293661854485799,1.0000000000000002,1.0803517908109392,0.9069458834004107,0.860967275537845,0.9313389257203961,1.0
2019-05-21,259.37,259.49,238.0,250.37,666889.82241,250.37,-0.03585541376729072,-0.03585541376729072,-0.4254668920619779,-0.5442294488697715,0.23818183575618743,-0.17403289602023048,-0.06562496281577676,0.05285042680472253,0.06738815308289102,0.12023857988761355,0.05461361707183679,-0.11941927894839369,0.11876255680779374,-0.4254668920619778,-0.3060476131135841,-0.48008050913381456,-0.5457054719495913,-0.4928550451448688,-0.42546689206197774
2019-05-22,250.48,262.0,246.06,253.43,580249.69753,253.43,0.01214782703525749,0.01214782703525749,0.08056826125339361,0.2781393048723558,-0.09699476567450495,-0.12496069084184962,-0.07582379105489835,0.03409507737334597,0.06611312657894478,0.10020820395229074,0.02438441289739239,-0.10057627794445723,-0.19757104361896216,0.08056826125339361,0.18114453919785084,0.05618384835600122,-0.019639942698897128,0.014455134674448838,0.08056826125339361
2019-05-23,253.35,260.18,239.63,243.64,592848.95605,243.64,-0.03939592480861945,-0.03939592480861945,-0.4627898522967469,-0.2203243833836856,-0.1626095333495165,-0.08315298416639896,-0.07600791268789074,0.014462451586445772,0.06484250970429922,0.07930496129074499,0.0032970486028542495,-0.07985593556354471,-0.2424654689130612,-0.4627898522967468,-0.3829339167332021,-0.46608690089960103,-0.5420948135874918,-0.527632362001046,-0.4627898522967468
2019-05-24,243.68,247.34,231.1,244.56,600193.89368,244.56,0.0037689516142952895,0.0037689516142952895,-0.0077592232532759375,0.0912820693361858,-0.07430039811453672,-0.021190984132153118,-0.06233068571515859,-0.0048143954310482335,0.06359517080343496,0.05878077537238673,-0.003549910342771856,-0.024740894474924974,-0.09904129258946169,-0.007759223253275896,0.016981671221649078,-0.00420931291050404,-0.06653999862566262,-0.07135439405671086,-0.007759223253275896
2019-05-25,244.63,254.35,241.54,248.87,447066.92596,248.87,0.017469994193135604,0.017469994193135604,0.13667288312225545,0.07635780196280627,-0.009135283558070077,0.06398331734857346,-0.032789957254626446,-0.0240663560117749,0.06232336063534713,0.03825700462357223,0.005467047368945786,0.06945036471751925,0.060315081159449176,0.13667288312225545,0.0672225184047362,0.13120583575330966,0.09841587849868322,0.07434952248690832,0.13667288312225545
2019-05-26,248.84,257.33,247.22,250.22,332544.38731,250.22,0.0054098591135392764,0.0054098591135392764,0.009538710471069509,-0.1996419685281136,0.06954318196237334,0.12040287963371768,0.0015741854630803877,-0.043285766888710095,0.060946198828721806,0.01766043194001171,0.0192346174030921,0.13963749703680978,0.20918067899918313,0.009538710471069523,-0.13009878656574025,-0.009695906932022574,-0.008121721468942187,-0.051407488357652284,0.009538710471069523
2019-05-27,250.17,269.4,245.11,264.45,450090.22324,264.45,0.05531166662273484,0.05531166662273484,0.5355879603019152,0.2066629851705767,0.15796586238470908,0.14776790497188289,0.025627693571305656,-0.061796080472709874,0.05935959467615058,-0.002436485796559293,0.023191207774746363,0.17095911274662925,0.32892497513133834,0.535587960301915,0.3646288475552858,0.5123967525271687,0.5380244460984743,0.4762283656257644,0.535587960301915
2019-05-28,264.35,279.59,260.0,270.53,635463.50204,270.53,0.022730800355090723,0.022730800355090723,0.19213065656046238,-0.0618676824512874,0.12894259493175322,0.11510740828796313,0.031818727093656934,-0.07920983680954115,0.05733944550791761,-0.02187039130162354,0.009948335792033393,0.12505574407999653,0.25399833901174973,0.19213065656046233,0.06707491248046582,0.18218232076842894,0.21400104786208587,0.1347912110525447,0.19213065656046233
2019-05-29,270.7,275.95,264.45,271.03,409443.69364,271.03,0.0018465179927168068,0.0018465179927168068,-0.028024917322465762,-0.014887856149677308,-0.06037554114396998,0.05886362839486211,0.02743961090537655,-0.09410504992154735,0.055040290592490264,-0.039064759329057085,-0.011625148423680533,0.04723847997118158,-0.0131370611727884,-0.02802491732246571,-0.07526339729364728,-0.016399768898785173,0.011039842006591378,-0.08306520791495597,-0.02802491732246571
2019-05-30,271.08,274.04,260.05,268.83,383412.45769,268.83,-0.008150306295558737,-0.008150306295558737,-0.13340831283512466,0.12707887233711174,-0.22930233425635121,0.00530982005338831,0.017414344340543626,-0.10644634874412309,0.052537333434306055,-0.05390901530981704,-0.03649467096927341,-0.0311848509158851,-0.2604871851722363,-0.13340831283512455,-0.10222346191923948,-0.09691364186585116,-0.07949929752530754,-0.18594564626943064,-0.13340831283512458
2019-05-31,268.92,288.62,240.14,254.56,1066279.49387,254.56,-0.05454264497476105,-0.05454264497476105,-0.622461839715805,-0.4016471173912894,-0.13297680471013998,-0.026265951444205484,0.0035789853713022917,-0.11503339371448491,0.0498824421730127,-0.06515095154147221,-0.06157196617016992,-0.0878379176143754,-0.22081472232451538,-0.6224618397158048,-0.5346239221014294,-0.5608898735456349,-0.5573108881743326,-0.6723442818888176,-0.6224618397158048
2019-06-01,254.59,268.72,245.21,267.9,602153.87244,267.9,0.05107721196108632,0.05107721196108632,0.49094966342674784,0.4472114722657183,0.16198454377355434,-0.030614337160977244,-0.015414445259076936,-0.11935563770454606,0.04713806751207551,-0.07221757019247055,-0.08763201545154749,-0.11824635261252472,0.043738191161029616,0.4909496634267479,0.6091960160392726,0.5785816788782954,0.5631672336192184,0.44381159591467234,0.49094966342674784
2019-06-02,267.9,275.5,260.68,264.33,455676.98613,264.33,-0.013415454003814952,-0.013415454003814952,-0.1889118534967809,-0.28685947077820984,0.2610763740501081,-0.043109248738531086,-0.043856744327942246,-0.120432253153055,0.04426948945084923,-0.07616276370220577,-0.12001950803014802,-0.1631287567686791,0.09794761728142898,-0.18891185349678086,-0.02578309672810175,-0.06889234546663284,-0.11274908979457508,-0.2331813429476301,-0.18891185349678086
2019-06-03,264.33,273.2,263.2,268.88,301536.15062,268.88,0.017066860870102084,0.017066860870102084,0.13242317769576323,0.3344210760061727,-0.005393157561626966,-0.04576708356423905,-0.07361854356391105,-0.11859379188680472,0.04137467826617234,-0.07721911362063238,-0.15083765718454345,-0.1966047407487825,-0.20199789831040948,0.13242317769576323,0.32902791844454576,0.28326083488030673,0.20964229131639567,0.09104849942959095,0.13242317769576328
2019-06-04,268.87,270.0,248.0,249.91,397360.65275,249.91,-0.07316433037016003,-0.07316433037016003,-0.8187658239157867,-0.3123992302478292,-0.2826065882950801,-0.05491234530104581,-0.09248563115450203,-0.11481080033556178,0.03844877141823233,-0.07636202891732945,-0.1688476600718315,-0.2237600053728773,-0.5063665936679574,-0.8187658239157867,-0.5950058185429092,-0.6499181638439551,-0.7424037949984571,-0.8572145953340189,-0.8187658239157866
2019-06-05,250.02,251.67,234.39,241.39,633822.71246,241.39,-0.034686970262011486,-0.034686970262011486,-0.41314952601649746,-0.02193985671351585,-0.17461609128014868,-0.050042201021478314,-0.09394449274334599,-0.10832679267691411,0.03571990841890562,-0.07260688425800849,-0.16655137700135447,-0.2165935780228328,-0.3912096693029815,-0.41314952601649735,-0.19655594799366455,-0.24659814901514288,-0.34054264175848886,-0.44886943443540295,-0.41314952601649735
2019-06-06,241.46,250.41,237.37,245.63,335953.37927,245.63,0.017412455865758358,0.017412455865758358,0.1360663320680127,0.15530860178192907,0.15931748057308454,-0.03034800834512987,-0.08259937111136653,-0.09883156400450321,0.033219193173998705,-0.0656123708305045,-0.14821174194187103,-0.1785597502870009,-0.019242269713916377,0.1360663320680127,0.3146260823550136,0.28427807400988375,0.20167870289851722,0.102847138894014,0.13606633206801272
2019-06-07,245.62,250.66,235.01,248.76,297579.14734,248.76,0.012662237585251505,0.012662237585251505,0.08599101640869655,-0.026156895425574058,0.26465826875330406,-0.02755867401612977,-0.06867477214063149,-0.08704498748673101,0.03076807672445877,-0.05627691076227224,-0.12495168290290373,-0.1525103569190335,0.11214791183427056,0.0859910164086965,0.23850137332773,0.21094269931160023,0.14226792717096876,0.05522293968423775,0.08599101640869652
2019-06-08,248.77,253.28,243.46,248.77,353378.6568,248.77,4.019858099559179e-05,4.019858099559179e-05,-0.04706657170173331,0.03920815426126653,0.029916736939443446,-0.0175445704517745,-0.05387332663192812,-0.0731456107193102,0.028372044900569524,-0.044773565818740674,-0.0986468924506688,-0.1161914629024433,-0.08627472596299984,-0.04706657170173331,0.06912489120070997,0.05158032074893547,-0.002293005882992652,-0.07543861660230285,-0.047066571701733326
2019-06-09,248.78,250.53,240.37,243.25,188448.27748,243.25,-0.022439053750569676,-0.022439053750569676,-0.284035820232443,0.03782049106238625,-0.23059709092921973,-0.021289454063655896,-0.03790214780291681,-0.057980100991959514,0.02591248249292284,-0.03206761849903668,-0.06996976630195348,-0.09125922036560938,-0.3218563112948291,-0.2840358202324429,-0.1927765998668335,-0.2140660539304894,-0.25196820173340617,-0.30994830272536567,-0.28403582023244284
2019-06-10,243.33,244.53,226.56,230.98,316931.85638,230.98,-0.051758594379173024,-0.051758594379173024,-0.5931132489452138,-0.3730531114703711,-0.17977565156208408,-0.0063097470972050245,-0.01615950823035547,-0.041121641390375614,0.023306410805177657,-0.017815230585197957,-0.03397473881555343,-0.040284485912758454,-0.22006013747484254,-0.5931132489452137,-0.5528287630324552,-0.5591385101296602,-0.5752980183600157,-0.6164196597503914,-0.5931132489452137
2019-06-11,231.02,247.45,227.03,246.51,314662.52637,246.51,0.06507143392426469,0.06507143392426469,0.6384723751910416,0.514995280421108,0.082340773323412,0.03631893704461677,0.006700814958525937,-0.022472904709561606,0.020589474152940383,-0.0018834305566212232,0.004817384401904714,0.04113632144652148,0.12347709476993349,0.6384723751910415,0.59733605374452,0.6336549907891368,0.6403558057476627,0.6178829010381011,0.6384723751910415
2019-06-12,246.61,247.8,236.49,244.29,237508.42798,244.29,-0.009046516464056567,-0.009046516464056567,-0.14285588017508893,-0.4359344195823563,0.182059954193385,0.07545854971092171,0.02078360007217546,-0.0029854570118670555,0.017761892442652243,0.014776435430785186,0.03556003550296065,0.11101858521388236,0.29307853940726736,-0.14285588017508893,-0.2538744653889713,-0.1784159156780496,-0.15763231560587415,-0.1606177726177412,-0.14285588017508896
2019-06-13,244.36,261.87,242.2,261.15,336499.3016,261.15,0.06673891073515802,0.06673891073515802,0.656050394290232,0.44268440007415755,0.04457185624153748,0.11136253181611763,0.02613985904307274,0.016492193782493947,0.014799553332852586,0.03129174711534653,0.057431606158419274,0.1687941379745369,0.21336599421607438,0.6560503942902319,0.487256256315695,0.5986187881318127,0.6247586471748854,0.6412508409573794,0.6560503942902319
2019-06-14,261.13,262.98,253.69,254.67,291757.21635,254.67,-0.025126365464321603,-0.025126365464321603,-0.3123646199621993,-0.3984265354521273,-0.08203007928196217,0.09764565127995738,0.02362020084594685,0.035133845143837855,0.011692297502148173,0.04682614264598603,0.07044634349193288,0.16809199477189024,0.08606191548992807,-0.3123646199621992,-0.48045661473408946,-0.38281096345413207,-0.3591907626081852,-0.3240569174643474,-0.3123646199621992
2019-06-15,254.67,264.26,251.75,262.47,327383.28236,262.47,0.030168200368296892,0.030168200368296892,0.27053340172992485,0.1773163729994438,-0.03523155662457872,0.04208521618648052,0.02522214507109831,0.05258079374068012,0.008560430356800722,0.061141224097480844,0.08636336916857915,0.12844858535505965,0.09321702873048093,0.27053340172992474,0.14208481637486509,0.18417003256134562,0.20939217763244394,0.2619729713731241,0.2705334017299248
2019-06-16,262.48,272.27,260.61,267.82,286594.98029,267.82,0.020178323281137188,0.020178323281137188,0.16522324143895079,0.029480977161794958,0.06918571703240906,-0.03827341967313505,0.031805550541324314,0.06761102835909201,0.00541338801746547,0.07302441637655747,0.1048299669178818,0.06655654724474674,0.1357422642771558,0.16522324143895076,0.09866669419420401,0.06039327452106896,0.09219882506239327,0.1598098534214853,0.16522324143895076
2019-06-17,267.78,277.06,263.31,267.73,458176.54236,267.73,-0.00033610307477250815,-0.00033610307477250815,-0.05103342608251775,-0.12510147170695446,0.07073049227470006,-0.11890166927833833,0.03988514981228504,0.07992020183296673,0.0024338709828232324,0.08235407281578996,0.122239222628075,0.003337553349736677,0.07406804562443674,-0.05103342608251772,-0.0543709794322544,-0.17327264871059272,-0.1333874988983077,-0.053467297065340966,-0.051033426082517735
2019-06-18,267.73,276.0,266.81,273.16,339277.66707,273.16,0.02007869410024104,0.02007869410024104,0.16417298176925801,0.2142528062475291,-0.03573001317567308,-0.14988704397736244,0.04587127128674598,0.08998051369246005,-0.00031455230444164996,0.0896659613880184,0.13553723267476436,-0.014349811302598076,-0.050079824478271154,0.16417298176925793,0.17852279307185603,0.028635749094493596,0.07450702038123957,0.16448753407369962,0.16417298176925796
2019-06-19,273.14,273.58,261.45,264.66,319941.55156,264.66,-0.031611720747985135,-0.031611720747985135,-0.3807312073093418,-0.23127389925081043,-0.16889217948975563,-0.12726069053992425,0.051828863761836465,0.09783276899286408,-0.0029660707835520448,0.09486669820931204,0.1466955619711485,0.019434871431224243,-0.14945730805853139,-0.38073120730934185,-0.4001660787405661,-0.5274267692804904,-0.4755979055186539,-0.3777651365257898,-0.38073120730934185
2019-06-20,264.68,270.0,263.59,268.14,208375.68381,268.14,0.013063248828511663,0.013063248828511663,0.09021835153381938,0.14650957727265024,-0.16829648354355548,-0.05116223202040583,0.06513419820897527,0.10368390049614203,-0.005650608879986909,0.09803329161615512,0.1631674898251304,0.11200525780472458,-0.0562912257388309,0.09021835153381934,-0.021786906270905237,-0.07294913829131107,-0.007814940082335797,0.09586896041380623,0.09021835153381932
2019-06-21,268.16,273.63,265.71,271.22,200717.7737,271.22,0.011421067486384226,0.011421067486384226,0.07290698935614352,-0.21697340882907082,0.06624610688711229,0.04876096995773655,0.07634848476970474,0.1070654184637883,-0.008540581893127543,0.09852483657066075,0.17487332134036548,0.22363429129810203,0.2898803981852143,0.07290698935614351,-0.15072730194195855,-0.101966331984222,-0.025617847214517264,0.08144757124927103,0.07290698935614348
2019-06-22,271.27,295.94,271.22,294.35,519818.06907,294.35,0.08183923581447115,0.08183923581447115,0.8152332992122794,0.22926762602992687,0.28477408529595516,0.11898901645925022,0.08585155686837183,0.10797645345637366,-0.011625438897598572,0.0963510145587751,0.1822025714271469,0.3011915878863971,0.5859656731823523,0.8152332992122792,0.5140417113258821,0.6330307277851323,0.7188822846535041,0.8268587381098778,0.8152332992122792
2019-06-23,294.25,314.39,289.69,310.79,726254.67061,310.79,0.054347907469419414,0.054347907469419414,0.5254283126874323,0.07678089861040363,0.12999366495351422,0.1439753259143253,0.08312175459491175,0.10655948909089355,-0.015002820476616418,0.09155666861427714,0.1746784232091889,0.3186537491235142,0.4486474140770284,0.5254283126874321,0.20677456356391785,0.35074988947824315,0.4338716440731549,0.5404311331640484,0.5254283126874321
2019-06-24,310.7,321.7,305.58,308.52,418812.02747,308.52,-0.007330771877891635,-0.007330771877891635,-0.1247690372829336,-0.2046666147513896,-0.19960232655402768,0.1291453293015416,0.06637412281762033,0.10260301927564938,-0.018622567372327745,0.08398045190332164,0.15035457472094196,0.2794999040224836,0.07989757746845591,-0.12476903728293368,-0.40426894130541724,-0.27512361200387564,-0.2087494891862553,-0.10614646991060592,-0.12476903728293366
2019-06-25,308.42,314.41,298.0,311.64,352791.26964,311.64,0.010062004396859078,0.010062004396859078,0.05858017126271568,0.009642985927609255,-0.14090897465773677,0.07115480233809157,0.04499137378345412,0.09617123872317754,-0.022471254851880042,0.0736999838712975,0.11869135765475163,0.1898461599928432,0.04893718533510644,0.05858017126271569,-0.13126598873012751,-0.06011118639203594,-0.01511981260858182,0.08105142611459572,0.058580171262715676
2019-06-26,311.65,318.99,307.0,318.26,345559.65047,318.26,0.02101998331938052,0.02101998331938052,0.174095758364293,-0.07798710291002979,0.14547385483545983,0.023028091197474305,0.023338685986177554,0.08676754522755303,-0.026525315972341944,0.06024222925521109,0.08358091524138864,0.10660900643886294,0.2520828612743228,0.17409575836429297,0.06748675192543004,0.09051484312290434,0.11385352910908189,0.20062107433663492,0.17409575836429297
2019-06-27,318.29,366.8,315.57,339.39,1008551.28721,339.39,0.06428122982444726,0.06428122982444726,0.6301422906776576,0.5488593158174997,0.047987945925241506,-0.010965671881334247,0.0006684982131165947,0.07432054875040228,-0.03072834614726842,0.04359220260313386,0.044260700816250456,0.03329502893491621,0.08128297486015772,0.6301422906776574,0.5968472617427412,0.5858815898614069,0.5865500880745235,0.6608706368249258,0.6301422906776574
2019-06-28,339.53,347.0,280.01,298.35,1016826.449,298.35,-0.12888259463839405,-0.09035647154696086,-1.0,-0.8140348598423982,-0.12728554724167146,-0.05468279774900311,-0.028911682667631704,0.05988363871693125,-0.034968751216226585,0.02491488750070467,-0.003996795166927036,-0.05867959291593014,-0.1859651401576016,-0.9999999999999998,-0.9413204070840697,-0.9960032048330728,-1.0249148875007046,-0.9650312487837733,-0.9999999999999999
2019-06-29,298.35,313.58,295.22,311.05,529174.47722,311.05,0.04168637699293781,0.04168637699293781,0.3919544178262858,0.4352255584878362,0.0665336883644799,-0.06481580890982769,-0.05040663951897613,0.04438367552042419,-0.038966056117650714,0.005417619402773473,-0.044989020116202656,-0.10980482902603034,-0.04327114066155044,0.3919544178262857,0.5017592468523161,0.4369434379424884,0.3865367984235123,0.4309204739439365,0.3919544178262858
2019-06-30,310.95,324.74,295.18,317.62,425555.16264,317.62,0.02090202872147163,0.02090202872147163,0.1728523178790433,0.24597137251487675,0.09155737758660859,-0.08642979513544329,-0.06319588787669445,0.02777382949035639,-0.042824578700660726,-0.015050749210304335,-0.07824663708699878,-0.16467643222244205,-0.07311905463583346,0.1728523178790433,0.3375287501014853,0.251098954966042,0.18790306708934756,0.21567689657970396,0.17285231787904323
2019-07-01,317.64,323.5,290.12,292.7,489028.56835,292.7,-0.08170750598466046,-0.08170750598466046,-0.9088253096839721,-0.5355739637678999,-0.16638267296510617,-0.11033203042042207,-0.060729777272838986,0.010703041459448287,-0.04650990671715303,-0.03580686525770474,-0.09653664253054373,-0.20686867295096578,-0.37325134591607195,-0.9088253096839718,-0.7019566367330061,-0.8122886671534282,-0.8730184444262672,-0.8623154029668189,-0.9088253096839719
2019-07-02,292.89,303.49,280.13,295.07,489769.27421,295.07,0.008064422629196103,0.008064422629196103,0.037522288937286014,0.314001553055215,-0.07790323889686601,-0.10259493248156508,-0.04013485136137126,-0.005802778220780753,-0.05004346315734581,-0.05584624137812656,-0.09598109273949781,-0.19857602522106288,-0.2764792641179289,0.0375222889372861,0.23609831415834898,0.13350338167678388,0.09336853031541262,0.08756575209463187,0.037522288937286055
2019-07-03,295.03,297.57,272.65,291.48,493772.96579,291.48,-0.01224122352495461,-0.01224122352495461,-0.17653348298546886,-0.17273415870746206,0.18408565739522784,-0.09621268419244755,-0.01704138526934467,-0.021093984826394168,-0.05353692738504818,-0.07463091221144234,-0.09167229748078701,-0.18788498167323456,-0.0037993242780067216,-0.17653348298546878,0.011351498687765776,-0.08486118550468177,-0.10190257077402645,-0.12299655560042062,-0.1765334829854688
2019-07-04,291.47,302.89,285.0,301.14,370521.96637,301.14,0.03260388009281567,0.03260388009281567,0.29620957571771467,0.36919625836552455,0.06781295469939513,-0.04968526575937261,0.0007322818215346928,-0.034898963768552047,-0.05694768964081506,-0.09184665340936711,-0.09111437158783242,-0.14079963734720502,-0.07298668264780989,0.29620957571771467,0.4370092130649197,0.3873239473055471,0.38805622912708176,0.3531572653585297,0.29620957571771467
2019-07-05,301.11,302.74,280.53,282.73,270791.36878,282.73,-0.06308289426426242,-0.06308289426426242,-0.7124904770809495,-0.4575440017488576,-0.19712970046301792,0.03594225559229942,0.014042302851723129,-0.04749702819025226,-0.060304305122844154,-0.10780133331309641,-0.09375903046137328,-0.05781677486907386,-0.2549464753320918,-0.7124904770809495,-0.6546737022118756,-0.6187314466195761,-0.604689143767853,-0.6521861719581052,-0.7124904770809494
2019-07-06,282.86,294.89,280.78,287.47,261139.28341,287.47,0.016626128336070148,0.016626128336070148,0.12777711314467807,0.2699333721480983,-0.17172073107828126,0.12206154056837658,0.02980175828820557,-0.05876264438532801,-0.06353618239639318,-0.12229882678172119,-0.09249706849351562,0.02956447207486096,-0.1421562590034203,0.12777711314467802,0.09821264106981706,0.22027418163819362,0.2500759399263992,0.19131329554107118,0.127777113144678
2019-07-07,287.32,296.71,285.28,288.29,196064.64705,288.29,0.0028484109851975876,0.0028484109851975876,-0.017463274700438982,-0.19266790468307016,0.08011849257508359,0.19567296411241927,0.03515617150770287,-0.06884575218296005,-0.06689724602961461,-0.13574299821257466,-0.10058682670487179,0.09508613740754748,0.1752046299826311,-0.01746327470043907,-0.11254941210798657,0.08312355200443271,0.11827972351213559,0.04943397132917554,-0.01746327470043907
2019-07-08,288.29,309.69,284.25,304.72,246111.36595,304.72,0.055426404218446086,0.055426404218446086,0.536797488155995,0.17306740379595748,0.272030862858961,0.2116904420060573,0.028405944820833195,-0.07793628823021004,-0.070460877095604,-0.14839716532581404,-0.11999122050498084,0.09169922150107646,0.36373008436003745,0.5367974881559949,0.4450982666549185,0.6567887086609758,0.685194653481809,0.6072583652515989,0.5367974881559949
2019-07-09,304.72,313.74,300.78,311.97,289607.34177,311.97,0.023513707169902545,0.023513707169902545,0.20038381537727126,-0.016083043624497452,0.22247172196524792,0.14554415159946724,0.008216211124293361,-0.08562902332086222,-0.07413620236637757,-0.15976522568723978,-0.15154901456294642,-0.006004862963479185,0.21646685900176874,0.2003838153772713,0.20638867834075048,0.3519328299402177,0.36014904106451107,0.27452001774364887,0.2003838153772713
2019-07-10,311.96,318.19,302.69,307.46,309447.34927,307.46,-0.014562031855797844,-0.014562031855797844,-0.20099871866287972,0.04295437652605909,-0.09473541584376023,0.04821208218894689,-0.02825227167735245,-0.09127411587433135,-0.07790337398244164,-0.169177489856773,-0.19742976153412545,-0.14921767934517854,-0.24395309518893876,-0.20099871866287966,-0.051781039317701144,-0.003568957128754255,-0.0318212288061067,-0.12309534468043805,-0.2009987186628797
2019-07-11,307.46,314.18,281.04,289.23,457080.94063,289.23,-0.06112277814005458,-0.06112277814005458,-0.6918275458528397,-0.048739628352904775,-0.34017234832867527,-0.06545703363313558,-0.06152899903724517,-0.09440370102414977,-0.08152583547672893,-0.1759295365008787,-0.23745853553812388,-0.30291556917125945,-0.6430879174999347,-0.6918275458528395,-0.38891197668158006,-0.45436901031471566,-0.5158980093519608,-0.6103017103761106,-0.6918275458528396
2019-07-12,289.23,289.23,262.12,268.63,501592.75211,268.63,-0.07388725124643414,-0.07388725124643414,-0.8263866297268982,-0.29563304932250467,-0.10645718475679994,-0.16456989449080472,-0.08021656174984357,-0.09463647948108633,-0.08487345992585876,-0.1795099394069451,-0.25972650115678864,-0.42429639564759336,-0.5307535804043932,-0.8263866297268979,-0.4020902340793046,-0.5666601285701094,-0.646876690319953,-0.7415131698010393,-0.826386629726898
2019-07-13,268.67,278.99,266.21,274.62,266734.54213,274.62,0.022053355795641008,0.022053355795641008,0.18498924786028972,0.3975367662365495,0.24830927270043687,-0.19471958947739157,-0.08627139345965185,-0.09190821168750743,-0.08795759645214572,-0.17986580813965314,-0.266137201599305,-0.4608567910766965,-0.21254751837625965,0.18498924786028983,0.6458460389369863,0.4511264494595948,0.36485505599994295,0.27294684431243554,0.1849892478602898
2019-07-14,274.53,275.04,262.2,268.79,205959.26849,268.79,-0.0214579183175893,-0.0214579183175893,-0.2736929973115162,0.03950566457563419,0.16666411936027323,-0.21435524198210165,-0.08782380399139285,-0.08681894171116872,-0.09086479356276021,-0.17768373527392894,-0.2655075392653218,-0.47986278124742343,-0.3131986618871502,-0.273692997311516,0.2061697839359074,-0.00818545804619425,-0.0960092620375871,-0.1828282037487558,-0.27369299731151603
2019-07-15,268.8,269.74,222.81,225.85,540052.58421,225.85,-0.17405934347540333,-0.09035647154696086,-1.0,-0.44847509548190895,-0.12277620126707563,-0.17596201302363518,-0.07966276886031064,-0.0795339059433215,-0.09359001542374791,-0.17312392136706942,-0.25278669022738004,-0.4287487032510152,-0.5515249045180909,-0.9999999999999998,-0.5712512967489846,-0.7472133097726197,-0.8268760786329303,-0.9064099845762519,-0.9999999999999998
2019-07-16,225.83,235.58,203.08,228.2,715991.20688,228.2,0.010351375327362036,0.010351375327362036,0.06163062912210053,0.6201391948508014,-0.26338777460537066,-0.06855197414496544,-0.06096596471542218,-0.06958969152780066,-0.09601316073514195,-0.1656028522629426,-0.22656881697836478,-0.29512079112333023,-0.5585085657287009,0.06163062912210049,0.3567514202454307,0.2881994461004653,0.2272334813850431,0.15764378985724242,0.061630629122100475
2019-07-17,228.2,234.5,192.25,198.88,715604.83198,198.88,-0.13752080966557426,-0.09035647154696086,-1.0,-0.6941120744430208,-0.1465929300622232,0.030728418103497943,-0.034064041611484006,-0.05774505168721721,-0.09821432029955263,-0.15595937198676985,-0.19002341359825387,-0.15929499549475593,-0.30588792555697913,-1.0,-0.840705004505244,-0.8099765864017461,-0.8440406280132301,-0.9017856797004473,-1.0
2019-07-18,198.94,219.86,191.84,210.81,694854.10132,210.81,0.05825562610981518,0.05825562610981518,0.5666222606010706,0.3534044410297551,0.1899233196996974,0.16378393146721432,0.0045053687810707515,-0.04488771197652748,-0.10010708840013961,-0.1449948003766671,-0.14048943159559635,0.02329449987161797,0.21321781957131536,0.5666222606010705,0.5433277607294524,0.7071116921966667,0.7116170609777375,0.66672934900121,0.5666222606010703
2019-07-19,210.8,229.65,205.71,225.73,609081.49094,225.73,0.06838234092327024,0.06838234092327024,0.6733749214117495,0.25343792912247515,0.2868314568059078,0.22970895511172096,0.03755022431946865,-0.0322883241686419,-0.10186531977918133,-0.13415364394782323,-0.09660341962835457,0.1331055354833664,0.4199369922892742,0.6733749214117494,0.5402693859283829,0.7699783410401039,0.8075285653595725,0.7752402411909306,0.6733749214117493
2019-07-20,225.75,226.23,212.52,220.73,371622.21865,220.73,-0.022399359642366008,-0.022399359642366008,-0.2836173773566134,-0.460958387521875,0.0629077133807014,0.18506473127656045,0.05360701030146966,-0.020616196270837,-0.10362224852263281,-0.12423844479346981,-0.07063143449200016,0.1144332967845603,0.17734101016526171,-0.2836173773566133,-0.3980506741411736,-0.21298594286461317,-0.1593789325631435,-0.1799951288339805,-0.2836173773566133
2019-07-21,220.84,235.09,219.78,228.2,325393.97225,228.2,0.03328220227485485,0.03328220227485485,0.30336023604078177,0.29018605869866554,-0.03895935880965226,0.11164636561952446,0.05496645104899864,-0.009187504389923096,-0.10529177612683156,-0.11447928051675466,-0.05951282946775602,0.05213353615176844,0.013174177342116178,0.3033602360407817,0.25122669988901325,0.3628730655085377,0.4178395165575364,0.40865201216761327,0.3033602360407817
2019-07-22,228.25,229.66,216.99,225.38,270046.1519,225.38,-0.012434570903771943,-0.012434570903771943,-0.17857169059077205,-0.030425469224550337,-0.08441053129824566,-0.007392019430958106,0.0484631747287978,0.0020448183285581836,-0.10685166369437385,-0.10480684536581567,-0.05634367063701787,-0.06373569006797597,-0.14814622136622163,-0.17857169059077196,-0.114836000522796,-0.1222280199537541,-0.0737648452249563,-0.07172002689639811,-0.17857169059077196
2019-07-23,225.49,228.34,212.25,217.51,271310.40446,217.51,-0.035543040040880665,-0.035543040040880665,-0.42217394592140783,-0.0842037002825166,-0.19683601255352517,-0.0830759190581706,0.03676801112032853,0.01328381917835073,-0.1081101443258746,-0.09482632514752387,-0.05805831402719534,-0.14113423308536593,-0.3379702456388911,-0.4221739459214077,-0.2810397128360418,-0.36411563189421237,-0.32734762077388385,-0.3140638015955331,-0.42217394592140767
2019-07-24,217.59,219.55,208.36,212.48,317876.48242,212.48,-0.023396960195253575,-0.023396960195253575,-0.29413377042274913,-0.06044046800546063,-0.09008131469519032,-0.08140366930122264,0.022225179028193442,0.02459143590725188,-0.10902493335632081,-0.08443349744906893,-0.062208318420875486,-0.14361198772209813,-0.23369330241728845,-0.2941337704227491,-0.15052178270065095,-0.2319254520018736,-0.20970027297368016,-0.18510883706642828,-0.2941337704227491
2019-07-25,212.55,218.28,202.0,216.31,331162.6484,216.31,0.017864697687341162,0.017864697687341162,0.1408337239293582,0.10309519832620263,0.17588678482568965,-0.07249802769947228,0.008536422250396062,0.035424526243135655,-0.10961118001659353,-0.07418665377345787,-0.0656502315230618,-0.1381482592225341,0.03773852560315555,0.14083372392935817,0.27898198315189227,0.20648395545242,0.21502037770281604,0.2504449039459517,0.14083372392935817
2019-07-26,216.31,225.12,215.23,219.14,280370.29627,219.14,0.012998231001836856,0.012998231001836856,0.08953295393691649,0.015099242665665697,0.1907295447807092,-0.04264828490956098,-0.008633975100876004,0.044958011281186185,-0.10997158478020762,-0.06501357349902143,-0.07364754859989743,-0.11629583350945841,0.07443371127125079,0.08953295393691649,0.2058287874463749,0.16318050253681393,0.15454652743593794,0.19950453871712412,0.0895329539369165
2019-07-27,219.14,220.0,212.71,218.81,197781.98653,218.81,-0.0015070216346871161,-0.0015070216346871161,-0.06337688337998315,0.10488381163120995,-0.057050208753308476,-0.03370808268305073,-0.020274152345725042,0.052929068167674696,-0.11015731939678354,-0.057228251229108844,-0.07750240357483389,-0.11121048625788461,-0.1682606950111931,-0.06337688337998314,0.04783360287790148,0.01412552019485075,-0.006148632150874293,0.0467804360168004,-0.06337688337998314
2019-07-28,218.81,223.3,203.0,207.3,301209.41113,207.3,-0.054036753900826066,-0.054036753900826066,-0.6171288942129677,-0.33766936998911384,-0.1597607571381503,-0.049626196357085255,-0.01932963334775496,0.05943679168606861,-0.11017972906693187,-0.05074293738086326,-0.07007257072861822,-0.11969876708570348,-0.2794595242238538,-0.6171288942129676,-0.49743012712726414,-0.5470563234843494,-0.5663859568321044,-0.5069491651460357,-0.6171288942129676
2019-07-29,207.3,213.52,198.24,211.62,218801.16693,211.62,0.020625194034281782,0.020625194034281782,0.16993401317642223,0.29706023260254577,-0.0384630071988725,-0.036455499414967896,-0.0065746874270546565,0.06443663690043729,-0.11006966228566582,-0.04563302538522854,-0.052207712812283195,-0.0886632122272511,-0.1271262194261236,0.16993401317642218,0.25859722540367325,0.22214172598870535,0.2155670385616507,0.280003675462088,0.16993401317642215
2019-07-30,211.58,215.83,206.59,210.89,226941.28,210.89,-0.0034555429523426867,-0.0034555429523426867,-0.08391758578326264,-0.06377794378773412,0.033437262912956185,-0.026087220634112434,0.014677077222196484,0.06772249700125403,-0.10988925849782273,-0.0421667614965687,-0.027489684274372216,-0.05357690490848465,-0.020139641995528465,-0.08391758578326258,-0.030340680874777932,-0.05642790150889036,-0.04175082428669388,0.02597167271456015,-0.08391758578326258
2019-07-31,210.84,214.36,204.4,209.58,222683.79393,209.58,-0.006231142476877364,-0.006231142476877364,-0.11317708800556715,-0.16172233463711483,0.0515798152253155,-8.28486754317268e-06,0.03830011061419767,0.068478393778923,-0.10980478811934531,-0.04132639434042232,-0.0030262837262246475,-0.00303456859376782,0.04854524663154768,-0.11317708800556714,-0.11014251941179933,-0.1101508042793425,-0.07185069366514482,-0.0033722998862218273,-0.11317708800556714
2019-08-01,209.57,218.79,209.2,218.42,207213.55658,218.42,0.04131428672278658,0.04131428672278658,0.3880319585557204,0.27134235584858074,0.06584518152010037,0.03578008892088884,0.05845210687191477,0.06640330719087413,-0.10979108179663849,-0.04338777460576436,0.015064332266150414,0.05084442118703925,0.11668960270713963,0.38803195855572037,0.3371875373686811,0.37296762628957,0.43141973316148474,0.49782304035235886,0.38803195855572037
2019-08-02,218.42,219.39,210.54,216.84,186806.18844,216.84,-0.007260060377444846,-0.007260060377444846,-0.12402361875761081,-0.17292463708200034,-0.018661673579968122,0.045263577247583626,0.0701274508077389,0.062036992625161276,-0.1098653287761262,-0.04782833615096493,0.02229911465677397,0.0675626919043576,0.04890101832438948,-0.12402361875761087,-0.19158631066196846,-0.14632273341438484,-0.07619528260664594,-0.014158289981484669,-0.12402361875761087
2019-08-03,216.8,222.18,214.31,217.61,206867.03039,217.61,0.0035447154160640057,0.0035447154160640057,-0.010123051133513562,-0.005924055142086589,-0.09963109189299796,0.07369329096457324,0.07554886922150374,0.05616625265010926,-0.1099763169346153,-0.05381006428450605,0.021738804936997688,0.09543209590157092,-0.004198995991427035,-0.010123051133513625,-0.10555514703508455,-0.03186185607051131,0.043687013150992424,0.09985326580110168,-0.010123051133513625
2019-08-04,217.69,224.51,216.62,222.14,181591.95296,222.14,0.020603343930772608,0.020603343930772608,0.16970367621803434,0.10596918554189462,-0.03595484102885204,0.08600140889720481,0.07347864899964994,0.05025687922033527,-0.11004760541219824,-0.05979072619186297,0.013687922807786967,0.09968933170499178,0.06373449067613973,0.16970367621803434,0.07001434451304259,0.1560157534102474,0.22949440240989732,0.2797512816302326,0.16970367621803437
2019-08-05,222.14,223.34,216.9,221.79,135622.0258,221.79,-0.00157682550185554,-0.00157682550185554,-0.06411273391911392,-0.22510342782902953,0.09120914505816557,0.07233699373138425,0.06276302817750451,0.044757682039027996,-0.11007615509616676,-0.06531847305713877,-0.0025554448796342583,0.06978154885174999,0.16099069390991555,-0.06411273391911398,-0.13389428277086396,-0.06155728903947971,0.0012057391380247973,0.04596342117705279,-0.06411273391911397
2019-08-06,221.79,236.25,221.79,233.54,307956.27211,233.54,0.051622380410450565,0.051622380410450565,0.4966966587388246,0.36463185315225344,0.10953983801178431,0.051156634028078046,0.04270303105281003,0.03873786007758854,-0.11007255758368988,-0.07133469750610133,-0.0286316664532913,0.022524967574786746,0.13206480558657105,0.4966966587388245,0.47417169116403773,0.5253283251921158,0.5680313562449258,0.6067692163225143,0.49669665873882446
2019-08-07,233.53,239.15,223.03,226.28,341279.08159,226.28,-0.03158019817261388,-0.03158019817261388,-0.38039890617728905,-0.32692961835241646,0.026493066670467705,-0.014987113015985879,0.01327420581566567,0.031837595195986806,-0.1100870424910068,-0.07824944729502,-0.06497524147935432,-0.0799623544953402,-0.053469287824872494,-0.38039890617728894,-0.30043655168194877,-0.31542366469793465,-0.30214945888226896,-0.27031186368628213,-0.38039890617728894
2019-08-08,226.31,231.25,220.95,226.1,279104.7037,226.1,-0.0007957911910308269,-0.0007957911910308269,-0.055879314453781304,0.14493220251505143,-0.032750139376174284,-0.06076022977183031,-0.02164490157471979,0.024225931525138,-0.1098821777712463,-0.08565624624610829,-0.10730114782082809,-0.16806137759265838,-0.20081151696883265,-0.05587931445378122,0.11218206313887714,0.05142183336704684,0.029776931792327047,0.05400286331746505,-0.05587931445378125
2019-08-09,226.11,228.5,215.51,221.39,236886.35423,221.39,-0.021051527147790544,-0.021051527147790544,-0.269408948683195,0.07301986225255785,-0.12978349318808047,-0.06483709674814567,-0.05455058170534417,0.016112867849946325,-0.10937050714412873,-0.0932576392941824,-0.14780822099952656,-0.21264531774767223,-0.3424288109357527,-0.26940894868319487,-0.05676363093552261,-0.12160072768366828,-0.17615130938901247,-0.16003844153906616,-0.26940894868319487
2019-08-10,221.38,221.79,207.3,210.53,232062.12757,210.53,-0.05029769135366954,-0.05029769135366954,-0.5777128660933479,-0.1632247369766168,-0.19054843310494327,-0.04479334403309742,-0.0785594068707191,0.007971689278688349,-0.10855863438665954,-0.10058694510797118,-0.17914635197869028,-0.2239396960117877,-0.41448812911673094,-0.5777128660933477,-0.35377317008156006,-0.3985665141146575,-0.4771259209853766,-0.46915423170668824,-0.5777128660933478
2019-08-11,210.52,215.0,202.6,206.48,252614.02389,206.48,-0.019424605372105618,-0.019424605372105618,-0.2522584480830952,-0.09622507503457703,0.0325953470499291,0.009418939304893648,-0.09099492445887415,0.0003791933098389331,-0.10743192825430561,-0.10705273494446668,-0.19804765940334085,-0.1886287200984472,-0.1560333730485181,-0.25225844808309517,-0.06362972798464793,-0.05421078867975428,-0.14520571313862843,-0.1448265198287895,-0.2522584480830951
2019-08-12,206.48,216.94,206.14,216.42,188474.09048,216.42,0.047017408733144146,0.047017408733144146,0.44815248734998386,0.33815304362380794,0.29850738844667474,0.017569972674202024,-0.093013330464423,-0.006884727923708531,-0.10617985900656939,-0.11306458693027792,-0.20607791739470094,-0.18850794472049892,0.10999944372617582,0.44815248734998375,0.6366604320704827,0.6542304047446847,0.5612170742802618,0.5543323463565533,0.44815248734998386
2019-08-13,216.41,216.81,209.75,211.41,122760.94619,211.41,-0.023421588136461734,-0.023421588136461734,-0.29439339047749447,-0.2480474731907468,0.18589023712757866,-0.025990873723307696,-0.08686334658499102,-0.014481307955607876,-0.10490062615041952,-0.1193819341060274,-0.20624528069101844,-0.23223615441432613,-0.04634591728674747,-0.29439339047749424,-0.06215723606316814,-0.08814810978647583,-0.17501145637146687,-0.18949276432707474,-0.29439339047749424
2019-08-14,211.58,214.3,204.0,209.3,166922.48201,209.3,-0.010030746555086647,-0.010030746555086647,-0.1532313260134368,0.27249979261864626,-0.14578478206109025,-0.08171311110250151,-0.07214642211535752,-0.022561632460828172,-0.10352517089230563,-0.1260868033531338,-0.19823322546849131,-0.2799463365709928,-0.42573111863208307,-0.1532313260134368,0.12671501055755602,0.045001899455054506,-0.02714452266030301,-0.04970615512113118,-0.1532313260134368
2019-08-15,209.31,209.9,183.49,187.1,325228.98931,187.1,-0.1121253961719102,-0.09035647154696086,-1.0,-0.4444642410843803,-0.24868989079037995,-0.1261879729487355,-0.048367264576698855,-0.03038882101832805,-0.10190180958147717,-0.13229063059980523,-0.18065789517650407,-0.30684586812523956,-0.5555357589156196,-0.9999999999999999,-0.6931541318747603,-0.8193421048234958,-0.8677093694001946,-0.8980981904185227,-0.9999999999999999
2019-08-16,187.08,189.95,181.23,188.03,237953.09426,188.03,0.004958291287339323,0.004958291287339323,0.004778423658283064,0.3515613670088224,-0.10506943818875587,-0.08989513998118179,-0.015061758258829364,-0.03677534597225651,-0.09998126094951577,-0.13675660692177227,-0.15181836518060163,-0.24171350516178342,-0.3467829433505393,0.004778423658283126,0.24649192882006654,0.15659678883888475,0.1415350305800554,0.10475968460779889,0.0047784236582831124
2019-08-17,187.98,188.39,178.04,184.88,282177.01584,184.88,-0.016894558601257922,-0.016894558601257922,-0.2255874862026838,-0.10520931266428678,-0.0060611099910929675,0.00443783813942927,0.020824005613277075,-0.04171905395548489,-0.09785985334452545,-0.13957890730001032,-0.11875490168673325,-0.11431706354730398,-0.12037817353839694,-0.2255874862026837,-0.11127042265537974,-0.10683258451595047,-0.0860085789026734,-0.1277276328581583,-0.22558748620268376
2019-08-18,184.83,187.0,181.83,185.59,138799.61508,185.59,0.0038329736240880013,0.0038329736240880013,-0.007084323246539445,-0.10529161859541936,0.09083926539130752,0.09678086151868355,0.05153032968028612,-0.045384169153117104,-0.09555899208828023,-0.14094316124139733,-0.08941283156111121,0.007368029957572339,0.09820729534887986,-0.007084323246539501,-0.01445235320411184,0.08232850831457171,0.13385883799485782,0.08847466884174071,-0.0070843232465395145
2019-08-19,185.67,197.91,183.35,194.33,175363.5062,194.33,0.04601780528639882,0.04601780528639882,0.4376149804031301,0.09824561558502062,0.262033093666642,0.14803724396903095,0.07071851707606303,-0.0481962921385744,-0.0932231977550523,-0.1414194898936267,-0.07070097281756368,0.07733627115146727,0.3393693648181093,0.43761498040312996,0.3602787092516626,0.5083159532206936,0.5790344702967566,0.5308381781581822,0.43761498040312996
2019-08-20,194.32,203.59,192.7,202.28,239541.5978,202.28,0.04009513133517008,0.04009513133517008,0.37518000370489235,0.15883511119688917,0.15984723460571815,0.11979924967246683,0.07876062628439066,-0.05127577970622323,-0.09078643834834929,-0.14206221805457253,-0.06330159177018187,0.05649765790228496,0.2163448925080031,0.37518000370489224,0.31868234580260735,0.43848159547507415,0.5172422217594648,0.46596644205324156,0.37518000370489224
2019-08-21,202.24,202.75,194.45,196.6,189297.75494,196.6,-0.028481668498716126,-0.028481668498716126,-0.3477351753047717,-0.12014280617197769,-0.21273767417740694,0.050099983271757575,0.07775147443132634,-0.054497871212469205,-0.08820828144600168,-0.1427061526584709,-0.06495467822714455,-0.01485469495538698,-0.2275923691327939,-0.3477351753047716,-0.3328804803493846,-0.28278049707762704,-0.20502902264630068,-0.25952689385876987,-0.34773517530477155
2019-08-22,196.55,197.2,179.53,187.45,284973.64194,187.45,-0.04765906453114522,-0.04765906453114522,-0.5498972872625273,-0.2029760783988711,-0.2684402272545391,-0.0038729561118461034,0.06767838439702381,-0.056720484502168406,-0.08556592539212636,-0.14228640989429475,-0.07460802549727094,-0.07848098160911704,-0.3469212088636561,-0.5498972872625272,-0.4714163056534102,-0.4752892617652563,-0.40761087736823254,-0.4643313618704009,-0.5498972872625273
2019-08-23,187.45,195.14,182.8,190.35,245575.98772,190.35,0.015352339646585458,0.015352339646585458,0.11434923111008524,0.1717181480397825,0.050862602415283634,-0.018359798291390134,0.050407614881192254,-0.0573926375196272,-0.08288669841515577,-0.14027933593478298,-0.08987172105359073,-0.10823151934498086,-0.05736891692969723,0.11434923111008527,0.22258075045506615,0.204220952163676,0.25462856704486825,0.19723592952524105,0.11434923111008528
2019-08-24,190.36,196.19,188.16,194.02,192548.51552,194.02,0.019096763704631186,0.019096763704631186,0.15382177860088614,0.1022239129701256,0.15817100072452298,0.007051115559656698,0.0232979694540304,-0.05654052170609595,-0.08038169840135365,-0.1369222201074496,-0.11362425065341919,-0.1065731350937625,0.05159786563076048,0.15382177860088608,0.26039491369464857,0.2674460292543053,0.29074399870833567,0.23420347700223973,0.15382177860088608
2019-08-25,194.02,194.09,185.63,190.6,167806.34294,190.6,-0.017784255313035874,-0.017784255313035874,-0.234966390718748,-0.10472658420757266,-0.02080446515272216,0.03128418927731855,-0.008132026581817185,-0.05450352514791918,-0.07808397890603527,-0.13258750405395445,-0.14071953063577164,-0.10943534135845309,-0.13023980651117525,-0.23496639071874792,-0.12553104936029483,-0.09424686008297628,-0.10237888666479347,-0.15688241181271265,-0.23496639071874792
2019-08-26,190.6,192.4,182.8,186.54,169862.91522,186.54,-0.021531297921384286,-0.021531297921384286,-0.2744665421479857,-0.11536566640201373,-0.00671501920951268,0.011941789077102766,-0.03656443995689001,-0.05191110551521806,-0.07585210014145395,-0.127763205656672,-0.16432764561356203,-0.15238585653645925,-0.15910087574597193,-0.27446654214798566,-0.12208068561152641,-0.11013889653442364,-0.14670333649131365,-0.19861444200653172,-0.27446654214798566
2019-08-27,186.54,193.7,186.0,188.67,254397.79472,188.67,0.011353763924804298,0.011353763924804298,0.07219749625664926,0.1447853738976398,0.15295750313910236,-0.0474612063812303,-0.05554924847658594,-0.048950326027605344,-0.07358459989467125,-0.1225349259222766,-0.17808417439886254,-0.22554538078009284,-0.07258787764099048,0.07219749625664931,0.2977428770367422,0.2502816706555119,0.19473242217892595,0.1457820961513206,0.07219749625664934
2019-08-28,188.61,189.49,184.75,187.24,157898.563,187.24,-0.00760824079165174,-0.00760824079165174,-0.12769402780372757,0.1533861359236112,0.015930146150859924,-0.11455595975471623,-0.0658733197720611,-0.045377928870222184,-0.07120310148119914,-0.11658103035142132,-0.18245435012348243,-0.29701030987819865,-0.28108016372733874,-0.12769402780372754,0.1693162820744711,0.054760322319754876,-0.01111299745230622,-0.056490926322528404,-0.12769402780372754
2019-08-29,187.3,188.25,166.48,173.03,334480.61761,173.03,-0.0789262265633129,-0.0789262265633129,-0.8795059317656423,-0.3249004726725486,-0.23209010313252545,-0.14468521409491808,-0.06885845122756584,-0.040288534430040886,-0.06868315620804316,-0.10897169063808404,-0.17783014186564988,-0.32251535596056796,-0.5546054590930934,-0.8795059317656421,-0.556990575805074,-0.7016757898999921,-0.770534241127558,-0.8108227755575989,-0.879505931765642
2019-08-30,173.03,173.5,163.61,169.01,295241.216,169.01,-0.02350710509842042,-0.02350710509842042,-0.2952948835482192,0.12120500019474478,-0.147228141823904,-0.10604415593397626,-0.06398990524043306,-0.03323263646089668,-0.06600504428375384,-0.09923768074465052,-0.16322758598508358,-0.26927174191905984,-0.4164998837429639,-0.2952948835482191,-0.026023141629159224,-0.13206729756313548,-0.19605720280356853,-0.22928983926446522,-0.2952948835482191
2019-08-31,169.03,170.77,165.55,168.5,238616.68868,168.5,-0.003022134977720221,-0.003022134977720221,-0.07934873444698909,0.011537762215615439,0.06503616748852596,-0.012480438129535866,-0.055345475480840886,-0.024947344744513288,-0.06314940579624044,-0.08809675054075372,-0.14344222602159462,-0.15592266415113049,-0.09088649666260452,-0.07934873444698909,0.0765739297041414,0.06409349157460553,0.008748016093764646,-0.01619932865074864,-0.07934873444698909
2019-09-01,168.48,174.98,165.63,171.57,194999.19583,171.57,0.01805559680291799,0.01805559680291799,0.1428461227091831,0.09379830085524551,0.08595274347881347,0.07972871356696475,-0.04022280374144757,-0.0162784342263929,-0.06013239722400024,-0.07641083145039314,-0.11663363519184071,-0.036904921624875964,0.04904782185393751,0.142846122709183,0.17975104433405897,0.25947975790102373,0.21925695415957616,0.20297851993318328,0.14284612270918304
2019-09-02,171.52,173.42,167.61,170.74,191140.52368,170.74,-0.004849415013174036,-0.004849415013174036,-0.09861134916699156,-0.21864247056849104,0.08028286382320679,0.12708164396376181,-0.023226938687367946,-0.007142202190160895,-0.056964245507940325,-0.06410644769810123,-0.08733338638546917,0.039748257578292645,0.12003112140149944,-0.0986113491669916,-0.13835960674528425,-0.011277962781522433,-0.034504901468890375,-0.04164710365905127,-0.0986113491669916
2019-09-03,170.73,181.0,170.02,178.05,294627.31247,178.05,0.04192247814162633,0.04192247814162633,0.3944433223039224,0.22088165237575128,0.12302130295956742,0.11209979371335128,-0.010259927173904705,0.0024260859868445697,-0.053725585557687514,-0.05129949957084294,-0.061559426744747646,0.05054036696860364,0.17356166992817107,0.3944433223039223,0.34390295533531867,0.45600274904866994,0.4457428218747652,0.4481689078616098,0.39444332230392226
2019-09-04,178.0,183.0,174.09,178.75,327857.85447,178.75,0.0039237718503302285,0.0039237718503302285,-0.006127156739256248,-0.03903075018527915,0.03396609580999595,0.04218260919604241,-0.004999334915589147,0.012255146121630898,-0.05050092276605721,-0.03824577664442631,-0.04324511156001546,-0.001062502363973053,0.032903593446022894,-0.006127156739256255,-0.005064654375283202,0.037117954820759205,0.03211861990517006,0.04437376602680096,-0.006127156739256248
2019-09-05,178.79,180.14,173.0,174.72,286226.25171,174.72,-0.022803489017576804,-0.022803489017576804,-0.28787758285368026,-0.10068624188480337,-0.14189127731536744,-0.01620056607398817,-0.004754251910875389,0.022942939721430508,-0.047288185390076364,-0.024345245668645855,-0.029099497579521245,-0.045300063653509415,-0.18719134096887685,-0.2878775828536802,-0.2425775192001708,-0.25877808527415896,-0.2635323371850343,-0.2405893974636038,-0.28787758285368015
2019-09-06,174.7,176.19,168.1,173.75,232753.83596,173.75,-0.005567208111638744,-0.005567208111638744,-0.10617809954795797,0.13940982693070966,-0.1935531412588423,-0.03537251208739779,-0.006435734664814206,0.03385590617531319,-0.04408244464292648,-0.010226538467613289,-0.016662273132427494,-0.05203478521982528,-0.24558792647866756,-0.1061780995479579,-0.05414331432813263,-0.08951582641553042,-0.09595156108034462,-0.06209565490503143,-0.10617809954795791
2019-09-07,173.74,177.87,165.0,169.08,315822.37984,169.08,-0.027245508746312288,-0.027245508746312288,-0.33470396575783706,-0.2730835588297037,-0.032103186796170496,-0.02291892184907987,-0.009261482321271637,0.04348819522982931,-0.0408250111914406,0.002663184038388708,-0.00659829828288293,-0.0295172201319628,-0.061620406928133295,-0.334703965757837,-0.3051867456258742,-0.32810566747495407,-0.33736714979622573,-0.2938789545663964,-0.334703965757837
2019-09-08,169.11,180.8,168.3,177.62,253831.23169,177.62,0.04927446113176885,0.04927446113176885,0.4719456279272394,0.2726501793168575,0.179869743668028,0.013930840732139316,-0.008276410383357307,0.05130118046030892,-0.03752990586673709,0.01377127459357183,0.005494864210214523,0.01942570494235384,0.19929544861038184,0.4719456279272393,0.45251992298488547,0.46645076371702476,0.45817435333366746,0.5094755337939764,0.47194562792723926
2019-09-09,177.58,184.18,176.13,181.19,290083.47501,181.19,0.01989976761765802,0.01989976761765802,0.16228679474245894,-0.03519667280584632,0.1606982269540081,0.01993793422824026,-0.005469793831410631,0.0566870770067396,-0.03436997680927204,0.022317100197467556,0.016847306366056924,0.036785240594297185,0.19748346754830529,0.16228679474245897,0.12550155414816178,0.14543948837640203,0.1399696945449914,0.196656771551731,0.16228679474245897
2019-09-10,181.18,185.38,176.01,180.54,273729.94868,180.54,-0.0035938445780072676,-0.0035938445780072676,-0.08537551827233797,-0.07042730245442214,-0.03240036967548421,-0.01445300645822112,0.0033241228480896724,0.06001352904118077,-0.03143249157348092,0.028581037467699848,0.03190516031578952,0.017452153857568403,-0.014948215817915805,-0.08537551827233794,-0.10282767212990634,-0.11728067858812746,-0.1139565557400378,-0.053943026698857026,-0.08537551827233794
2019-09-11,180.52,184.36,177.0,179.81,238387.50999,179.81,-0.004051622026462497,-0.004051622026462497,-0.09020126498111153,0.0312869028653136,-0.11244561259586998,-0.06300266319028087,0.020281434178684814,0.06244485616552333,-0.028766182404482425,0.0336786737610409,0.05396010793972572,-0.009042555250555154,-0.12148816784642513,-0.09020126498111153,-0.08115870973055639,-0.14416137292083725,-0.12387993874215243,-0.0614350825766291,-0.09020126498111153
2019-09-12,179.87,182.8,173.0,178.28,278555.46708,178.28,-0.008545389765191197,-0.008545389765191197,-0.13757315922435467,-0.05395733777033033,-0.06219720827890315,-0.10408776907022262,0.045094076305217334,0.06396070467236181,-0.02638562508247773,0.03757507958988408,0.08266915589510142,-0.0214186131751212,-0.08361582145402435,-0.13757315922435467,-0.11615454604923348,-0.22024231511945608,-0.17514823881423874,-0.11118753414187693,-0.13757315922435465
2019-09-13,178.3,182.38,176.62,180.72,203543.13663,180.72,0.013593524081392668,0.013593524081392668,0.0958083474258622,0.09360249669226697,-0.0023007097196345847,-0.10937094488136558,0.07337479668463617,0.06471026865845131,-0.02420756000849213,0.04050270864995918,0.11387750533459536,0.00450656045322978,0.002205850733595195,0.09580834742586217,0.09130178697263239,-0.01806915790873319,0.055305638775902985,0.1200159074343543,0.09580834742586217
2019-09-14,180.71,181.38,177.54,180.95,264422.54059,180.95,0.0012718778500035752,0.0012718778500035752,-0.034082594009653536,-0.13633081154968923,0.027704307620493144,-0.06617189123581538,0.09906310013890428,0.06386750421616762,-0.022214803199714007,0.04165270101645361,0.1407158011553579,0.07454390991954252,0.10224821754003566,-0.03408259400965358,-0.1086265039291961,-0.17479839516501147,-0.0757352950261072,-0.011867790809939577,-0.034082594009653584
2019-09-15,180.96,188.79,179.75,188.13,279371.83423,188.13,0.03891246321328773,0.03891246321328773,0.3627126861994008,0.20164374734322305,-0.00685891162331799,0.009430732088289415,0.1180864042920183,0.06096784231904185,-0.02055712821985392,0.04041071409918793,0.15849711839120623,0.16792785047949566,0.16106893885617768,0.3627126861994007,0.19478483571990507,0.2042155678081945,0.32230197210021283,0.3832698144192547,0.3627126861994008
2019-09-16,188.14,190.45,185.76,189.03,288928.60827,189.03,0.004772519399034706,0.004772519399034706,0.002820074505012503,-0.20775259992734005,-0.036029744130564735,0.08502261201582942,0.12433744685625302,0.056611241080803495,-0.019368881389968683,0.03724235969083481,0.1615798065470878,0.24660241856291723,0.2105726744323525,0.0028200745050124543,-0.24378234405790478,-0.15875973204207536,-0.03442228518582234,0.022188955894981155,0.0028200745050124716
2019-09-17,189.05,199.44,188.3,197.22,551006.81686,197.22,0.042414124282109125,0.042414124282109125,0.39962610217287897,0.06967981419193442,0.01806737807386192,0.16139759654915903,0.11816690470055201,0.050979670358169554,-0.01866526170079814,0.03231440865737141,0.15048131335792342,0.31187890990708245,0.3299462879809444,0.3996261021728788,0.08774719226579633,0.24914478881495536,0.36731169351550735,0.41829136387367694,0.3996261021728788
2019-09-18,197.23,215.13,195.74,207.84,715863.2262,207.84,0.05244869601810636,0.05244869601810636,0.505407419475312,0.126576999158077,0.05395519931555691,0.2034465063634538,0.09578046955058474,0.044065905469332284,-0.01841766038169289,0.025648245087639392,0.12142871463822413,0.3248752210016779,0.37883042031723485,0.5054074194753119,0.1805321984736339,0.3839787048370877,0.4797591743876724,0.5238250798570047,0.5054074194753118
2019-09-19,207.85,217.27,207.66,210.21,539028.51013,210.21,0.011338478128262873,0.011338478128262873,0.07203635816957292,-0.23689466508050344,0.0441948383103323,0.18660537315273573,0.06095769251739388,0.035692369784796014,-0.01851925051518152,0.017173119269614495,0.07813081178700837,0.2647361849397441,0.3089310232500764,0.07203635816957293,-0.19269982677017114,-0.006094453617435408,0.05486323889995847,0.09055560868475448,0.07203635816957296
2019-09-20,210.27,223.94,202.3,220.24,844358.82155,220.24,0.04661082978379965,0.04661082978379965,0.44386645920841256,0.24998386779863102,0.035691626130740124,0.13367369048320002,0.016989190249449847,0.026335679245152874,-0.01880759469876143,0.007528084546391443,0.02451727479584129,0.1581909652790413,0.19388259140978142,0.44386645920841244,0.28567549392937114,0.4193491844125712,0.436338374662021,0.4626740539071739,0.4438664592084125
2019-09-21,220.26,221.54,212.05,218.03,437804.12669,218.03,-0.0100851928343951,-0.0100851928343951,-0.15380528166386115,-0.14910286890139443,0.015978760366917654,0.013293184555966547,-0.03054928096853522,0.015877340901135396,-0.019302417617951026,-0.0034250767168156303,-0.03397435768535085,-0.020681173129384302,-0.004702412762466648,-0.1538052816638611,-0.1331241085344768,-0.11983092397851024,-0.15038020494704546,-0.13450286404591005,-0.1538052816638611
2019-09-22,218.01,221.5,213.2,215.05,417891.5242,215.05,-0.013762108770211426,-0.013762108770211426,-0.19256617964076977,-0.015107533078408598,0.039174543563786295,-0.12644790333792433,-0.0753593424958543,0.005124280741146834,-0.019950225033515602,-0.014825944292368769,-0.09018528678822307,-0.2166331901261474,-0.1774586465623611,-0.1925661796407697,0.024067010485377696,-0.10238089285254663,-0.17774023534840094,-0.1726159546072541,-0.1925661796407697
2019-09-23,215.04,215.61,206.1,211.2,445388.94787,211.2,-0.018065007397639003,-0.018065007397639003,-0.23792599139987977,0.11157069112893865,0.006940240504431832,-0.2181760835326361,-0.11346961017231183,-0.004128375246534598,-0.02066285408176759,-0.02479122932830219,-0.13826083950061402,-0.35643692303325014,-0.3494966825288183,-0.2379259913998797,0.11851093163337048,-0.09966515189926561,-0.21313476207157744,-0.21726313731811203,-0.23792599139987963
2019-09-24,211.2,211.68,198.65,201.29,392437.07084,201.29,-0.04805889751916593,-0.04805889751916593,-0.5541122015893714,0.056894931355335916,-0.17307210919809185,-0.26753895459418964,-0.1373813488227805,-0.011655858197785886,-0.021358862131859186,-0.03301472032964507,-0.17039606915242556,-0.4379350237466152,-0.6110071329447071,-0.5541122015893711,-0.11617717784275594,-0.3837161324369456,-0.5210974812597261,-0.532753339457512,-0.5541122015893712
2019-09-25,201.25,202.98,150.03,165.81,1478218.82714,165.81,-0.19390409979965906,-0.09035647154696086,-1.0,-0.39632748016211644,-0.20657959251980168,-0.21241001989577768,-0.14615091229903096,-0.01671639917671657,-0.021815595946556434,-0.038531995123273,-0.18468290742230398,-0.39709292731808166,-0.6036725198378834,-0.9999999999999998,-0.6029070726819181,-0.8153170925776958,-0.9614680048767268,-0.9781844040534433,-0.9999999999999998
2019-09-26,165.72,174.85,161.88,169.96,879001.46213,169.96,0.024720560733329573,0.024720560733329573,0.21310608824443106,0.46299776836342216,0.01911328198485665,-0.09155599439526758,-0.1356429395277956,-0.019762465319874422,-0.022043562860910085,-0.04180602818078451,-0.1774489677085801,-0.26900496210384767,-0.24989168011899102,0.21310608824443114,0.48211105034827884,0.39055505595301127,0.25491211642521566,0.23514965110534125,0.21310608824443117
2019-09-27,169.96,171.01,152.11,165.92,779942.17148,165.92,-0.024057370765393757,-0.024057370765393757,-0.3010956121343662,-0.3614946757103421,0.19475894418854847,0.02316844812225215,-0.11290810389494436,-0.02237775459303341,-0.02224247024684684,-0.04462022483988025,-0.1575283287348246,-0.13435988061257245,0.06039906357597602,-0.3010956121343661,-0.16673573152179363,-0.14356728339954147,-0.2564753872944858,-0.27885314188751925,-0.3010956121343661
2019-09-28,165.92,176.72,161.03,173.79,634932.96707,173.79,0.04634192929542519,0.04634192929542519,0.44103179434857825,0.31280160355632247,0.12113163199313565,0.13584299826823454,-0.08180543780042412,-0.024442825096257854,-0.022496176572432525,-0.046939001668690375,-0.1287444394691145,0.007098558799120025,0.12823019079225567,0.44103179434857814,0.4339332355494581,0.5697762338176926,0.48797079601726845,0.4635279709210106,0.4410317943485781
2019-09-29,173.83,175.49,168.0,173.49,521775.46593,173.49,-0.0017277129384057545,-0.0017277129384057545,-0.06570334209080216,-0.07441727730961938,-0.06567514540907074,0.17204686620884335,-0.048396364810659925,-0.026372020175896335,-0.022889400594399163,-0.049261420770295494,-0.09765778558095542,0.07438908062788793,0.008713935218817193,-0.06570334209080218,-0.1400924227186901,0.03195444349015325,-0.016441921320506675,-0.04281394149640301,-0.06570334209080217
2019-09-30,173.5,174.5,164.12,169.24,410855.12176,169.24,-0.02480213498636991,-0.02480213498636991,-0.3089466836546345,-0.32176995598160374,-0.07269265863708632,0.15264685582087942,-0.016166134548073426,-0.02750698747456453,-0.023457802834185856,-0.05096479030875038,-0.06713092485682381,0.0855159309640556,0.012823272326969282,-0.30894668365463446,-0.39446261461869003,-0.24181575879781061,-0.25798189334588406,-0.2854888808204486,-0.30894668365463446
2019-10-01,169.26,181.24,165.01,180.85,580295.3997,180.85,0.0663501325462401,0.0663501325462401,0.6519520161985533,0.5145482532517299,0.06887521394701393,0.10366419363078001,0.01687629823743538,-0.02782210607413622,-0.024189836794269903,-0.05201194286840612,-0.03513564463097074,0.06852854899980927,0.13740376294682322,0.6519520161985531,0.5834234671987438,0.6870876608295239,0.7039639590669593,0.676141852992823,0.6519520161985531
2019-10-02,180.89,185.53,173.19,175.66,609972.52717,175.66,-0.02911764990913565,-0.02911764990913565,-0.35443949245392314,-0.4254563270913494,0.06593333523532133,0.013950339127028073,0.04421183910129797,-0.027965728421278147,-0.0251129504049429,-0.05307867882622105,-0.008866839724923074,0.005083499402104999,0.07101683463742632,-0.3544394924539231,-0.3595229918560281,-0.345572652729,-0.30136081362770206,-0.3293265420489802,-0.3544394924539231
2019-10-03,175.65,181.29,173.65,180.24,348268.1162,180.24,0.02573898763501778,0.02573898763501778,0.22384202616695842,0.3078656781581516,-0.03659293055898193,-0.05928788564550733,0.06561517609726013,-0.027593959211667986,-0.026164052672296108,-0.05375801188396409,0.011857164213296037,-0.04743072143221129,-0.08402365199119322,0.22384202616695836,0.27127274759916964,0.2119848619536623,0.2776000380509224,0.25000607883925446,0.22384202616695836
2019-10-04,180.24,180.72,169.55,174.69,354756.78478,174.69,-0.03127632160685075,-0.03127632160685075,-0.3771955344470885,-0.24556768198550263,-0.036806163889269765,-0.11632391062008159,0.075646683347603,-0.02681844893059717,-0.027326012369240236,-0.05414446129983741,0.021502222047765585,-0.094821688572316,-0.13162785246158576,-0.3771955344470884,-0.2823738458747724,-0.39869775649485395,-0.32305107314725096,-0.3498695220778481,-0.37719553444708837
2019-10-05,174.71,178.98,170.74,175.55,333897.63876,175.55,0.004910928097303121,0.004910928097303121,0.004279135719994477,0.11558463107732316,-0.015090885040075103,-0.12041407394101404,0.0777459528997171,-0.02506099843709458,-0.02848549083886202,-0.0535464892759566,0.0241994636237605,-0.09621461031725353,-0.11130549535732864,0.004279135719994512,0.10049374603724805,-0.019920327903765994,0.057825624995951105,0.03276462655885652,0.004279135719994501
2019-10-06,175.55,176.71,172.02,176.25,278488.61771,176.25,0.003979539077936675,0.003979539077936675,-0.00553927606495179,0.12156779574147313,-0.08184523461677463,-0.06771622657497797,0.07468022650394629,-0.02263076571109698,-0.029595071407521645,-0.052225837118618626,0.022454389385327664,-0.04526183718965031,-0.12710707180642494,-0.0055392760649518175,0.03972256112469849,-0.02799366545027948,0.04668656105366681,0.024055795342569828,-0.0055392760649518175
2019-10-07,176.23,177.04,167.68,170.1,314932.39629,170.1,-0.03551694229056194,-0.03551694229056194,-0.4218988315986469,-0.35333053964042094,-0.10379909941594964,0.013640504516559068,0.07201259920028541,-0.019720220275377665,-0.030702075983743013,-0.050422296259120675,0.021590302941164735,0.035230807457723806,-0.06856829195822584,-0.4218988315986468,-0.4571296390563706,-0.44348913453981154,-0.3714765353395261,-0.3911967556149038,-0.42189883159864683
2019-10-08,170.08,182.32,168.68,179.85,496523.48038,179.85,0.055736670739816835,0.055736670739816835,0.5400682207999906,0.3858203885610868,0.03455950160427104,0.09779530573413227,0.07058491147738195,-0.016834020012102623,-0.03185786656477894,-0.04869188657688156,0.021893024900500394,0.11968833063463266,0.1542478322389037,0.5400682207999905,0.4203798901653578,0.5181751958994901,0.5887601073768721,0.5719260873647695,0.5400682207999905
2019-10-09,179.88,184.87,177.0,180.6,400832.37828,180.6,0.0041614708412521986,0.0041614708412521986,-0.003621408308460236,-0.3515114070096047,0.21584478576837965,0.11835838440168063,0.06240206218807415,-0.015526450169601021,-0.03318878348738902,-0.04871523365699004,0.013686828531084105,0.13204521293276472,0.34788999870114434,-0.003621408308460361,-0.13566662124122505,-0.017308236839544425,0.04509382534852972,0.0295673751789287,-0.003621408308460316
2019-10-10,180.61,195.53,178.96,192.62,562506.82189,192.62,0.06443469514983328,0.06443469514983328,0.6317600741473143,0.33655400453181744,0.20407320348142177,0.09185059491369212,0.04938202442323794,-0.015431941903294442,-0.03466781129956062,-0.05009975320285506,-0.0007177287796171217,0.091132866134075,0.2952060696154968,0.6317600741473142,0.5406272080132393,0.6324778029269313,0.6818598273501693,0.6664278854468748,0.6317600741473142
2019-10-11,192.61,194.2,186.88,191.14,436588.58452,191.14,-0.0077131922946847235,-0.0077131922946847235,-0.12880039372902893,-0.04473856740029581,-0.08674450630579544,0.0259389021389782,0.029594266939152993,-0.016620322157368517,-0.03623016694370031,-0.05285048910106882,-0.023256222161915828,0.0026826799770623723,-0.08406182632873307,-0.12880039372902888,-0.13148307370609125,-0.10554417156711304,-0.07594990462796006,-0.09257022678532857,-0.12880039372902888
2019-10-12,191.18,196.65,179.41,180.72,621693.63125,180.72,-0.056057271678285725,-0.056057271678285725,-0.6384285607812915,-0.2438507476161943,-0.31170722692119684,-0.035811441751681404,0.009345846490453188,-0.018604432194970464,-0.03780055878770151,-0.056404990982671974,-0.047059144492218784,-0.08287058624390019,-0.39457781316509705,-0.6384285607812914,-0.5555579745373911,-0.5913694162890725,-0.5820235697986192,-0.6006280019935897,-0.6384285607812912
2019-10-13,180.65,184.64,177.59,179.68,290415.22038,179.68,-0.005771381169614737,-0.005771381169614737,-0.10833042807762394,0.1242913147536322,-0.11351255171108993,-0.05187602154230806,-0.007879867162499445,-0.020067154130846587,-0.03928614828451206,-0.05935330241535865,-0.06723316957785809,-0.11910919112016616,-0.23262174283125608,-0.10833042807762389,0.010778763042542272,-0.04109725849976579,-0.04897712566226523,-0.06904427979311181,-0.10833042807762387
2019-10-14,179.65,184.95,178.52,180.99,247589.23231,180.99,0.007264290130647134,0.007264290130647134,0.02908754234921096,-0.05072533880922304,0.216398490321029,-0.05136992264427487,-0.02324266005690456,-0.021269277484759826,-0.04070374897665576,-0.06197302646141559,-0.08521568651832015,-0.13658560916259502,0.07981288115843399,0.029087542349210953,0.16567315151180598,0.11430322886753111,0.09106056881062655,0.06979129132586673,0.029087542349210967
2019-10-15,180.98,187.54,180.43,186.72,279732.84612,186.72,0.031168387417465835,0.031168387417465835,0.28107706083102846,0.2299313080526275,0.18220638461936473,-0.025505191719691962,-0.04163083387491371,-0.021840560800362636,-0.04208404544599548,-0.06392460624635811,-0.10555544012127183,-0.13106063184096378,0.051145752778400944,0.28107706083102846,0.4121376926719922,0.38663250095230023,0.3450016670773865,0.3231611062770239,0.2810770608310284
2019-10-16,186.7,188.37,175.96,180.49,405466.38109,180.49,-0.03393479396208876,-0.03393479396208876,-0.4052203186778259,-0.18092374036122003,-0.08255000014539242,-0.013306235467901524,-0.06270113275212899,-0.022293303154088975,-0.04344590679709381,-0.06573920995118278,-0.12844034270331178,-0.1417465781712133,-0.2242965783166057,-0.4052203186778257,-0.26347374050661243,-0.276779975974514,-0.33948110872664294,-0.3617744118807319,-0.4052203186778257
2019-10-17,180.52,181.44,171.81,174.47,347764.93459,174.47,-0.03392256748434657,-0.03392256748434657,-0.4050914309728431,-0.12297624863344199,-0.12989936172942476,-0.006842576933024409,-0.07851277369680655,-0.022204904280141206,-0.044655565700004056,-0.06686046998014526,-0.1453732436769518,-0.1522158206099762,-0.28211518233940097,-0.40509143097284295,-0.25287561036286677,-0.2597181872958912,-0.3382309609926977,-0.36043586527283894,-0.405091430972843
2019-10-18,174.52,178.96,172.61,177.16,298795.8198,177.16,0.015300471963186912,0.015300471963186912,0.1138024582113833,0.2729110802763272,-0.02026108027228905,0.013159586676434838,-0.08548940238991908,-0.020880179851876526,-0.04563754622729411,-0.06651772607917064,-0.1520071284690897,-0.13884754179265488,-0.15910862206494392,0.1138024582113833,0.25265000000403814,0.265809586680473,0.1803201842905539,0.1594400044386774,0.1138024582113833
2019-10-19,177.17,177.44,168.66,172.74,319602.48508,172.74,-0.025265705202857817,-0.025265705202857817,-0.31383349591253623,-0.17570335646299223,-0.005293918877594702,0.01138652090736196,-0.07903028642848996,-0.01872345966740743,-0.04646899538341378,-0.0651924550508212,-0.14422274147931116,-0.13283622057194922,-0.13813013944954391,-0.3138334959125362,-0.18099727534058693,-0.169610754433225,-0.24864104086171496,-0.26736450052912236,-0.3138334959125361
2019-10-20,172.78,174.98,169.44,171.79,296918.73026,171.79,-0.005514773213785414,-0.005514773213785414,-0.10562534725184888,-0.02925358341560461,0.039417254067744094,0.01188974708881252,-0.06505835042887599,-0.015448273545338218,-0.04717214101858667,-0.06262041456392489,-0.1276787649928009,-0.11578901790398838,-0.07637176383624428,-0.10562534725184888,0.010163670652139484,0.022053417740952007,-0.043004932687923984,-0.0584532062332622,-0.10562534725184887
2019-10-21,171.84,176.88,169.21,175.22,299141.07152,175.22,0.019769526599863717,0.019769526599863717,0.1609138346608973,0.12916389653269905,0.16055937652285893,-0.018735278955302352,-0.05052989839259613,-0.011655424747119366,-0.04788883629964291,-0.059544261046762276,-0.11007415943935842,-0.12880943839466077,0.03174993812819815,0.1609138346608972,0.289723273055558,0.27098799410025565,0.2204580957076595,0.20880267096054014,0.16091383466089723
2019-10-22,175.18,177.9,171.59,173.98,270608.51385,173.98,-0.0071019771588231185,-0.0071019771588231185,-0.12235715490153744,-0.060634665540585164,0.10090990751542771,-0.07075950795917635,-0.03594214337176341,-0.007152933750782851,-0.048777811794657296,-0.05593074554544015,-0.09187288891720355,-0.1626323968763799,-0.06172248936095219,-0.12235715490153735,0.04027524197484254,-0.030484265984333805,-0.06642640935609721,-0.07357934310688007,-0.12235715490153737
2019-10-23,174.0,175.04,170.3,171.2,255429.41624,171.2,-0.016107886371752932,-0.016107886371752932,-0.2172946335616727,0.12443967806105745,-0.19199880035998643,-0.08121941149875898,-0.016982092553424494,-0.0017601702808573835,-0.04977383692970276,-0.051534007210560145,-0.06851609976398464,-0.14973551126274362,-0.34173431162273005,-0.2172946335616726,-0.06755912229892898,-0.14877853379768796,-0.16576062635111247,-0.16752079663196984,-0.2172946335616726
2019-10-24,171.19,171.49,153.45,162.35,746955.09806,162.35,-0.053077965158786704,-0.053077965158786704,-0.607021643119846,-0.19296776123514653,-0.3099769669400162,-0.06288732325843811,0.005347222986007189,0.0043345438754816695,-0.05087135854773384,-0.04653681467225217,-0.04118959168624498,-0.1040769149446831,-0.41405388188469927,-0.6070216431198459,-0.5029447281751627,-0.5658320514336008,-0.5604848284475936,-0.5561502845721119,-0.6070216431198457
2019-10-25,162.35,163.72,158.72,160.38,387310.83766,160.38,-0.012208499169972365,-0.012208499169972365,-0.17618851306856884,-0.19619988510867195,0.02436102156601525,0.008006293223509863,0.027852226996877623,0.011906693759742109,-0.052114863506041706,-0.040208169746299594,-0.01235594274942197,-0.004349649525912108,0.020011372040103143,-0.1761885130685688,-0.1718388635426567,-0.16383257031914683,-0.13598034332226921,-0.1240736495625271,-0.1761885130685688
2019-10-26,160.39,187.78,160.25,181.5,904832.86059,181.5,0.12370965432602289,0.09936647749342571,1.0000000000000004,0.5839925324437808,0.3089908259008191,0.09588740041369524,0.04467152102300559,0.020007622202209734,-0.0535499019835102,-0.03354227978130046,0.011129241241705126,0.10701664165540037,0.4160074675562195,1.0000000000000002,0.8929833583445999,0.9888707587582951,1.0335422797813008,1.0535499019835104,1.0000000000000002
2019-10-27,181.53,197.74,173.8,179.49,1211737.43684,179.49,-0.011136157634855258,-0.011136157634855258,-0.1648842239402269,-0.4248594501916747,0.10312239574794042,0.13518129542795496,0.04902028594834583,0.02798666292421478,-0.05533541379700814,-0.02734875087279336,0.02167153507555247,0.15685283050350743,0.25997522625144787,-0.16488422394022684,-0.3217370544437343,-0.18655575901577934,-0.13753547306743352,-0.10954881014321874,-0.1648842239402269
2019-10-28,179.42,188.7,176.22,183.75,724423.40525,183.75,0.023456642022895907,0.023456642022895907,0.1997822524425259,0.17263961534548974,-0.12188832991084676,0.12485082277181614,0.04615210706506152,0.035470308689807176,-0.057442271518801935,-0.02197196282899476,0.024180144236066764,0.1490309670078829,0.02714263709703614,0.1997822524425259,0.05075128543464298,0.1756021082064591,0.22175421527152062,0.2572245239613278,0.19978225244252584
2019-10-29,183.84,189.48,180.35,181.72,582179.44545,181.72,-0.011109097201743544,-0.011109097201743544,-0.16459896131650545,-0.23635330961473372,-0.00968326428842255,0.05757213052974139,0.041753085632329906,0.04183225009543045,-0.05971985367085086,-0.017887603575420408,0.0238654820569095,0.08143761258665089,0.07175434829822834,-0.16459896131650537,-0.24603657390315628,-0.1884644433734149,-0.14671135774108499,-0.10487910764565453,-0.1645989613165054
2019-10-30,181.67,192.74,181.26,190.46,529964.5054,190.46,0.04697515787469755,0.04697515787469755,0.44770709201262165,0.3944344981156019,0.05830536872975068,-0.027219503011756623,0.0368972269212744,0.047390121716418376,-0.062100620458667134,-0.014710498742248758,0.022186728179025644,-0.005032774832730978,0.0532725938970197,0.4477070920126216,0.45273986684535256,0.4255203638335959,0.4624175907548703,0.5098077124712888,0.4477070920126216
2019-10-31,190.45,191.71,179.28,183.13,537770.43056,183.13,-0.039245915613042755,-0.039245915613042755,-0.4612085022667644,-0.32287761084560573,-0.06568299421683801,-0.08880968790017676,0.028830340891103836,0.05188439480743149,-0.06455294500267915,-0.012668550195247659,0.016161790695856177,-0.07264789720432059,-0.13833089142115862,-0.46120850226676435,-0.3885606050624437,-0.47737029296262046,-0.44853995207151665,-0.39665555726408513,-0.4612085022667643
2019-11-01,183.14,185.27,177.66,182.18,410969.86104,182.18,-0.005201073836193349,-0.005201073836193349,-0.1023184265110661,0.07192406481495987,-0.07523891595413996,-0.10657513504352391,0.01894003215817883,0.05567871204180453,-0.06704718452834542,-0.011368472486540888,0.007571559671637942,-0.09900357537188596,-0.17424249132602593,-0.10231842651106605,-0.0033148511391800917,-0.109889986182704,-0.09094995402452517,-0.03527124198272064,-0.10231842651106607
2019-11-02,182.19,184.5,177.02,182.85,331519.76963,182.85,0.0036709352787263278,0.0036709352787263278,-0.0087924808118868,0.05675293036040064,0.014166945238576121,-0.07451197676938105,0.006013678868466823,0.058432987713007124,-0.06964704622295642,-0.011214058509949297,-0.005200379641482474,-0.07971235641086352,-0.0655454111722874,-0.008792480811886765,0.07091987559897676,-0.0035921011704042882,0.002421577698062535,0.06085456541106966,-0.008792480811886765
2019-11-03,182.86,186.0,181.53,182.91,179864.39739,182.91,0.000328083992444124,0.000328083992444124,-0.04403177371967949,0.005433934539889723,-0.009668836218638881,-0.02205979376521501,-0.005006935001865739,0.05959901284554011,-0.0723291561193897,-0.012730143273849588,-0.01773707827571533,-0.03979687204093034,-0.049465708259569224,-0.0440317737196795,-0.0042349016787491586,-0.02629469544396417,-0.03130163044582991,0.0282973823997102,-0.0440317737196795
2019-11-04,182.9,184.7,178.95,181.54,232621.52147,181.54,-0.007518213489353226,-0.007518213489353226,-0.12674498813558127,-0.10534428322973952,-0.03161452655641288,0.032869233759081455,-0.006781129383201595,0.05921921780473085,-0.07509350053003959,-0.01587428272530874,-0.022655412108510336,0.01021382165057112,-0.02140070490584176,-0.12674498813558127,-0.13695880978615238,-0.10408957602707092,-0.11087070541027251,-0.05165148760554166,-0.12674498813558124
2019-11-05,181.53,188.64,180.36,185.71,321175.29134,185.71,0.022710302106480576,0.022710302106480576,0.19191457043367777,0.08834907961018053,0.06868106779963672,0.05988862459739962,-0.0038708488142589416,0.05680999057193173,-0.07794334333121192,-0.02113335275928019,-0.02500420157353913,0.03488442302386049,0.1035654908234972,0.1919145704336777,0.15703014740981724,0.21691877200721688,0.21304792319295793,0.26985791376488966,0.19191457043367774
2019-11-06,185.71,192.51,182.22,188.68,389668.6472,188.68,0.015866141211099395,0.015866141211099395,0.11976556653089471,-0.027541943362192123,0.12874897547810019,0.045986644496628946,0.0009715285889482369,0.052532028836273545,-0.08093166750686412,-0.028399638670590574,-0.027428110081642337,0.01855853441498661,0.1473075098930868,0.11976556653089468,0.10120703211590806,0.14719367661253702,0.14816520520148527,0.2006972340377588,0.11976556653089468
2019-11-07,188.65,195.09,187.72,191.16,343219.9224,191.16,0.013058315293896562,0.013058315293896562,0.09016634375468613,0.091677289889915,0.01475944333233214,0.01332751864298678,0.00854416836972188,0.04590967193179222,-0.0840517484120619,-0.038142076480269675,-0.029597908110547796,-0.016270389467561014,-0.001510946135228874,0.09016634375468613,0.10643673322224714,0.11976425186523393,0.1283084202349558,0.17421809216674802,0.09016634375468613
2019-11-08,191.16,192.27,184.59,186.68,309882.08206,186.68,-0.02371485262834259,-0.02371485262834259,-0.2974848930433589,-0.10199412623994226,-0.14125688807924217,-0.022576422947256824,0.01858355907573534,0.03700976225953153,-0.08725077711218444,-0.050241014852652914,-0.03165745577691757,-0.0542338787241744,-0.19549076680341657,-0.29748489304335884,-0.24325101431918444,-0.26582743726644126,-0.24724387819070592,-0.2102341159311744,-0.29748489304335884
2019-11-09,186.67,188.26,181.41,183.74,365029.75027,183.74,-0.015874206238294455,-0.015874206238294455,-0.2148312506695089,-0.03364418220637683,-0.10594009035721398,-0.040372399007300615,0.02888068085009872,0.02674130844929083,-0.09049656839800699,-0.06375525994871616,-0.034874579098617436,-0.07524697810591804,-0.18118706846313204,-0.21483125066950887,-0.1395842725635908,-0.1799566715708914,-0.1510759907207927,-0.12433468227150186,-0.21483125066950887
2019-11-10,183.71,185.79,182.63,184.89,192073.38044,184.89,0.006239338798940871,0.006239338798940871,0.01828282592570564,0.023431857048483513,0.0598868261329165,-0.028837809324686846,0.04238403976657528,0.015109957083083504,-0.0936920447806663,-0.07858208769758279,-0.03619804793100751,-0.06503585725569436,-0.005149031122777856,0.018282825925705657,0.08331868318140001,0.054480873856713165,0.09686491362328845,0.11197487070637195,0.018282825925705654
2019-11-11,184.86,191.58,183.3,188.96,274940.53448,188.96,0.02177429880679077,0.02177429880679077,0.18204751634850688,0.15336368338628956,0.07535806369184844,-0.007227091068873748,0.054011657582598877,0.0033873050791073315,-0.09684610232246364,-0.09345879724335632,-0.03944713966075744,-0.046674230729631186,0.028683832962217257,0.1820475163485068,0.228721747078138,0.22149465600926424,0.2755063135918631,0.27889361867097046,0.1820475163485068
2019-11-12,188.96,190.19,184.06,184.98,255579.93429,184.98,-0.021287641322938228,-0.021287641322938228,-0.2718979904816906,-0.22125269352934124,-0.007537729374478548,0.007877010819795636,0.056572527171199226,-0.0076151263903952125,-0.09994197917847043,-0.10755710556886565,-0.05098457839766642,-0.043107567577870785,-0.05064529695234933,-0.27189799048169055,-0.2287904229038198,-0.22091341208402415,-0.16434088491282492,-0.17195601130322014,-0.27189799048169055
2019-11-13,184.98,187.65,182.41,187.09,256782.63119,187.09,0.011342073371213325,0.011342073371213325,0.0720742580964783,0.09994864072887547,0.027445204620513936,0.012149421183094712,0.05319137324799031,-0.017619864885566064,-0.10304051679843004,-0.1206603816839961,-0.0674690084360058,-0.055319587252911084,-0.027874382632397148,0.07207425809647831,0.1273938453493894,0.1395432665324841,0.19273463978047442,0.17511477489490834,0.0720742580964783
2019-11-14,187.09,189.66,185.3,188.11,197273.84001,188.11,0.005437113607602041,0.005437113607602041,0.009826018824651582,0.057222448400667474,0.03281436306096286,0.008340263850076168,0.04409820583281893,-0.02641688259307446,-0.1062323797267994,-0.13264926231987387,-0.08855105648705494,-0.08021079263697878,-0.04739642957601592,0.009826018824651554,0.09003681146163034,0.0983770753117065,0.14247528114452543,0.11605839855145098,0.009826018824651575
2019-11-15,188.07,188.72,183.34,184.92,245505.29971,184.92,-0.017103598984904638,-0.017103598984904638,-0.22779112455749573,-0.030723018239225824,-0.09880857666002708,0.020439021147465385,0.024976612474813656,-0.03419719497691641,-0.1094779683036054,-0.14367516328052182,-0.11869855080570817,-0.09825952965824278,-0.19706810631826988,-0.2277911245574957,-0.12953159489925292,-0.10909257375178753,-0.08411596127697388,-0.11831315625389029,-0.22779112455749567
2019-11-16,184.93,186.7,177.67,180.0,407466.78964,180.0,-0.026966448229814227,-0.026966448229814227,-0.33176219705869403,-0.13670126238041702,-0.09125479646603399,0.05024828652137234,-0.0006000199923479712,-0.04066382386780772,-0.11279058087345961,-0.15345440474126734,-0.1540544247336153,-0.10380613821224297,-0.19506093467827695,-0.331762197058694,-0.227956058846451,-0.17770777232507867,-0.17830779231742663,-0.21897161618523436,-0.331762197058694
2019-11-17,179.99,183.46,179.3,182.37,172801.52576,182.37,0.01308073953853054,0.01308073953853054,0.0904027331292705,0.12300457306885666,0.07329100768094693,0.08465067227555782,-0.028359919343496888,-0.046095203785213625,-0.11608839676738038,-0.162183600552594,-0.1905435198960909,-0.10589284762053307,-0.03260183993958614,0.09040273312927052,0.19629558074980358,0.2809462530253614,0.2525863336818645,0.2064911298966509,0.09040273312927051
2019-11-18,182.37,186.09,180.0,183.82,198892.4372,183.82,0.007919427501222577,0.007919427501222577,0.03599379564001326,0.08709304056796843,0.07264895529281347,0.10731241712333404,-0.06098330929075909,-0.05073662493927501,-0.11934068311406856,-0.1700773080533436,-0.2310606173441027,-0.12374820022076864,-0.05109924492795517,0.03599379564001326,0.15974199586078192,0.267054412984116,0.20607110369335688,0.15533447875408185,0.03599379564001329
2019-11-19,183.82,184.06,175.01,178.2,293551.23632,178.2,-0.031050502893254485,-0.031050502893254485,-0.37481502418474594,-0.18510418009030216,0.008738894439456983,0.06896046957552462,-0.09057809295284411,-0.05426211134476191,-0.12257000381181933,-0.17683211515658123,-0.26741020810942534,-0.19844973853390072,-0.18971084409444372,-0.3748150241847459,-0.17636528565084517,-0.10740481607532054,-0.19798290902816465,-0.25224502037292656,-0.3748150241847459
2019-11-20,178.2,178.52,172.65,175.94,275886.6411,175.94,-0.012763487212180367,-0.012763487212180367,-0.1820390234576927,0.0254238032474613,0.10013719186947803,-0.015744061209169345,-0.10983164211623694,-0.05636408142664532,-0.12566023382258035,-0.18202431524922566,-0.2918559573654626,-0.30760001857463193,-0.2074628267051539,-0.1820390234576926,0.12556099511693933,0.10981693390776998,-1.4708208466968076e-05,-0.05637878963511229,-0.18203902345769263
2019-11-21,175.93,177.41,173.5,174.72,216315.93309,174.72,-0.006958335267988195,-0.006958335267988195,-0.12084292700700533,0.25104075970626183,0.04902887689500238,-0.11524876076834456,-0.12061419987165498,-0.056513221522561934,-0.128536381445708,-0.18504960296826994,-0.3056638028399249,-0.42091256360826945,-0.3718836867132671,-0.12084292700700527,0.3000696366012642,0.18482087583291962,0.06420667596126464,0.0076934544387027085,-0.1208429270070053
2019-11-22,174.75,175.85,157.26,161.01,473895.92992,161.01,-0.08171821769969305,-0.08171821769969305,-0.9089382292341558,-0.22844765776053827,-0.16194645259016838,-0.2110752568946873,-0.12186362566410792,-0.054533959039123,-0.13107127728553064,-0.18560523632465364,-0.30746886198876155,-0.5185441188834489,-0.6804905714736172,-0.9089382292341555,-0.39039411035070665,-0.6014693672453939,-0.7233329929095018,-0.7778669519486248,-0.9089382292341555
2019-11-23,161.02,162.79,138.0,149.56,977977.23794,149.56,-0.07376882474793417,-0.07376882474793417,-0.8251382146131868,-0.18238551276022744,-0.1325369820235952,-0.22024776781064487,-0.10719238406370211,-0.049635308727173,-0.13314025922784403,-0.18277556795501704,-0.28996795201871917,-0.510215719829364,-0.6427527018529592,-0.8251382146131866,-0.3149224947838226,-0.5351702625944674,-0.6423626466581696,-0.6919979553853426,-0.8251382146131866
2019-11-24,149.55,154.33,146.11,151.84,369721.0996,151.84,0.015129684752704665,0.015129684752704665,0.11200207284581645,0.5417161401270321,-0.021787239537172338,-0.14875678231638245,-0.08231019946969687,-0.04204840854769804,-0.13481143741026583,-0.17685984595796386,-0.25917004542766076,-0.4079268277440432,-0.42971406728121553,0.11200207284581654,0.5199289005898597,0.3711721182734773,0.2888619188037804,0.2468135102560824,0.11200207284581656
2019-11-25,151.84,152.86,138.62,139.96,352319.21558,139.96,-0.08147066736213045,-0.08147066736213045,-0.9063286309877159,-0.6088514013181562,-0.04011724740899417,-0.03582549461181897,-0.052357354468449836,-0.03299415800460392,-0.13618297517569275,-0.16917713318029667,-0.2215344876487465,-0.25735998226056545,-0.2974772296695596,-0.9063286309877158,-0.6489686487271503,-0.6847941433389693,-0.7371514978074191,-0.770145655812023,-0.9063286309877158
2019-11-26,139.99,151.5,131.45,145.69,749675.41303,145.69,0.040124409166417255,0.040124409166417255,0.3754886414463492,0.3886051923787257,0.05596648455082949,0.10594591111708546,-0.014918097907778274,-0.022842112276968484,-0.13726873641554468,-0.16011084869251316,-0.17502894660029145,-0.06908303548320599,-0.0131165509323765,0.3754886414463492,0.4445716769295552,0.5505175880466406,0.5355994901388623,0.5127573778618938,0.3754886414463491
2019-11-27,145.81,149.97,143.37,147.47,354023.04298,147.47,0.01214368859694492,0.01214368859694492,0.0805246351308449,-0.14343460571314823,0.1640769409240732,0.19045432456003214,0.020387730083356058,-0.012862197441423775,-0.13809755728204456,-0.15095975472346834,-0.13057202464011228,0.05988229991991986,0.22395924084399307,0.08052463513084485,0.020642335210924984,0.21109665977095712,0.2314843898543132,0.2186221924128894,0.08052463513084485
2019-11-28,147.47,155.54,140.84,152.62,564796.4284,152.62,0.0343264065986377,0.0343264065986377,0.3143679114861025,0.1483363619926622,0.0637702664367337,0.19733199732010198,0.047176263012443535,-0.0036335409551967895,-0.13861343632064219,-0.142246977275839,-0.09507071426339544,0.10226128305670654,0.16603154949344023,0.31436791148610244,0.2121066284293959,0.40943862574949785,0.4566148887619414,0.4529813478067446,0.31436791148610244
2019-11-29,152.61,154.63,149.09,150.72,317714.56326,150.72,-0.012527361033434208,-0.012527361033434208,-0.17954985512101568,-0.23076325250746235,-0.030919896585447172,0.1484738641587868,0.06793581936346947,0.004567335029691344,-0.1388437245800538,-0.13427638955036247,-0.066340570186893,0.0821332939718938,0.051213397386446625,-0.17954985512101573,-0.2616831490929095,-0.11320928493412272,-0.045273465570653246,-0.0407061305409619,-0.1795498551210157
2019-11-30,150.69,157.6,150.23,154.57,328712.25558,154.57,0.025223257336174313,0.025223257336174313,0.2184053586319869,0.23153680404804197,-0.019747258796206733,0.05161413752098174,0.08230501948155622,0.011557133226706017,-0.13886047684909233,-0.12730334362238632,-0.044998324140830104,0.0066158133801516375,-0.013131445416055095,0.21840535863198687,0.21178954525183524,0.263403682772817,0.3457087022543732,0.35726583548107926,0.21840535863198693
2019-12-01,154.54,155.25,149.7,151.37,226863.41299,151.37,-0.020919897389753285,-0.020919897389753285,-0.2680213489362689,-0.1644748015751586,-0.02547053439940909,-0.04166521343974379,0.08494823438388345,0.017323588879874775,-0.13868262278571555,-0.12135903390584078,-0.03641079952195733,-0.07807601296170112,-0.10354654736111021,-0.26802134893626883,-0.18994533597456767,-0.23161054941431147,-0.14666231503042804,-0.12933872615055325,-0.26802134893626883
2019-12-02,151.43,152.49,145.79,150.73,344178.14088,150.73,-0.004237013952036092,-0.004237013952036092,-0.09215560868609084,0.07273190415416528,-0.03131503645854715,-0.09928739301736052,0.08260787064399305,0.0213820510429891,-0.13827500505133056,-0.11689295400834146,-0.03428508336434841,-0.13357247638170894,-0.1648875128402561,-0.09215560868609082,0.04141686769561813,-0.05787052532174239,0.024737345322250665,0.04611939636523976,-0.0921556086860908
2019-12-03,150.72,151.42,146.71,148.65,233839.0973,148.65,-0.013895607378331098,-0.013895607378331098,-0.19397348022085145,-0.016596932452555634,-0.02998873008961231,-0.11125557114295619,0.07745376969573312,0.024055392865055068,-0.13764140909651545,-0.11358601623146039,-0.036132246535727275,-0.14738781767868347,-0.17737654776829578,-0.19397348022085142,-0.04658566254216794,-0.15784123368512412,-0.080387463989391,-0.05633207112433594,-0.1939734802208514
2019-12-04,148.66,149.93,145.77,147.17,196329.22503,147.17,-0.010006168268085279,-0.010006168268085279,-0.1529722293978119,0.018625432184020914,-0.04345007900694287,-0.08262989280810444,0.06506805917595743,0.02608868305770259,-0.1366744320004455,-0.1105857489427429,-0.04551768976678547,-0.1281475825748899,-0.17159766158183276,-0.15297222939781185,-0.02482464682292196,-0.1074545396310264,-0.04238648045506897,-0.016297797397366382,-0.15297222939781188
2019-12-05,147.19,151.98,143.15,145.38,434490.46521,145.38,-0.012237377119532109,-0.012237377119532109,-0.17649293538232483,-0.09410882966377278,0.0025256637484545605,-0.030118597685113865,0.05327361457130752,0.02732803447538696,-0.1353928208285872,-0.10806478635320024,-0.054791171781892724,-0.0849097694670066,-0.08238410571855204,-0.1764929353823248,-0.09158316591531822,-0.12170176360043208,-0.06842814902912456,-0.0411001145537376,-0.1764929353823248
2019-12-06,145.45,149.02,143.64,148.1,299073.53972,148.1,0.018536717217263705,0.018536717217263705,0.14791794366473127,0.1297167013265921,0.056530084641144854,0.021976617642401906,0.046045788631553036,0.027478998225966157,-0.1338302468029268,-0.10635124857696064,-0.060305459945407605,-0.0383288423030057,0.018201242338139155,0.14791794366473127,0.18624678596773697,0.20822340361013889,0.2542691922416919,0.2817481904676581,0.1479179436647313
2019-12-07,148.11,149.77,145.74,148.45,220674.68581,148.45,0.0023604799360156933,0.0023604799360156933,-0.022606891238657854,-0.026303424468248855,0.026046484113219436,0.044355244932964506,0.039106803445389096,0.026178778220282046,-0.1319907774822641,-0.10581199926198205,-0.06670519581659295,-0.02234995088362845,0.003696533229590987,-0.022606891238657868,-0.0002569403550294197,0.04409830457793509,0.08320510802332418,0.10938388624360622,-0.022606891238657875
2019-12-08,148.46,149.49,146.85,147.14,140471.68588,147.14,-0.008863686705650459,-0.008863686705650459,-0.14092854603516697,-0.1276021727571412,0.018219860136640273,0.04449286533652542,0.030441968356513846,0.02341409283219866,-0.12989515993990397,-0.1064810671077053,-0.07603909875119146,-0.03154623341466604,-0.013326373278025765,-0.14092854603516697,-0.10938231262050092,-0.0648894472839755,-0.03444747892746165,-0.011033386095262991,-0.14092854603516697
2019-12-09,147.16,151.62,146.11,150.44,205301.6026,150.44,0.022179819098017372,0.022179819098017372,0.1863223844472552,0.20527210158307005,0.04099476112321811,0.02584696190179916,0.023275956882745065,0.018506154733692735,-0.12757355177726992,-0.10906739704357718,-0.08579144016083212,-0.05994447825903296,-0.01894971713581485,0.18632238444725518,0.24626686270628817,0.2721138246080873,0.2953897814908324,0.3138959362245251,0.18632238444725518
2019-12-10,150.44,151.19,146.56,147.38,243775.99249,147.38,-0.020550048263282366,-0.020550048263282366,-0.26412251510154716,-0.1330745881762069,-0.039803713341771546,0.012017041510941923,0.010144632861279876,0.01165239688418794,-0.12505828483997838,-0.11340588795579044,-0.10326125509451056,-0.09124421358356864,-0.13104792692534017,-0.26412251510154705,-0.17287830151797845,-0.16086126000703652,-0.15071662714575665,-0.13906423026156872,-0.2641225151015471
2019-12-11,147.4,148.57,143.81,145.56,203215.84937,145.56,-0.012425912594894133,-0.012425912594894133,-0.17848041740614567,0.0368861793812656,-0.11556019448558028,0.02550670739264536,-0.006809768203158341,0.003818022419276191,-0.12232136391059414,-0.11850334149131796,-0.1253131096944763,-0.09980640230183092,-0.2153665967874112,-0.17848041740614562,-0.07867401510431468,-0.05316730771166932,-0.059977075914827656,-0.05615905349555146,-0.17848041740614562
2019-12-12,145.53,146.34,142.12,143.39,157843.10484,143.39,-0.015020182017011332,-0.015020182017011332,-0.2058283943929988,-0.07238635717673612,-0.027914061503157537,0.03765505211781246,-0.019188867853914517,-0.004636785746917313,-0.1193573742300857,-0.12399415997700301,-0.14318302783091752,-0.10552797571310506,-0.1334420372162626,-0.20582839439299871,-0.10030041867989366,-0.0626453665620812,-0.08183423441599572,-0.08647102016291303,-0.20582839439299871
2019-12-13,143.41,145.85,139.24,144.87,261615.30437,144.87,0.010268597826612423,0.010268597826612423,0.06075801459477741,0.09487291297340342,0.07675321169583714,0.05036925461527454,-0.032359523051782385,-0.012768558537227142,-0.11610928310072818,-0.12887784163795532,-0.1612373646897377,-0.11086811007446316,-0.034114898378626024,0.06075801459477739,0.17162612466924054,0.22199537928451507,0.18963585623273269,0.17686729769550555,0.060758014594777365
2019-12-14,144.87,146.0,142.8,144.8,160695.18556,144.8,-0.0004833086019441282,-0.0004833086019441282,-0.05258522071691682,0.001889930906736115,0.10256981746660183,0.024041429807035723,-0.04825417420997958,-0.020238823034532945,-0.11259340165277788,-0.13283222468731082,-0.1810863988972904,-0.15704496909025467,-0.05447515162365284,-0.05258522071691672,0.10445974837333795,0.12850117818037368,0.08024700397039411,0.06000818093586116,-0.05258522071691672
2019-12-15,144.8,145.07,141.18,141.79,126232.59201,141.79,-0.02100639020214953,-0.02100639020214953,-0.2689331291171455,-0.1563069349810763,0.13038434817693526,-0.04551064001668797,-0.061931794166349065,-0.026872348183401066,-0.10869575994656629,-0.13556810812996736,-0.19749990229631642,-0.2430105423130044,-0.11262619413606914,-0.26893312911714545,-0.025922586804141057,-0.07143322682082903,-0.1333650209871781,-0.16023736917057915,-0.26893312911714545
2019-12-16,141.79,144.12,139.92,142.46,151189.65877,142.46,0.0047141688007412055,0.0047141688007412055,0.0022049607447780506,0.32847498974278677,-0.02664511890972483,-0.09368077294914022,-0.06907604102151116,-0.03250257823835074,-0.1043655178792817,-0.13686809611763243,-0.20594413713914358,-0.2996249100882838,-0.3262700289980086,0.0022049607447781616,0.30182987083306195,0.20814909788392172,0.13907305686241056,0.10657047862405983,0.002204960744778134
2019-12-17,142.46,142.72,127.93,132.73,471018.85942,132.73,-0.07074426891209702,-0.07074426891209702,-0.7932542928089426,-0.14599618395753738,-0.31005059324262385,-0.12836757674180446,-0.07228302640102426,-0.03686964133161967,-0.09968727113433258,-0.13655691246595225,-0.2088399388669765,-0.33720751560878093,-0.6472581088514048,-0.7932542928089421,-0.45604677720016124,-0.5844143539419657,-0.65669738034299,-0.6935670216746096,-0.7932542928089422
2019-12-18,132.72,132.98,119.11,121.88,563257.36001,121.88,-0.08528003552060263,-0.08528003552060263,-0.9464857988763647,-0.5003994769564484,-0.14717618138141383,-0.10048712077324436,-0.06450664918844007,-0.03933138982308057,-0.09458498075373734,-0.1339163705768179,-0.19842301976525797,-0.29891014053850234,-0.44608632191991615,-0.9464857988763645,-0.6475756583378622,-0.7480627791111066,-0.8125694282995467,-0.8519008181226273,-0.9464857988763646
2019-12-19,121.88,134.87,116.26,132.78,884960.91334,132.78,0.08565666917350509,0.08565666917350509,0.8554754879231592,0.809165991139268,0.2367304423550356,-0.011883947402693176,-0.0491933477404064,-0.04020317922190163,-0.08914047120614343,-0.12934365042804508,-0.17853699816845148,-0.19042094557114464,0.04630949678389096,0.855475487923159,1.0458964334943035,1.0340124860916102,0.9848191383512038,0.9446159591293022,0.8554754879231588
2019-12-20,132.8,134.0,125.69,128.1,420674.8172,128.1,-0.03588241438832477,-0.03588241438832477,-0.42575152416548057,-0.4555058864247692,0.13523992596456735,0.05543480809547296,-0.0373501983755808,-0.040002681414028775,-0.08356749201114202,-0.12357017342517079,-0.16092037180075158,-0.10548556370527862,0.029754362259288736,-0.42575152416548045,-0.32026596046020184,-0.2648311523647289,-0.30218135074030966,-0.34218403215433846,-0.42575152416548045
2019-12-21,128.1,129.39,125.84,128.19,213897.4673,128.19,0.0007023294213547351,0.0007023294213547351,-0.04008659543941836,0.09900250465601143,-0.10342031730438268,0.10484680104590945,-0.023975356463231866,-0.03867475565695538,-0.07786547171676932,-0.11654022737372469,-0.14051558383695656,-0.03566878279104711,-0.1390891000954298,-0.040086595439418365,-0.004417812648371253,0.1004289883975382,0.07645363193430632,0.037778876277350944,-0.04008659543941837
2019-12-22,128.19,128.4,126.5,126.99,135196.11641,126.99,-0.009405195123101241,-0.009405195123101241,-0.14663695843535066,-0.140308282325513,0.009844163798972546,0.09985265916799228,-0.00776365107533607,-0.03616578257525075,-0.07209606542621567,-0.10826184800146643,-0.1160254990768025,-0.016172839908810216,-0.00632867610983767,-0.14663695843535068,-0.13046411852654047,-0.030611459358548185,-0.03837511043388425,-0.074540893009135,-0.14663695843535068
2019-12-23,127.0,133.07,126.82,132.09,253140.72413,132.09,0.03937516523483019,0.03937516523483019,0.3675903462176831,0.3145632677413604,0.11028773782396531,0.03366078436616796,0.007703616713283674,-0.032242674929644846,-0.06638238549744946,-0.0986250604270943,-0.09092144371381063,-0.05726065934764266,0.053027078476322646,0.36759034621768305,0.42485100556532573,0.4585117899314937,0.4662154066447774,0.43397273171513256,0.3675903462176831
2019-12-24,132.12,135.1,126.0,127.8,421600.75655,127.8,-0.033016966492337776,-0.033016966492337776,-0.3955448685080564,-0.2880892515892555,-0.013708791191780456,-0.02333709881216671,0.01768972720730164,-0.027337006501113488,-0.060762447621041826,-0.08809945412215531,-0.07040972691485367,-0.09374682572702038,-0.10745561691880083,-0.39554486850805637,-0.301798042781036,-0.3251351415932027,-0.30744541438590106,-0.33478242088701454,-0.39554486850805637
2019-12-25,127.8,129.69,126.61,127.75,200637.10098,127.75,-0.0003913128596205643,-0.0003913128596205643,-0.05161543036958271,0.15697234495442036,-0.09800175235557436,-0.05926569409860245,0.025181851679014624,-0.021270789395740397,-0.055231391153100454,-0.07650218054884085,-0.05132032886982622,-0.11058602296842868,-0.20858777532400302,-0.05161543036958266,0.058970592598846,-0.0002951014997564505,0.024886750179258173,0.0036159607835177764,-0.051615430369582674
2019-12-26,127.7,127.84,123.07,125.09,225004.4909,125.09,-0.02104175085716384,-0.02104175085716384,-0.26930589008457895,-0.10365389415798308,-0.06988054447888382,-0.0575603969624407,0.025739917367172915,-0.014195800124512476,-0.04975517172793173,-0.06395097185244421,-0.03821105448527129,-0.09577145144771199,-0.1656519959265958,-0.2693058900845789,-0.1735344386368669,-0.2310948355993076,-0.2053549182321347,-0.21955071835664716,-0.2693058900845789
2019-12-27,125.09,132.26,124.32,125.58,274986.52097,125.58,0.0039095274593133125,0.0039095274593133125,-0.006277316654953992,0.07109186408042353,-0.044539064031335805,-0.002712894548749819,0.02067633466851433,-0.0065360795358424045,-0.044257477287963844,-0.05079355682380625,-0.03011722215529192,-0.03283011670404174,-0.07736918073537755,-0.006277316654954013,0.02655280004908773,0.023839905500337908,0.044516240168852236,0.03798016063300983,-0.006277316654954013
2019-12-28,125.58,127.1,121.91,126.29,240012.37451,126.29,0.005637843972115429,0.005637843972115429,0.011942055556408877,-0.03128874083051442,0.01799124153743291,0.042488346900159235,0.01999911475034732,0.0014630244319658022,-0.038710931232981985,-0.03724790680101618,-0.01724879205066886,0.025239554849490375,0.04323079638692329,0.01194205555640887,-0.013297499293081508,0.029190847607077727,0.04918996235742505,0.050652986789390855,0.01194205555640887
2019-12-29,126.28,129.68,125.84,128.11,196893.52277,128.11,0.0143084202102636,0.0143084202102636,0.10334455885929034,-0.09559602596294688,0.1453050571420702,0.05905847719593549,0.01834612227237002,0.009335128834715845,-0.033104200622854366,-0.023769071788138522,-0.005422949515768504,0.05363552768016698,0.1989405848222372,0.10334455885929032,0.04970903117912333,0.10876750837505882,0.12711363064742884,0.1364487594821447,0.10334455885929032
2019-12-30,128.11,138.07,127.52,134.36,316347.26666,134.36,0.047633494875749596,0.047633494875749596,0.4546470748073431,0.27577824865148937,0.13252588097221424,0.04241978989592607,0.014523068892928016,0.01685943472069961,-0.027459348325914235,-0.010599913605214624,0.003923155287713392,0.04634294518363946,0.1788688261558537,0.45464707480734307,0.4083041296237036,0.45072391951962965,0.4652469884125577,0.4821064231332573,0.45464707480734307
2019-12-31,134.36,136.24,130.3,131.59,320347.21956,131.59,-0.020831736582042883,-0.020831736582042883,-0.2670919852703938,-0.2030518979606787,-0.050398035499652334,-0.025247651215122135,0.00930431203266577,0.02403026124805665,-0.021728973875662982,0.002301287372393667,0.011605599405059437,-0.013642051810062698,-0.06404008730971503,-0.26709198527039374,-0.25344993346033107,-0.2786975846754532,-0.2693932726427874,-0.24536301139473074,-0.26709198527039374
2020-01-01,131.61,133.68,128.17,129.16,264933.98418,129.16,-0.01863908227197477,-0.01863908227197477,-0.24397770920459894,-0.050454473659663414,-0.14640672496145687,-0.06795398297827641,0.0058878181955794,0.030836817633031553,-0.015887163433813214,0.01494965419921834,0.02083747239479774,-0.047116510583478675,-0.19352323554493556,-0.24397770920459896,-0.19686119862112028,-0.2648151815993967,-0.25892736340381733,-0.22809054577078577,-0.243977709204599
2020-01-02,129.16,133.05,128.68,130.77,144770.52197,130.77,0.01238810902833666,0.01238810902833666,0.08310123888519316,0.21818001054236144,-0.09067956084716969,-0.07333477893645787,0.0021299870635508224,0.036779034223058685,-0.009973453160150204,0.02680558106290848,0.028935568126459303,-0.04439921080999857,-0.13507877165716825,0.08310123888519319,0.12750044969519175,0.05416567075873388,0.056295657822284705,0.09307469204534338,0.08310123888519318
2020-01-03,130.72,130.78,126.38,127.19,213757.05806,127.19,-0.02775802345501787,-0.02775802345501787,-0.34010673554713106,-0.3494138707273701,0.016146717555883976,-0.04332941201592774,-0.0007461653881404352,0.04126634994366469,-0.004030354915241341,0.03723599502842335,0.03648982964028291,-0.0068395823756448315,0.009307135180239144,-0.340106735547131,-0.33326715317148614,-0.3765965651874139,-0.37734273057555434,-0.33607638063188966,-0.340106735547131
2020-01-04,127.19,135.14,125.88,134.35,413055.18895,134.35,0.0547663035981071,0.0547663035981071,0.5298389138382569,0.38883693332996083,0.05713948940348482,0.03824500093577512,-0.0006479893923715062,0.0443511751809087,0.001914304380498786,0.04626547956140748,0.045617490169035976,0.08386249110481109,0.1410019805082959,0.5298389138382568,0.4459764227334456,0.4842214236692207,0.48357343427684923,0.5279246094577579,0.5298389138382567
2020-01-05,134.37,135.85,132.5,134.2,184276.17102,134.2,-0.0011171105239188646,-0.0011171105239188646,-0.059266562380437114,-0.1930171994943245,-0.002725308540114152,0.0864732084483168,-0.0034758693851888295,0.045678893129351646,0.007799713461521952,0.0534786065908736,0.050002737205684766,0.13647594565400156,0.1337506371138874,-0.05926656238043709,-0.19574250803443866,-0.10926929958612186,-0.11274516897131069,-0.06706627584195904,-0.059266562380437086
2020-01-06,134.2,138.19,134.19,135.37,254120.45343,135.37,0.008680545660113509,0.008680545660113509,0.044017265259694446,-0.15123108951649442,0.04980538436006637,0.09150046549757382,-0.004908086737142518,0.045136233412637936,0.013714358243053185,0.05885059165569112,0.0539425049185486,0.14544297041612242,0.1952483547761888,0.04401726525969438,-0.10142570515642804,-0.009925239658854224,-0.014833326395996741,0.030302907016641192,0.04401726525969438
2020-01-07,135.37,144.41,134.86,144.15,408020.27375,144.15,0.06284265388671631,0.06284265388671631,0.6149772730031251,0.344385055099345,0.15160578097477242,0.06086030312613593,-0.004340534695628154,0.042789567599636355,0.019677100898863376,0.06246666849849973,0.05812613380287158,0.11898643692900751,0.27059221790377996,0.614977273003125,0.4959908360741174,0.5568511392002533,0.5525106045046252,0.5953001721042616,0.6149772730031249
2020-01-08,144.14,145.31,138.76,142.8,447762.17281,142.8,-0.009409374178927144,-0.009409374178927144,-0.14668101273502332,-0.17622163166289115,-0.013814764670461879,-0.021849686885855677,0.0011982186053713204,0.03833775931779678,0.025669092561017334,0.06400685187881411,0.06520507048418543,0.04335538359832976,0.029540618927867877,-0.14668101273502326,-0.19003639633335304,-0.2118860832192087,-0.2106878646138374,-0.1723501052960406,-0.14668101273502326
2020-01-09,142.8,147.77,137.03,140.72,570465.57764,140.72,-0.014672949476181342,-0.014672949476181342,-0.20216797753160926,0.011235405830285641,-0.20105248986893748,-0.08645320602525422,0.009885083318480242,0.03249616804764284,0.031721061166173715,0.06421722921381656,0.07410231253229681,-0.012350893492957413,-0.2134033833618949,-0.20216797753160926,-0.18981708403865183,-0.276270290063906,-0.26638520674542576,-0.23388903869778294,-0.20216797753160923
2020-01-10,140.76,141.5,135.3,137.74,366076.06569,137.74,-0.02140425031275049,-0.02140425031275049,-0.2731272459871744,-0.1881448820149016,-0.05902560296247193,-0.11030096879144274,0.020924424366908355,0.02559005101145082,0.0378297324032827,0.06341978341473352,0.08434420778164187,-0.025956761009800877,-0.08498236397227281,-0.2731272459871744,-0.24717048497737354,-0.3574714537688163,-0.33654702940190795,-0.3109569783904571,-0.2731272459871744
2020-01-11,137.73,145.17,135.32,144.84,409403.59507,144.84,0.0502618347808883,0.0502618347808883,0.48235421217193464,0.3693489276774678,0.12164829463477286,-0.10511781156397552,0.03466616863945469,0.01784712517188696,0.04396150761232773,0.06180863278421469,0.09647480142366938,-0.008643010140306148,0.11300528449446672,0.4823542121719345,0.49099722231224063,0.3858794107482651,0.4205455793877198,0.43839270455960677,0.4823542121719345
2020-01-12,144.83,148.05,142.09,142.38,368350.57939,142.38,-0.017130145221713255,-0.017130145221713255,-0.22807096668458565,-0.2967930720228772,0.008661800083127958,-0.04500603874788746,0.04568079564905436,0.009239173491721582,0.050146374862275155,0.05938554835399674,0.1050663440030511,0.060060305255163635,0.0687221053382916,-0.2280709666845856,-0.28813127193974925,-0.3331373106876367,-0.2874565150385823,-0.27821734154686073,-0.22807096668458557
2020-01-13,142.4,146.6,141.76,146.54,229541.86137,146.54,0.028798889056090623,0.028798889056090623,0.25609855007774246,0.2575405260326363,-0.14170375822241332,0.029599613808064702,0.05430717765651767,3.403771248595066e-05,0.056320953090451056,0.05635499080293701,0.11066216845945467,0.14026178226751937,-0.0014419759548939537,0.2560985500777423,0.11583676781022295,0.14543638161828765,0.1997435592748053,0.19977759698729125,0.2560985500777423
2020-01-14,146.56,147.0,142.27,143.58,207996.61865,143.58,-0.02040605758348074,-0.02040605758348074,-0.26260461038279886,-0.4753549269745451,0.021700603940769524,0.07938258129253524,0.05883137063745879,-0.009469815769656761,0.06230557649063951,0.05283576072098275,0.11166713135844153,0.19104971265097676,0.21275031659174629,-0.2626046103827988,-0.4536543230337756,-0.3742717417412404,-0.3154403711037816,-0.32491018687343837,-0.26260461038279886
2020-01-15,143.58,171.7,143.51,165.64,1108476.31186,165.64,0.1429243875290294,0.09936647749342571,1.0000000000000004,0.5761551556117004,0.1968154319650378,0.11845673982797451,0.05954782995268083,-0.01901456101058595,0.06803940365319248,0.049024842642606536,0.10857267259528736,0.22702941242326186,0.42384484438829967,1.0,0.7729705875767382,0.8914273274047128,0.9509751573573936,0.9319605963468076,1.0
2020-01-16,165.6,171.98,159.2,166.4,721687.80381,166.4,0.004577769709741938,0.004577769709741938,0.0007670841811976276,-0.21349398246320514,0.00754024893453037,0.11217013929824426,0.049625141998705206,-0.028339625731011713,0.0732651621439346,0.04492553641292288,0.09455067841162809,0.20672081770987236,0.21426106664440273,0.0007670841811975859,-0.20595373352867477,-0.0937835942304305,-0.0441584522317253,-0.07249807796273701,0.0007670841811975859
2020-01-17,166.4,167.4,157.8,164.21,456170.86719,164.21,-0.013248431883362196,-0.013248431883362196,-0.18715115853291336,-0.20445316396919144,-0.1247657234849306,0.07040248620818036,0.03128640502245256,-0.037572348585299946,0.07795118627587579,0.04037883769057584,0.0716652427130284,0.14206772892120878,0.017302005436278176,-0.18715115853291325,-0.32921888745412203,-0.2588164012459417,-0.22752999622348913,-0.2651023448087891,-0.1871511585329133
2020-01-18,164.24,174.81,162.14,169.85,767180.67853,169.85,0.03376959810284693,0.03376959810284693,0.3084982104445881,0.17621107439808592,0.053977490191865235,0.03409366735164676,0.008232247110395762,-0.046272804260279514,0.0822565356528739,0.035983731392594386,0.044215978502990146,0.0783096458546369,0.13228713604650214,0.30849821044458803,0.23018856458995116,0.26428223194159794,0.2725144790519937,0.2262416747917142,0.3084982104445881
2020-01-19,169.92,179.5,164.92,174.14,688783.17982,174.14,0.024943878793876537,0.024943878793876537,0.21546023740431397,0.1658499432021187,0.049435466225812255,-0.011765771777063849,-0.020159926139259123,-0.05399479951455475,0.08609532540726071,0.03210052589270596,0.01194059975344684,0.00017482797638299075,0.049610294202195246,0.21546023740431397,0.21528540942793095,0.2035196376508671,0.183359711511608,0.12936491199705324,0.21546023740431397
2020-01-20,174.1,178.05,161.66,166.79,624681.28604,166.79,-0.04312403731138772,-0.04312403731138772,-0.5020904484726441,-0.309812638025709,-0.1275369764700915,-0.04811577239496077,-0.045767844092442285,-0.060269549724845196,0.08941233223540476,0.029142782510559566,-0.01662506158188272,-0.06474083397684349,-0.19227781044693498,-0.5020904484726441,-0.4373496144958005,-0.4854653868907613,-0.5312332309832036,-0.5915027807080488,-0.5020904484726441
2020-01-21,166.79,169.33,161.24,166.87,358092.8841,166.87,0.00047953006972962516,0.00047953006972962516,-0.042435276532053944,0.08484476210517929,-0.023791738160615104,-0.066699623709618,-0.06503165437088522,-0.06417078218287733,0.09241375978676251,0.02824297760388518,-0.03678867676700004,-0.10348830047661804,-0.12728003863723314,-0.04243527653205385,0.06105302394456418,-0.005646599765053821,-0.07067825413593903,-0.13484903631881637,-0.04243527653205385
2020-01-22,166.86,170.32,164.8,169.49,308007.6353,169.49,0.015578861871151562,0.015578861871151562,0.11673715756507497,0.11330682025403836,0.14295454255666443,-0.08900077172998608,-0.08022376168564599,-0.06541060786300261,0.09511093603300692,0.029700328170004314,-0.050523433515641675,-0.13952420524562775,0.003430337311036674,0.11673715756507504,0.2562613628107028,0.1672605910807167,0.08703682939507071,0.0216262215320681,0.11673715756507502
2020-01-23,169.48,171.47,166.03,168.07,272240.90286,168.07,-0.008413368741488026,-0.008413368741488026,-0.13618143487713227,-0.014937159198890387,0.03643783313729133,-0.09886100126584527,-0.0923860138065689,-0.06391145054069687,0.09747635679757795,0.03356490625688108,-0.05882110754968782,-0.15768210881553307,-0.12124427567824175,-0.13618143487713213,0.021500673938400938,-0.07736032732744433,-0.1697463411340132,-0.23365779167471007,-0.13618143487713213
2020-01-24,168.07,168.2,159.21,162.81,373414.34985,162.81,-0.031796682545051934,-0.031796682545051934,-0.38268101673410915,-0.1224937265686811,-0.12335702973429276,-0.084136491745455,-0.09295510393206494,-0.05938609587840485,0.09964743112478955,0.0402613352463847,-0.05269376868568024,-0.13683026043113522,-0.26018729016542796,-0.38268101673410904,-0.24585075630297387,-0.3299872480484289,-0.4229423519804938,-0.4823284478588986,-0.38268101673410904
2020-01-25,162.85,164.45,155.55,162.54,430013.19902,162.54,-0.001659751418364508,-0.001659751418364508,-0.06498691299896066,0.13520319786387225,-0.11775726587833404,-0.0467158382344552,-0.08486709812916807,-0.052392097574405126,0.10154218895352946,0.04915009137912433,-0.03571700675004374,-0.08243284498449893,-0.20019011086283298,-0.06498691299896073,0.017445931985538204,-0.029269906248916996,-0.11413700437808506,-0.16652910195249018,-0.06498691299896073
2020-01-26,162.51,162.79,157.61,160.35,219921.65197,160.35,-0.013565199185894754,-0.013565199185894754,-0.1904904203790396,-0.19445908411317409,0.004946290375112592,0.01082552698157186,-0.07150946680867153,-0.043268266584315755,0.10297457977043734,0.05970631318612158,-0.011803153622549946,-0.0009776266409780854,0.0039686637341345065,-0.19049042037903957,-0.18951279373806149,-0.17868726675648963,-0.25019673356516114,-0.2934650001494769,-0.19049042037903957
2020-01-27,160.36,168.08,159.41,167.86,251582.55758,167.86,0.04577137251551764,0.04577137251551764,0.43501716319516837,0.2284228438118397,0.11782330075999863,0.0688506077482575,-0.05168714362847645,-0.03228822159801471,0.10389577610156359,0.07160755450354887,0.019920410875072424,0.08877101862332992,0.20659431938332856,0.43501716319516825,0.34624614457183833,0.41509675232009585,0.3634096086916194,0.3311213870936047,0.4350171631951683
2020-01-28,167.91,172.56,165.22,170.08,365894.81917,170.08,0.013138615938956226,0.013138615938956226,0.09101284804387016,-0.14220014463713668,0.07728886809507755,0.10668442152208416,-0.035791082849405895,-0.019265701660163097,0.104296487573414,0.0850307859132509,0.04923970306384501,0.15592412458592916,0.2332129926810067,0.09101284804387003,-0.06491127654205912,0.04177314498002503,0.005982062130619137,-0.01328363952954396,0.09101284804387004
2020-01-29,170.04,176.2,170.03,175.64,473433.89609,175.64,0.03216753109987872,0.03216753109987872,0.2916097210860638,0.15022400077774523,-0.03289556607822248,0.10164948649354988,-0.02687698614223841,-0.004670859512038716,0.10417964554726822,0.0995087860352295,0.0726317998929911,0.17428128638654097,0.1413857203083185,0.29160972108606376,0.11732843469952275,0.21897792119307263,0.19210093505083423,0.1874300755387955,0.29160972108606376
2020-01-30,175.58,178.45,173.33,173.72,317382.90161,173.72,-0.010991638026895525,-0.010991638026895525,-0.16336074342623835,-0.3132363079357556,-0.006454053301006904,0.05903347082206765,-0.017138287204398816,0.0108605089170911,0.10357392527576414,0.11443443419285525,0.09729614698845643,0.15632961781052407,0.14987556450951717,-0.1633607434262384,-0.3196903612367625,-0.2606568904146948,-0.2777951776190936,-0.2669346687020025,-0.16336074342623835
2020-01-31,173.68,187.0,170.93,184.69,477721.6609,184.69,0.061233936221198874,0.061233936221198874,0.5980186744397538,0.44466930959753004,0.027512013789842936,0.0012037523141294,-0.004766392096978686,0.026880411262253386,0.10251957957297658,0.12939999083522996,0.12463359873825128,0.12583735105238067,0.1533493648422236,0.5980186744397537,0.47218132338737295,0.47338507570150234,0.46861868360452363,0.495499094866777,0.5980186744397535
2020-02-01,184.71,185.82,175.22,179.99,385596.53365,179.99,-0.025777450096432102,-0.025777450096432102,-0.3192281505514471,-0.36351995589604175,-0.03751645355646105,-0.06616001137036376,0.00459763883350023,0.042411873896550316,0.1009587575413689,0.14337063143791923,0.14796827027141946,0.0818082589010557,0.04429180534459465,-0.3192281505514471,-0.4010364094525028,-0.46719642082286655,-0.4625987819893663,-0.420186908092816,-0.3192281505514471
2020-02-02,179.94,184.28,179.23,183.6,259370.12902,183.6,0.019858184395002133,0.019858184395002133,0.16184843741282418,0.09897139957952263,-0.007612660008157932,-0.09866454094273863,0.01264280576239372,0.057630772396561114,0.09888066062524323,0.15651143302180434,0.16915423878419805,0.07048969784145942,0.0628770378333015,0.16184843741282412,0.0913587395713647,-0.007305801371373932,0.005337004391019787,0.0629677767875809,0.16184843741282412
2020-02-03,183.63,193.43,179.1,188.44,552621.13619,188.44,0.026020175645450325,0.026020175645450325,0.22680622224186436,0.1038026092136616,0.016696090524982166,-0.08097059126359854,0.018466613767554263,0.07246671631799317,0.09634478368127167,0.16881149999926484,0.1872781137668191,0.10630752250322056,0.12300361302820273,0.22680622224186434,0.12049869973864377,0.03952810847504523,0.057994722242599495,0.13046143856059267,0.22680622224186434
2020-02-04,188.48,195.19,186.62,189.69,417175.95781,189.69,0.006611506906791144,0.006611506906791144,0.02220610573695346,-0.023701688535042755,-0.12260953580720764,-0.03150012791346178,0.020204083726172467,0.08645879650025125,0.09335457776624184,0.17981337426649308,0.20001745799266554,0.16851733007920378,0.045907794271996136,0.02220610573695338,-0.14631122434225038,-0.17781135225571215,-0.15760726852953968,-0.07114847202928844,0.022206105736953405
2020-02-05,189.74,191.6,184.69,188.91,366389.69686,188.91,-0.0041204495698705275,-0.0041204495698705275,-0.09092682342046911,-0.24411855803181387,-0.10431400665886731,0.03731292909645923,0.03171249796981966,0.09848911952402944,0.08999119467990373,0.18848031420393319,0.22019281217375286,0.2575057412702121,0.15319173461134478,-0.0909268234204691,-0.3484325646906812,-0.31111963559422195,-0.2794071376244023,-0.18091801810037283,-0.09092682342046911
2020-02-06,188.91,207.61,188.19,203.78,550942.11417,203.78,0.0757702693773784,0.0757702693773784,0.7512561528755877,0.2859066149387777,0.14445575076560682,0.07381188176499859,0.052795158509266485,0.10812787073836679,0.08615887615857099,0.19428674689693776,0.24708190540620423,0.3208937871712028,0.46534953793680967,0.7512561528755874,0.4303623657043846,0.5041742474693831,0.5569694059786496,0.6650972767170165,0.7512561528755874
2020-02-07,203.78,216.33,201.02,213.19,608240.2233,213.19,0.04514280633031147,0.04514280633031147,0.4283910150313808,-0.1143575197536951,0.22049064468603724,0.05504090497230345,0.0703631371734446,0.11516923893641835,0.08168460901687212,0.19685384795329047,0.2672169851267351,0.32225789009903855,0.5427485347850758,0.42839101503138066,0.10613312493234214,0.16117402990464558,0.2315371670780902,0.34670640601450853,0.42839101503138066
2020-02-08,213.16,225.0,213.14,223.33,629361.15466,223.33,0.04646671135593256,0.04646671135593256,0.4423472078095066,0.10526482075873564,0.06783146937144469,-0.008887614637318134,0.08234094468204572,0.11921306254102805,0.07658452509357058,0.19579758763459865,0.27813853231664437,0.26925091767932624,0.3370823870507709,0.44234720780950654,0.17309629013018032,0.1642086754928622,0.24654962017490792,0.365762682715936,0.44234720780950654
2020-02-09,223.36,227.75,213.22,223.05,548551.87465,223.05,-0.001254536658109426,-0.001254536658109426,-0.06071526571217067,-0.1710712209828051,-0.10684070858060359,-0.061520185421636515,0.08759445387723169,0.12026280949629431,0.07085958589934853,0.19112239539564285,0.27871684927287455,0.21719666385123804,0.11035595527063445,-0.06071526571217066,-0.2779119295634087,-0.3394321149850452,-0.2518376611078135,-0.13157485161151922,-0.06071526571217069
2020-02-10,223.01,230.65,222.86,228.49,350336.24399,228.49,0.024096484126179114,0.024096484126179114,0.20652726780855846,0.251903660368459,-0.26010332496027716,-0.05567162386478213,0.08756640072071359,0.11831905402767492,0.06451310151677021,0.18283215554444515,0.27039855626515874,0.2147269324003766,-0.04537639255990056,0.20652726780855846,-0.008199664591818145,-0.06387128845660028,0.023695112264113305,0.14201416629178823,0.20652726780855846
2020-02-11,228.53,229.4,216.37,222.89,510415.49949,222.89,-0.024814069482351556,-0.024814069482351556,-0.30907249337920406,-0.36185029232392396,-0.20467879929860425,-0.0027094695431516655,0.08948288584803843,0.11306147078382078,0.057621711154616576,0.17068318193843734,0.2601660677864758,0.2574565982433241,0.05277779894471987,-0.30907249337920406,-0.5665290916225282,-0.5692385611656798,-0.4797556753176414,-0.3666942045338206,-0.30907249337920406
2020-02-12,222.89,239.15,218.17,236.69,595576.90276,236.69,0.06007289183861839,0.06007289183861839,0.5857793076319636,0.11522562305882046,0.13001091701267123,0.09094203489796499,0.09478506869932771,0.1045144513734813,0.05030121258969771,0.154815663963179,0.2496007326625067,0.3405427675604717,0.47055368457314295,0.5857793076319634,0.2452365400714917,0.3361785749694567,0.43096364366878437,0.5354780950422656,0.5857793076319633
2020-02-13,236.69,275.34,236.69,265.74,1038073.74782,265.74,0.11576711910644197,0.09936647749342571,1.0000000000000004,0.30063852301480415,0.33980435657161323,0.13925550030425585,0.08506413436255884,0.09288781646157361,0.042349669285194645,0.13523748574676825,0.22030162010932708,0.3595571204135829,0.6993614769851961,1.0000000000000002,0.6404428795864174,0.7796983798906733,0.8647625142532321,0.9576503307148058,1.0000000000000004
2020-02-14,265.74,277.69,256.08,268.32,1089679.1537,268.32,0.00966191091173689,0.00966191091173689,0.054362510856888674,-0.4398075867758879,0.21920661076745215,0.10046309123896978,0.06188753985620151,0.07880344411673473,0.0338094116534185,0.11261285577015323,0.17450039562635475,0.2749634868653245,0.49417009763277664,0.05436251085688876,-0.22060097600843573,-0.12013788476946595,-0.05825034491326444,0.020553099203470294,0.05436251085688879
2020-02-15,268.34,287.15,260.28,285.15,734944.32266,285.15,0.060835059527649074,0.060835059527649074,0.5938138410701767,0.5416784094396835,-0.10269706431451728,0.02752547899756461,0.03919767663571917,0.06317468211080905,0.02493465820091754,0.0881093403117266,0.12730701694744578,0.1548324959450104,0.05213543163049311,0.5938138410701765,0.4389813451251662,0.4665068241227308,0.50570450075845,0.568879182869259,0.5938138410701765
2020-02-16,285.11,288.41,261.86,264.88,860813.14274,264.88,-0.073738464363557,-0.073738464363557,-0.8248181649351617,-0.45035089750793017,-0.3836624203300877,-0.07052341279607996,0.017327369786587405,0.046518295153163074,0.015872900759185814,0.06239119591234889,0.07971856569893629,0.00919515290285633,-0.37446726742723135,-0.8248181649351616,-0.8340133178380178,-0.9045367306340978,-0.8872093608475103,-0.8406910656943473,-0.8248181649351615
2020-02-17,264.91,274.0,237.41,258.85,1110118.46395,258.85,-0.02302814989108039,-0.02302814989108039,-0.2902458875278372,-0.030344682548114316,-0.16169764094480454,-0.13780547592209322,0.0025769136770651497,0.030018815393346717,0.007006182816763184,0.0370249982101099,0.039601911887175045,-0.09820356403491817,-0.2599012049797227,-0.290245887527837,-0.19204232349291886,-0.3298477994150121,-0.32727088573794694,-0.2972520703446002,-0.29024588752783703
2020-02-18,258.89,268.77,242.0,267.85,1110371.39094,267.85,0.0341783789790589,0.0341783789790589,0.3128074506106257,0.10752325165635915,0.3282220600525348,-0.12520069004582984,-0.00956680459831962,0.01343220807354466,-0.001602574527663439,0.01182963354588122,0.0022628289475616,-0.12293786109826824,0.20528419895426656,0.3128074506106257,0.43574531170889397,0.3105446216630641,0.3009778170647445,0.3144100251382892,0.31280745061062576
2020-02-19,267.9,285.88,258.0,282.61,1115523.43992,282.61,0.053640733001574015,0.053640733001574015,0.5179735005898735,0.4325471816695482,0.2053888880313521,-0.07502135149616085,-0.03149754936650889,-0.003270369375212276,-0.010173298873144918,-0.013443668248357195,-0.04494121761486609,-0.11996256911102693,0.08542631892032518,0.5179735005898733,0.6379360697009003,0.5629147182047395,0.5314171688382305,0.5281467994630182,0.5179735005898733
2020-02-20,282.64,285.0,251.56,258.45,705973.72988,258.45,-0.08936560368649504,-0.08936560368649504,-0.9895545808719758,-0.6251399305684519,-0.26476615917387464,0.0019339889080273178,-0.06344156036443281,-0.01942256867860158,-0.018718350994642044,-0.03814091967324362,-0.10158248003767643,-0.09964849112964912,-0.36441465030352377,-0.9895545808719757,-0.8899060897423265,-0.8879721008342992,-0.951413661198732,-0.9708362298773336,-0.9895545808719757
2020-02-21,258.44,264.33,245.34,256.96,972969.71691,256.96,-0.005781820883651542,-0.005781820883651542,-0.10844048027836832,0.16724599109544794,-0.2295355468298648,0.10050671050076278,-0.08602335714649746,-0.033583948666628435,-0.02705032923158827,-0.06063427789821671,-0.14665763504471419,-0.04615092454395141,-0.2756864713738162,-0.10844048027836825,-0.06228955573441686,0.03821715476634592,-0.04780620238015154,-0.08139015104677998,-0.10844048027836825
2020-02-22,256.97,268.24,253.61,265.27,525827.8734,265.27,0.0318277444587201,0.0318277444587201,0.28802779657058214,0.23328390645439676,0.08343259225303286,0.15084733215548632,-0.0977354546393809,-0.04663891948523556,-0.03516166016771734,-0.0818005796529529,-0.17953603429233378,-0.02868870213684746,0.0547438901161854,0.28802779657058214,0.31671649870742963,0.467563830862916,0.3698283762235351,0.3231894567382995,0.2880277965705822
2020-02-23,265.32,266.81,256.0,261.57,313062.52133,261.57,-0.014046241109283649,-0.014046241109283649,-0.1955614139074661,-0.3649341393619294,0.23789746614258606,0.14033934208665066,-0.10688710781122719,-0.05890267939055814,-0.04307429557298801,-0.10197697496354616,-0.20886408277477336,-0.0685247406881227,0.16937272545446336,-0.19556141390746606,-0.12703667321934337,0.013302668867307299,-0.09358443894391989,-0.15248711833447803,-0.19556141390746604
2020-02-24,261.55,275.68,261.02,274.48,444740.82883,274.48,0.04817646444236108,0.04817646444236108,0.46037089018505895,0.36230309592214915,0.2564296743083155,0.07256955777019578,-0.11048274457592609,-0.0697142764235416,-0.05073441681613378,-0.12044869323967539,-0.2309314378156015,-0.15836188004540572,0.09806779426290976,0.46037089018505895,0.6187327702304646,0.6913023280006604,0.5808195834247343,0.5111053070011927,0.46037089018505895
2020-02-25,274.5,277.2,257.09,265.52,696591.72983,265.52,-0.03318823113847527,-0.03318823113847527,-0.39735028685100066,-0.083323036962018,-0.006418972453664074,-0.05624305056517684,-0.113839971320496,-0.07926652273309531,-0.05825873281655026,-0.13752525554964556,-0.25136522687014157,-0.3076082774353184,-0.31402724988898245,-0.39735028685100043,-0.08974200941568207,-0.14598505998085892,-0.2598250313013549,-0.33909155403445024,-0.3973502868510005
2020-02-26,265.47,266.22,244.44,246.67,774791.01027,246.67,-0.07363875645940655,-0.07363875645940655,-0.8237670753895399,-0.02796709068322187,-0.3668150583856741,-0.1651185232738106,-0.11132908478771442,-0.0869779275313998,-0.06555939072771884,-0.15253731825911865,-0.26386640304683306,-0.42898492632064367,-0.7957999847063177,-0.8237670753895396,-0.39478214906889597,-0.5599006723427066,-0.671229757130421,-0.7582076846618208,-0.8237670753895396
2020-02-27,246.67,250.32,215.66,223.93,1395879.41507,223.93,-0.09671790793557251,-0.09035647154696086,-1.0,-0.3069020111679885,-0.22773212132136697,-0.21076970749696594,-0.09037401943491155,-0.0918386221167491,-0.07238351846201768,-0.16422214057876677,-0.25459616001367835,-0.4653658675106443,-0.6930979888320112,-0.9999999999999998,-0.5346341324893554,-0.7454038399863214,-0.835777859421233,-0.927616481537982,-0.9999999999999998
2020-02-28,223.98,238.3,210.0,227.79,1273793.11658,227.79,0.01709064887651205,0.01709064887651205,0.13267394342052435,0.36138767012073436,0.1756267714218504,-0.17980733989147274,-0.05247212900144157,-0.09343338569923298,-0.07862764352991305,-0.17206102922914604,-0.22453315823058762,-0.40434049812206035,-0.22871372670020995,0.1326739434205244,0.5370144415425848,0.3572071016511121,0.30473497264967053,0.21130158695043755,0.1326739434205245
2020-02-29,227.73,234.67,214.01,226.76,1054994.92397,226.76,-0.00453196243714914,-0.00453196243714914,-0.09526486338200285,0.04950211371212405,0.13060120629769423,-0.08788868820150358,-0.010276468246758954,-0.09294570881910731,-0.08425731812445117,-0.1772030269435585,-0.18747949519031745,-0.275368183391821,-0.14476697709412678,-0.09526486338200274,0.18010332000981827,0.09221463180831468,0.08193816356155573,-0.011007545257551585,-0.09526486338200275
2020-03-01,226.76,233.0,217.0,217.21,546866.6851,217.21,-0.043027561940500746,-0.043027561940500746,-0.5010734352818313,-0.26294925467591224,-0.09428715209674618,0.006500794478910345,0.02979406125892495,-0.09080630692831365,-0.08932557731869449,-0.18013188424700816,-0.1503378229880832,-0.14383702850917288,-0.23812418060591906,-0.5010734352818313,-0.35723640677265844,-0.3507356122937481,-0.32094155103482314,-0.4117478579631368,-0.5010734352818312
2020-03-02,217.29,227.89,212.36,217.81,715016.01941,217.81,0.0027584956115343784,0.0027584956115343784,-0.01841113445191342,-0.03848632484012749,0.046845425275979374,0.08731979352509125,0.0673682313859649,-0.08763719019074112,-0.09382106960808034,-0.18145825979882146,-0.11409002841285656,-0.02677023488776531,0.020075190388214065,-0.018411134451913426,0.008359100435851884,0.09567889396094315,0.16304712534690805,0.07540993515616692,-0.01841113445191342
2020-03-03,217.81,234.4,216.07,231.97,810051.4833,231.97,0.06298492983304228,0.06298492983304228,0.6164771015377921,0.43315795621045655,0.13880710415834596,0.12922152107043522,0.09670628237303314,-0.08362957244668269,-0.09778618982779615,-0.18141576227447884,-0.0847094799014457,0.04451204116898952,0.18331914532733548,0.616477101537792,0.5719650603688025,0.7011865814392377,0.7978928638122709,0.7142632913655882,0.616477101537792
2020-03-04,232.1,232.46,219.57,223.91,741498.54825,223.91,-0.03536386755693175,-0.03536386755693175,-0.42028516562513724,-0.36896353317940656,-0.13644792408999315,0.1479923949231182,0.11748684387710655,-0.07913225031986197,-0.10122069683610016,-0.18035294715596212,-0.06286610327885557,0.08512629164426262,-0.05132163244573053,-0.42028516562513707,-0.5054114572693997,-0.3574190623462815,-0.23993221846917495,-0.31906446878903694,-0.42028516562513707
2020-03-05,223.84,228.85,220.23,224.26,443780.33772,224.26,0.0015619076294873923,0.0015619076294873923,-0.031025190770342954,0.0495598744534007,-0.18468690921828224,0.1572655543014357,0.12475971886032342,-0.07382267407314588,-0.10410075509407463,-0.1779234291672205,-0.053163710306897094,0.10410184399453862,-0.08058506522374362,-0.031025190770342916,-0.13512703476488153,0.022138519536554185,0.1468982383968776,0.07307556432373172,-0.03102519077034291
2020-03-06,224.26,234.09,224.23,228.38,601479.87587,228.38,0.018204815240767405,0.018204815240767405,0.14441913681848467,-0.12451318676512096,0.20709005363918678,0.12423092052621477,0.11216802456325868,-0.06808434493151679,-0.10647233021353782,-0.1745566751450546,-0.06238865058179592,0.061842269944418854,0.26893232358360564,0.14441913681848467,0.08257686687406582,0.2068077874002806,0.3189758119635393,0.25089146703202253,0.14441913681848473
2020-03-07,228.38,245.16,227.33,244.88,628147.3257,244.88,0.06975738636365515,0.06975738636365515,0.6878702204500562,0.40169122447001054,0.30660673743314654,0.06608758092706402,0.08458939870629248,-0.06281612279857265,-0.10828859828788483,-0.17110472108645747,-0.08651532238016499,-0.020427741453100973,0.2861789959800456,0.6878702204500562,0.7082979619031571,0.7743855428302211,0.8589749415365135,0.7961588187379409,0.6878702204500561
2020-03-08,244.93,251.93,236.0,237.23,633748.89662,237.23,-0.0317381599628838,-0.0317381599628838,-0.3820640899736499,-0.10914441662383018,-0.14164540239372084,-0.006942304551977884,0.044279984840352275,-0.05891249058006643,-0.10969946066440668,-0.16861195124447312,-0.12433196640412084,-0.13127427095609873,-0.2729196733498196,-0.38206408997364977,-0.25078981901755104,-0.2577321235695289,-0.21345213872917662,-0.27236462930924304,-0.3820640899736497
2020-03-09,237.23,237.23,195.5,199.43,1278973.53741,199.43,-0.17356683710914297,-0.09035647154696086,-1.0,-0.43613778006905723,-0.3161332336197942,-0.08082544847975551,-0.0020247966502001313,-0.054351233425582006,-0.11052750775561065,-0.16487874118119267,-0.1669035378313928,-0.2477289863111483,-0.5638622199309424,-0.9999999999999997,-0.7522710136888514,-0.8330964621686069,-0.835121258818807,-0.8894724922443891,-0.9999999999999998
2020-03-10,199.43,208.62,190.0,202.81,1661331.83553,202.81,0.016806282600910508,0.016806282600910508,0.12967624306809086,0.38069808023779333,0.060242198690902304,-0.10437697172778422,-0.047947104630702765,-0.048288879188291126,-0.11065108031382667,-0.1589399595021178,-0.20688706413282057,-0.3112640358606048,-0.2510218371697025,0.12967624306809084,0.44094027892869564,0.33656330720091143,0.28861620257020865,0.24032732338191753,0.12967624306809086
2020-03-11,202.79,206.2,195.54,200.7,1020260.107,200.7,-0.010458324363748411,-0.010458324363748411,-0.15773871756331984,0.00868433537517389,0.15180755642627014,-0.0808943494116532,-0.08586089631555932,-0.04131887791478169,-0.11015648572276969,-0.15147536363755137,-0.2373362599531107,-0.3182306093647639,-0.16642305293849374,-0.15773871756331986,0.16049189180144402,0.07959754238979082,-0.006263353925768503,-0.047582231840550195,-0.1577387175633199
2020-03-12,200.74,203.18,181.73,194.61,1079824.90167,194.61,-0.030813699909218565,-0.030813699909218565,-0.3723187211783499,0.07712151477118738,-0.13875883968597458,-0.058370414045123456,-0.10974977489942352,-0.03360785567377029,-0.10895335164524536,-0.14256120731901564,-0.2523109822184392,-0.3106813962635626,-0.4494402359495372,-0.3723187211783498,-0.0616373249147872,-0.12000773895991065,-0.22975751385933418,-0.26336536953310447,-0.37231872117834985
2020-03-13,194.61,195.55,101.2,107.82,3814533.14046,107.82,-0.5905343858695511,-0.09035647154696086,-1.0,-0.6706502763937037,-0.037757723241515447,-0.04375537577254215,-0.11481357007734627,-0.025986164756765868,-0.10703688975812647,-0.13302305451489235,-0.24783662459223862,-0.2915920003647808,-0.3293497236062962,-0.9999999999999999,-0.7084079996352192,-0.7521633754077613,-0.8669769454851076,-0.8929631102418735,-1.0
2020-03-14,107.67,139.68,86.0,134.06,4663239.92861,134.06,0.21782429090628908,0.09936647749342571,1.0000000000000004,1.0248189156650387,0.264373742312798,-0.06226288366513695,-0.10303831785876512,-0.019381728536407888,-0.10450972791752648,-0.12389145645393437,-0.2269297743126995,-0.28919265797783644,-0.024818915665038466,1.0000000000000002,1.2891926579778366,1.2269297743126997,1.1238914564539346,1.1045097279175267,1.0000000000000002
2020-03-15,134.06,134.68,120.0,122.54,1237674.88642,122.54,-0.08984995363230312,-0.08984995363230312,-0.9946604465382846,-0.7946768316465825,0.1003860346050063,-0.10124715744988019,-0.08320308753590845,-0.01439955877457012,-0.1015198457363492,-0.11591940451091932,-0.19912249204682778,-0.30036964949670797,-0.1999836148917017,-0.9946604465382842,-0.6942907970415763,-0.7955379544914565,-0.8787410420273649,-0.893140600801935,-0.9946604465382842
2020-03-16,122.54,133.5,120.16,123.78,1312950.90137,123.78,0.010068289013706901,0.010068289013706901,0.05864642172824566,0.5644642201526128,-0.26592260506862103,-0.0798293465904962,-0.05318146742621915,-0.009082087397520405,-0.09780229194151026,-0.10688437933903067,-0.16006584676524982,-0.23989519335574602,-0.505817798424367,0.058646421728245746,0.29854161508399174,0.21871226849349554,0.16553080106727638,0.156448713669756,0.05864642172824573
2020-03-17,123.82,124.33,101.1,111.02,2442064.14448,111.02,-0.10879543104920024,-0.09035647154696086,-1.0,-0.5622882260451385,-0.3091745764421431,-0.018410551581322713,-0.013223344117299047,-0.0036013081763035006,-0.09330199363779293,-0.09690330181409643,-0.11012664593139547,-0.1285371975127182,-0.43771177395486127,-0.9999999999999998,-0.8714628024872816,-0.8898733540686043,-0.9030966981859034,-0.906698006362207,-0.9999999999999999
2020-03-18,111.02,120.8,109.38,115.67,1295108.4848,115.67,0.04103094404529498,0.04103094404529498,0.3850450486544698,0.3857832425093354,-0.012867635535829251,0.06903481742101329,0.029125535066380135,0.002171459348194743,-0.08820237015462466,-0.08603091080642992,-0.05690537574004979,0.012129441680963499,-0.0007381938548657527,0.38504504865446965,0.3729156069735061,0.4419504243945194,0.4710759594608996,0.4732474188090943,0.38504504865446965
2020-03-19,115.67,118.5,109.86,118.11,1201850.31275,118.11,0.020875084316445632,0.020875084316445632,0.17256827838711802,-0.30494114913332265,0.3409682083213396,0.1466378671399482,0.06455347334881338,0.007979163263575005,-0.08262928455323562,-0.07465012128966061,-0.010096647940847234,0.13654121919910095,0.47750942752044057,0.1725682783871179,0.03602705918801696,0.18266492632796516,0.24721839967677856,0.25519756294035356,0.17256827838711794
2020-03-20,118.11,143.13,115.46,136.3,1801071.18816,136.3,0.14324194507873111,0.09936647749342571,1.0000000000000004,0.46734023136516856,0.3768128431389259,0.13422837062605733,0.08524577344968431,0.01332768640616526,-0.07695490498600102,-0.06362721857983576,0.021618554869848552,0.1558469254959059,0.5326597686348318,1.0000000000000004,0.8441530745040944,0.9783814451301517,1.0636272185798359,1.0769549049860012,1.0000000000000002
2020-03-21,136.3,152.55,116.74,133.48,2504057.63799,133.48,-0.020906684819313827,-0.020906684819313827,-0.26788206615043525,-0.3402817536583889,-0.04642326110670702,0.08675338409040967,0.08532343893741942,0.018068626012724295,-0.0713225004258927,-0.053253874413168395,0.032069564524251026,0.1188229486146607,0.07239968750795367,-0.26788206615043525,-0.38670501476509594,-0.2999516306746863,-0.21462819173726685,-0.19655956572454256,-0.26788206615043525
2020-03-22,133.49,137.49,125.69,132.66,1231842.11121,132.66,-0.006162189785763301,-0.006162189785763301,-0.11245021029822785,0.2829805256172079,-0.4548045896059023,0.031050842925559756,0.07095460781327573,0.02287661223650347,-0.0655082092848723,-0.04263159704836883,0.028323010764906897,0.05937385369046665,-0.39543073591543565,-0.11245021029822777,-0.17182406398869443,-0.14077322106313467,-0.06981861324985894,-0.04694200101335547,-0.11245021029822777
2020-03-23,132.63,137.13,121.1,122.32,1055699.86532,122.32,-0.08114890247660304,-0.08114890247660304,-0.9029366861844659,-0.6768939899108103,-0.24627724451075417,-0.0002901756529343335,0.05130439759390346,0.028577444100893246,-0.059357117804763666,-0.03077967370387042,0.020524723890033042,0.020234548237098707,-0.22604269627365547,-0.9029366861844658,-0.9231712344215645,-0.9234614100744988,-0.8721570124805953,-0.843579568379702,-0.9029366861844658
2020-03-24,122.31,137.5,119.5,135.92,1436796.12449,135.92,0.10542591574286976,0.09936647749342571,1.0000000000000004,0.7089352676249661,0.2531726370167646,0.026166381422744907,0.029838724490383467,0.03490577355179821,-0.05301878410665701,-0.018113010554858797,0.01172571393552467,0.03789209535826958,0.2910647323750342,1.0000000000000002,0.9621079046417307,0.9882742860644755,1.018113010554859,1.0530187841066572,1.0000000000000002
2020-03-25,135.89,143.36,132.2,138.42,1244377.16334,138.42,0.01822606405004066,0.01822606405004066,0.14464313512106988,-0.16772963641887528,0.2896314163304275,0.028964281634333004,0.0007214053148905279,0.03973898054861407,-0.04668331228831997,-0.006944331739705899,-0.0062229264248153705,0.022741355209517634,0.31237277153994514,0.14464313512106985,0.12190177991155221,0.15086606154588522,0.15158746686077576,0.19132644740938984,0.14464313512106985
2020-03-26,138.42,142.33,132.54,136.1,1034248.74369,136.1,-0.016902631756296835,-0.016902631756296835,-0.22567259087852554,-0.2204258208991706,0.0255240923886504,-0.0030174140295073744,-0.029557933283084144,0.04215571949488452,-0.04035123455029826,0.0018044849445862654,-0.02775344833849788,-0.030770862368005254,-0.005246769979354856,-0.22567259087852545,-0.1949017285105202,-0.19791914254002757,-0.22747707582311172,-0.1853213563282272,-0.22567259087852545
2020-03-27,136.11,139.74,133.26,138.4,751060.63102,138.4,0.016758133526148893,0.016758133526148893,0.12916867057878317,0.30992383000789875,-0.06704396032032194,-0.07111610123393185,-0.05095946219049756,0.04241620385204176,-0.034051839536405934,0.008364364315635829,-0.04259509787486173,-0.11371119910879357,-0.18075515942911552,0.12916867057878323,0.2428798696875768,0.17176376845364494,0.12080430626314738,0.16322051011518915,0.12916867057878323
2020-03-28,138.4,141.27,129.68,131.33,706948.54559,131.33,-0.05243480358650061,-0.05243480358650061,-0.6002416349496252,-0.29272484972088203,-0.1126642594716275,-0.14848645121611262,-0.0600674297898824,0.04143376777471279,-0.0277324125258333,0.013701355248879492,-0.04636607454100291,-0.19485252575711554,-0.30751678522874304,-0.6002416349496251,-0.40538910919250953,-0.5538755604086222,-0.6139429901985046,-0.5725092224237919,-0.6002416349496251
2020-03-29,131.33,132.97,124.88,130.98,896032.10594,130.98,-0.002668599807161183,-0.002668599807161183,-0.07562187723390854,0.2879029013457872,-0.17195897843523994,-0.15877036356835492,-0.05130508895278295,0.03987389998798351,-0.021364247611301353,0.01850965237668216,-0.03279543657610079,-0.1915658001444557,-0.3635247785796957,-0.07562187723390845,0.11594392291054728,-0.042826440657807635,-0.09413152961059058,-0.05425762962260707,-0.07562187723390842
2020-03-30,130.94,131.84,123.81,124.5,543997.0,124.5,-0.050738923885145136,-0.050738923885145136,-0.5823642014611286,-0.4214935087988003,-0.04570227470858971,-0.10886413656287498,-0.029200169473164433,0.03798070326708142,-0.015084815184780343,0.022895888082301072,-0.006304281390863361,-0.11516841795373835,-0.16087069266232806,-0.5823642014611283,-0.46719578350739005,-0.5760599200702651,-0.6052600895434295,-0.5672793862763481,-0.5823642014611284
2020-03-31,124.47,135.42,124.06,132.06,764831.92747,132.06,0.058950648861662916,0.058950648861662916,0.5739489731085784,0.442398124019401,0.12458677767983228,-0.021640260115409343,0.0013228116621469717,0.03634376962953176,-0.009062249766924409,0.02728151986260735,0.028604331524754324,0.00696407140934498,0.13155084908917727,0.5739489731085783,0.5669849016992332,0.5453446415838239,0.5466674532459709,0.5830112228755027,0.5739489731085783
2020-04-01,132.09,135.0,130.38,132.72,547669.27789,132.72,0.004985281115763737,0.004985281115763737,0.005062941989469966,-0.21492808979880923,0.10498759071012802,0.05694216143037772,0.028207537274672033,0.033243933378733305,-0.0033901910056318915,0.029853742373101413,0.058061279647773446,0.11500344107815116,0.21999103178827917,0.005062941989469938,-0.10994049908868121,-0.052998337658303495,-0.02479080038363146,0.008453132995101843,0.005062941989469952
2020-04-02,132.72,136.99,128.62,135.69,680922.24747,135.69,0.022131226275672357,0.022131226275672357,0.18581013410968883,-0.02809793564014842,0.043400551108954695,0.0835250220466638,0.05543795428614974,0.029565651158065108,0.001978891150003862,0.03154454230806897,0.08698249659421871,0.1705075186408825,0.2139080697498372,0.18581013410968877,0.015302615468806274,0.09882763751547008,0.1542655918016198,0.18383124295968492,0.18581013410968877
2020-04-03,135.65,149.76,135.01,141.28,1138977.66114,141.28,0.040370864697788396,0.040370864697788396,0.37808669858827854,0.16270086588018018,0.028249268460423246,0.07751654062863766,0.07722499972633062,0.025440794084921076,0.006954229807785569,0.03239502389270665,0.10962002361903728,0.18713656424767494,0.2153858327080982,0.37808669858827837,0.19095013434060343,0.2684666749692411,0.3456916746955717,0.3711324687804928,0.37808669858827837
2020-04-04,141.27,146.72,137.26,141.31,797546.11446,141.31,0.00021232173900503587,0.00021232173900503587,-0.04525210319510258,-0.14216515375676633,-0.09374934692838825,0.07380463661775179,0.08407347991668966,0.021215524464879267,0.011568756490731292,0.03278428095561056,0.11685776087230022,0.190662397490052,0.09691305056166376,-0.045252103195102575,-0.23591450068515457,-0.1621098640674028,-0.07803638415071314,-0.05682085968583387,-0.045252103195102575
2020-04-05,141.3,146.28,138.88,144.1,573508.14086,144.1,0.019551444410821524,0.019551444410821524,0.15861488042109398,0.125953101837924,-0.1580198951250299,0.07652860256296426,0.08109307875467883,0.017174593133396462,0.015885399257160284,0.03305999239055675,0.11415307114523558,0.19068167370819983,0.03266177858316993,0.15861488042109392,-0.032066793287105905,0.044461809275858355,0.1255548880305372,0.14272948116393364,0.15861488042109392
2020-04-06,144.1,145.58,140.68,142.68,414987.45246,142.68,-0.009903142514785501,-0.009903142514785501,-0.15188616412399153,-0.3749263134431174,0.02313848377612655,0.10066005553363915,0.0663427078979938,0.013021380736336175,0.019877521375030193,0.03289890211136637,0.09924161000936017,0.19990166554299932,0.22304014931912586,-0.15188616412399153,-0.35178782966699085,-0.2511277741333517,-0.1847850662353579,-0.1717636854990217,-0.15188616412399153
2020-04-07,142.69,172.0,142.6,171.32,1636338.7311,171.32,0.1829287922564794,0.09936647749342571,1.0000000000000004,0.6643705754970842,0.15281129595067652,0.11081745176666676,0.04006596219366697,0.008356712735484682,0.02357800185642108,0.03193471459190576,0.07200067678557273,0.1828181285522395,0.335629424502916,1.0000000000000002,0.8171818714477608,0.9279993232144276,0.9680652854080946,0.9764219981435792,1.0000000000000002
2020-04-08,171.32,176.22,162.22,164.63,1717962.82538,164.63,-0.03983262108723979,-0.03983262108723979,-0.46739336790547154,-0.6706121436813107,0.11439760320626013,0.057693007342915596,0.0012537645781186741,0.0029874995368132894,0.02688690111173159,0.02987440064854488,0.031128165226663555,0.08882117256957915,0.2032187757758393,-0.4673933679054714,-0.5562145404750506,-0.498521533132135,-0.49726776855401633,-0.49428026901720307,-0.4673933679054715
2020-04-09,164.62,174.48,163.59,173.11,1023575.92076,173.11,0.05022669892870782,0.05022669892870782,0.4819838210056768,0.4427884750299195,0.057166351493980874,-0.01041895895055633,-0.035563922680757074,-0.0019123973961441406,0.029924273509233944,0.028011876113089803,-0.007552046567667271,-0.0179710055182236,0.03919534597575727,0.4819838210056768,0.4999548265239004,0.48953586757334405,0.45397194489258696,0.45205954749644284,0.48198382100567677
2020-04-10,173.15,173.38,165.19,169.52,719837.24423,169.52,-0.020956316628594582,-0.020956316628594582,-0.26840526916337376,-0.01387610866869341,-0.10670739078493316,-0.10809894884496499,-0.0672801166353226,-0.0050435628677802016,0.03260085863832073,0.02755729577054053,-0.03972282086478207,-0.14782176970974706,-0.2545291604946802,-0.26840526916337365,-0.12058349945362656,-0.22868244829859155,-0.29596256493391415,-0.30100612780169433,-0.2684052691633736
2020-04-11,169.56,170.1,152.11,157.81,1314841.362,157.81,-0.07157913620000234,-0.07157913620000234,-0.802055202684401,-0.3428381089141824,-0.2134212862540959,-0.1853984120139899,-0.08951765882587408,-0.0058333287217252955,0.0349535920454668,0.029120263323741506,-0.06039739550213257,-0.24579580751612248,-0.45921709377021835,-0.8020552026844008,-0.5562593951682784,-0.7416578071822683,-0.8311754660081423,-0.8370087947298676,-0.8020552026844008
2020-04-12,157.81,161.37,153.91,158.33,621599.61289,158.33,0.0032896847533014973,0.0032896847533014973,-0.012811504629017888,0.24576381569259698,-0.010681420311221067,-0.18670063158982872,-0.09394886217696531,-0.004390265431850086,0.037145859188250314,0.03275559375640023,-0.061193268420565085,-0.2478939000103938,-0.25857532032161484,-0.012811504629017867,0.2350823953813759,0.04838176379154718,-0.04556709838541813,-0.049957363817268216,-0.012811504629017902
2020-04-13,158.33,164.78,155.0,158.59,809100.24594,158.59,0.001640792997166627,0.001640792997166627,-0.03019360589272815,0.0231926264902139,0.15790425303153705,-0.1565300739219637,-0.091679613638625,-0.002149336848408991,0.03906853899451853,0.03691920214610954,-0.054760411492515454,-0.21129048541447915,-0.0533862323829421,-0.0301936058927282,0.18109687952175094,0.024566805599787245,-0.06711280803883775,-0.06926214488724675,-0.030193605892728216
2020-04-14,158.56,158.97,150.0,156.29,1042091.03622,156.29,-0.01460899965640739,-0.01460899965640739,-0.2014938385294758,-0.11340755838654477,0.011033472645715619,-0.0545346189298301,-0.08595322505207979,0.000718361774295995,0.040649729418967245,0.04136809119326324,-0.04458513385881655,-0.09911975278864665,-0.08808628014293103,-0.2014938385294758,-0.10237408574082915,-0.15690870467065926,-0.24286192972273907,-0.24214356794844308,-0.20149383852947583
2020-04-15,156.28,161.85,155.23,158.45,698030.65089,158.45,0.013725830282827443,0.013725830282827443,0.09720307802755249,0.22268022194610068,-0.1612949577681975,0.06294887738172451,-0.07355515100216543,0.0045065890425674895,0.04191749842752278,0.04642408747009027,-0.027131063532075166,0.03581781384964935,-0.12547714391854814,0.09720307802755254,0.06138526417790319,0.1243341415596277,0.05077899055746227,0.055285579600029756,0.09720307802755254
2020-04-16,158.46,161.29,152.0,152.73,729119.66505,152.73,-0.03676742955457538,-0.03676742955457538,-0.43508107729257456,-0.4977891886159531,-0.0902745481770654,0.14976780520413577,-0.04815097328069406,0.008347140116553846,0.0430186874604485,0.051365827577002345,0.0032148542963082866,0.15298265950044404,0.06270811132337864,-0.4350810772925745,-0.5880637367930185,-0.4382959315888827,-0.48644690486957676,-0.4780997647530229,-0.4350810772925744
2020-04-17,152.74,174.79,148.33,172.29,1647207.59991,172.29,0.12050744696196056,0.09936647749342571,1.0000000000000004,0.6423874160554076,0.12420425657985519,0.1967421755078309,-0.020112006344237276,0.012963468362990924,0.0438146898381529,0.05677815820114382,0.03666615185690654,0.23340832736473743,0.3576125839445926,1.0000000000000002,0.7665916726352628,0.9633338481430938,0.9432218417988565,0.9561853101618474,1.0000000000000002
2020-04-18,172.31,174.96,168.31,170.69,723537.75591,170.69,-0.009330057768073236,-0.009330057768073236,-0.1458448839350538,-0.6346654440641907,0.284695046569972,0.13943324173212993,0.003352950779366607,0.017175385528124025,0.0441639355195443,0.06133932104766832,0.06469227182703494,0.20412551355916486,0.4888205601291369,-0.1458448839350538,-0.34997039749421865,-0.21053715576208873,-0.2071842049827221,-0.19000881945459808,-0.1458448839350538
2020-04-19,170.61,189.54,170.48,187.4,1127296.36979,187.4,0.0933963240280803,0.0933963240280803,0.9370645091113937,0.6278262576769505,0.18533217878496125,0.03718290496846368,0.02191099217690326,0.02069929013338978,0.04411288537072506,0.06481217550411483,0.08672316768101809,0.12390607264948178,0.30923825143444306,0.9370645091113936,0.8131584364619118,0.8503413414303754,0.8722523336072787,0.8929516237406685,0.9370645091113936
2020-04-20,187.4,188.35,175.75,180.03,995759.5775,180.03,-0.04012186613479064,-0.04012186613479064,-0.47044249874614047,-0.2668704489359712,-0.22723720009591913,-0.07271312190063785,0.029227565126985527,0.023509073227522496,0.04364163383187979,0.06715070705940229,0.09637827218638782,0.023665150285749975,-0.20357204981016916,-0.4704424987461404,-0.49410764903189036,-0.5668207709325283,-0.5375932058055427,-0.5140841325780202,-0.4704424987461404
2020-04-21,180.02,186.46,166.7,170.2,1547821.52737,170.2,-0.05614928753025744,-0.05614928753025744,-0.6393985631182478,-0.184436035311797,-0.41846515008082813,-0.1410075545200446,0.03544055227506655,0.026110288605869,0.042959335913486454,0.06906962451935546,0.10451017679442201,-0.03649737772562259,-0.45496252780645074,-0.6393985631182477,-0.6029011853926252,-0.7439087399126698,-0.7084681876376032,-0.6823578990317343,-0.6393985631182478
2020-04-22,170.21,174.7,168.0,170.74,906381.65398,170.74,0.0031677154428867106,0.0031677154428867106,-0.014097266958052981,0.016880375511565418,-0.03556260972032146,-0.11334345258725295,0.04667612899925628,0.02896509473705022,0.04228719610164945,0.07125229083869968,0.11792841983795596,0.004584967250703009,-0.030977642469618448,-0.01409726695805303,-0.01868223420875604,-0.13202568679600898,-0.08534955779675271,-0.05638446305970249,-0.014097266958053037
2020-04-23,170.73,184.0,169.78,182.7,988698.39076,182.7,0.06770353180180066,0.06770353180180066,0.6662191279254794,0.30041719907032416,0.28292629347413484,-0.04888928226764435,0.05821827219945785,0.03206409463806767,0.041482550811139135,0.0735466454492068,0.13176491764866466,0.0828756353810203,0.36580192885515517,0.6662191279254793,0.5833434925444589,0.5344542102768146,0.5926724824762725,0.6247365771143402,0.6662191279254793
2020-04-24,182.7,193.63,178.16,185.51,1457867.08713,185.51,0.015263325566320776,0.015263325566320776,0.11341087251177215,-0.1665015296016421,0.11875979560076842,0.02510061328957726,0.06087825168080576,0.03482794994235978,0.040345791599903015,0.07517374154226279,0.13605199322306855,0.1611526065126458,0.2799124021134142,0.11341087251177212,-0.047741734000873684,-0.022641120711296425,0.038237130969509335,0.07306508091186911,0.11341087251177212
2020-04-25,185.57,189.8,184.72,187.59,780904.21257,187.59,0.011149941297034477,0.011149941297034477,0.07004886185263276,-0.09000557394125817,-0.03556342087541129,0.060062165529335146,0.060832548378762286,0.03576792142961585,0.038955221331588845,0.0747231427612047,0.135555691139967,0.19561785666930215,0.16005443579389086,0.07004886185263269,-0.12556899481666947,-0.06550682928733433,-0.00467428090857204,0.03109364052104381,0.07004886185263265
2020-04-26,187.6,198.36,185.76,194.21,866478.04928,194.21,0.03468131759004386,0.03468131759004386,0.31810927217231666,0.12387433920042498,0.017200518104230816,0.041348010993352155,0.06381319473166402,0.03439341868798877,0.03747979045465587,0.07187320914264464,0.13568640387430866,0.1770344148676608,0.19423493297189162,0.3181092721723166,0.1410748573046558,0.18242286829800797,0.246236063029672,0.2806294817176608,0.31810927217231666
2020-04-27,194.21,200.0,192.3,197.38,758525.81533,197.38,0.016190756906501114,0.016190756906501114,0.12318756368035519,0.03383315483871096,-0.06778046773170904,0.026325793668223508,0.06426660323720547,0.030587269764758934,0.03595520990316532,0.06654247966792426,0.13080908290512971,0.15713487657335323,0.0893544088416442,0.12318756368035516,-0.03394731289299808,-0.007621519224774571,0.0566450840124309,0.08723235377718984,0.12318756368035516
2020-04-28,197.39,199.05,189.29,196.34,896627.37271,196.34,-0.005282954479485703,-0.005282954479485703,-0.10318158664753356,-0.0851754145169692,-0.15413224164395764,0.012257922841858396,0.06479028831696378,0.024664629656325175,0.03441322869824591,0.059077858354571085,0.12386814667153487,0.13612606951339326,-0.01800617213056438,-0.10318158664753357,-0.23930765616092683,-0.22704973331906844,-0.16225944500210465,-0.13759481534577947,-0.10318158664753356
2020-04-29,196.33,198.5,192.36,196.24,636829.89397,196.24,-0.0005094503141414406,-0.0005094503141414406,-0.05286079847205436,-0.24188591590425615,0.04858118098652706,0.029741946702947285,0.05985049215240562,0.01798244613528673,0.03286905145503508,0.050851497590321815,0.11070198974272744,0.1404439364456747,0.18902511743220177,-0.05286079847205438,-0.1933047349177291,-0.16356278821478182,-0.1037122960623762,-0.08572984992708947,-0.05286079847205439
2020-04-30,196.24,218.77,196.22,215.36,1620422.72431,215.36,0.09297264650612909,0.09297264650612909,0.9325982331643439,0.6303881533630611,0.15706929670425418,0.058628399833006814,0.04509986756330536,0.010193142154695994,0.031219373546020203,0.0414125157007162,0.08651238326402155,0.14514078309702838,0.30221007980128256,0.9325982331643436,0.7874574500673153,0.8460858499003221,0.8911857174636275,0.9013788596183235,0.9325982331643438
2020-05-01,215.4,227.3,202.0,206.08,1749691.00151,206.08,-0.044046603540374145,-0.044046603540374145,-0.5118158531604031,-0.6000842002817385,-0.004510364001581332,0.03666707948848439,0.02570622719084752,0.0009716424794427012,0.029433761964142092,0.030405404443584794,0.056111631634432314,0.0927787111229167,0.08826834712133537,-0.5118158531604031,-0.6045945642833198,-0.5679274847948355,-0.542221257603988,-0.5412496151245453,-0.5118158531604032
2020-05-02,206.07,217.14,205.91,212.02,794913.95828,212.02,0.028416166928962833,0.028416166928962833,0.2520640130956474,0.2486782416547094,-0.02954814471488119,0.005368928846247318,0.008263534723503115,-0.008394853811370796,0.02769630639743952,0.019301452586068725,0.02756498730957184,0.03293391615581916,0.003385771440937966,0.25206401309564735,0.2191300969398282,0.22449902578607553,0.23276256050957864,0.22436770669820785,0.25206401309564735
2020-05-03,212.01,215.37,210.36,213.9,443494.67248,213.9,0.008828006243408303,0.008828006243408303,0.04557174861598472,0.04753875065569607,0.0471100371671734,-0.04447698881270437,-0.012948976050653479,-0.017676261217242095,0.02602518687371519,0.008348925656473095,-0.004600050394180384,-0.049077039206884755,-0.0019670020397113547,0.04557174861598472,0.09464878782286948,0.05017179901016511,0.037222822959511626,0.01954656174226953,0.04557174861598472
2020-05-04,213.89,219.3,203.92,209.86,748383.91311,209.86,-0.019067974358594923,-0.019067974358594923,-0.24849895546172784,-0.10334873437229952,-0.023061387837264552,-0.07988979648103191,-0.04061514066928006,-0.026014399198579678,0.024430503096727983,-0.001583896101851695,-0.04219903677113176,-0.12208883325216366,-0.1451502210894282,-0.24849895546172773,-0.12641012220956407,-0.206299918690596,-0.24691505935987607,-0.27292945855845574,-0.24849895546172776
2020-05-05,209.86,210.65,194.88,206.48,1114249.32658,206.48,-0.016237086319406596,-0.016237086319406596,-0.21865661900736763,0.018344593527334207,-0.1216983643953959,-0.0410901911860047,-0.06419037165052252,-0.03303734070819945,0.023015055405420804,-0.010022285302778645,-0.07421265695330116,-0.11530284813930586,-0.23700121253470174,-0.21865661900736755,-0.10335377086806169,-0.1444439620540664,-0.20863433370458892,-0.24167167441278836,-0.21865661900736755
2020-05-06,206.47,211.68,201.0,205.29,640644.66268,205.29,-0.005779941777842336,-0.005779941777842336,-0.10842067133254801,0.11221911927189097,-0.13143258987126055,0.008843148731630862,-0.08070219182873523,-0.03909143485514578,0.021743277219071686,-0.017348157636074096,-0.09805034946480932,-0.08920720073317846,-0.220639790604439,-0.10842067133254803,-0.019213470599369578,-0.010370321867738716,-0.09107251369647394,-0.13016394855161972,-0.10842067133254804
2020-05-07,205.3,210.77,197.71,198.97,862700.67849,198.97,-0.03126955404135943,-0.03126955404135943,-0.37712419288798293,-0.343967593634537,0.027930296621716203,0.05014348009352119,-0.0867446139167761,-0.045054237902667,0.020568475850759882,-0.02448576205190712,-0.11123037596868321,-0.06108689587516202,-0.033156599253445815,-0.3771241928879828,-0.3160372970128208,-0.2658938169192996,-0.3526384308360757,-0.3976926687387427,-0.3771241928879828
2020-05-08,198.92,215.1,196.43,212.0,1305778.73764,212.0,0.0634322150808559,0.0634322150808559,0.6211922427484466,0.4016014212448552,0.2823536016806663,0.05191757564681935,-0.08320620231727371,-0.05096832821707503,0.01949417471045442,-0.03147415350662061,-0.11468035582389433,-0.06276278017707498,0.21959082150359133,0.6211922427484465,0.6839550229255216,0.7358725985723409,0.6526663962550672,0.6016980680379922,0.6211922427484466
2020-05-09,212.01,216.61,206.9,211.31,917908.1944,211.31,-0.0032600250931766636,-0.0032600250931766636,-0.08185649765286043,-0.19289952207584896,0.23770434752770436,-0.012560846691853682,-0.07584847577727018,-0.05673070931332226,0.01847870867773032,-0.03825200063559194,-0.11410047641286211,-0.12666132310471578,0.11104302442298858,-0.08185649765286038,0.04480482545185541,0.03224397876000172,-0.043604497017268457,-0.10033520633059072,-0.0818564976528604
2020-05-10,211.32,214.6,208.4,210.07,587871.98073,210.07,-0.005885441071246809,-0.005885441071246809,-0.10953281189264456,0.2433080618099136,-0.16087333694347528,-0.08379542519349642,-0.06423884384839029,-0.061557250226728075,0.01762398250953198,-0.04393326771719609,-0.10817211156558638,-0.1919675367590828,-0.35284087370255807,-0.10953281189264447,0.08243472486643832,-0.0013607003270580953,-0.06559954417544839,-0.12715679440217648,-0.1095328118926445
2020-05-11,210.09,210.18,179.59,187.54,1473226.05475,187.54,-0.11344865251611,-0.09035647154696086,-1.0,-0.39253421083194295,-0.39756413032859406,-0.11996611332853813,-0.04284747765982551,-0.06400735880492338,0.016919290953824124,-0.04708806785109926,-0.08993554551092477,-0.20990165883946288,-0.6074657891680569,-0.9999999999999999,-0.790098341160537,-0.9100644544890751,-0.9529119321489007,-1.016919290953824,-0.9999999999999999
2020-05-12,187.62,193.5,176.0,185.73,1093299.81927,185.73,-0.009698149792228617,-0.009698149792228617,-0.1497251949466334,0.15812570733649425,-0.15209188836720072,-0.09787226313365426,-0.010463680580409829,-0.06376374869180194,0.016340678489939184,-0.04742307020186276,-0.05788675078227259,-0.15575901391592684,-0.30785090228312756,-0.1497251949466333,0.006033818969293531,-0.09183844416436072,-0.10230212474477056,-0.1660658734365725,-0.14972519494663333
2020-05-13,185.8,192.24,185.48,189.76,669755.79567,189.76,0.02146610961011009,0.02146610961011009,0.17879868221178816,-0.02358435761150933,0.26091369090152006,-0.033570352808309806,0.020159550565839065,-0.06090935588867646,0.015789507052924596,-0.04511984883575186,-0.024960298269912796,-0.0585306510782226,0.20238303982329747,0.17879868221178813,0.2373293332900107,0.2037589804817009,0.22391853104753998,0.1630091751588635,0.1787986822117881
2020-05-14,189.77,201.0,188.35,199.58,806143.00704,199.58,0.050455042646805885,0.050455042646805885,0.4843909490758762,0.1272405895559276,0.3136826261969574,0.043569002108068945,0.04068555356471786,-0.055879736718453185,0.015092914368657456,-0.04078682234979573,-0.00010126878507786541,0.04346773332299108,0.3571503595199485,0.4843909490758761,0.440923215752885,0.484492217860954,0.5251777714256718,0.4692980347072186,0.48439094907587604
2020-05-15,199.61,206.02,195.67,203.29,1114700.24937,203.29,0.01841837257680612,0.01841837257680612,0.1466703914729045,0.08045415510799593,-0.046463491798944566,0.10090460527956459,0.04701668002734892,-0.04948357750017268,0.014242020357112284,-0.0352415571430604,0.011775122884288523,0.1126797281638531,0.06621623636490853,0.14667039147290445,0.033990663309051365,0.13489526858861595,0.18191194861596488,0.1324283711157922,0.14667039147290448
2020-05-16,203.29,204.08,191.66,194.86,904749.6357,194.86,-0.04235217903577746,-0.04235217903577746,-0.4939537599010791,-0.34227045102440207,-0.28544821254715247,0.11684281187862379,0.04483855564240083,-0.04126145292975112,0.013344989079201989,-0.027916463850549134,0.016922091791851696,0.1337649036704755,-0.15168330887667697,-0.49395375990107904,-0.6277186635715546,-0.5108758516929308,-0.46603729605053,-0.5072987489802812,-0.49395375990107915
2020-05-17,194.87,203.5,193.21,200.45,669900.03754,200.45,0.02828348709132059,0.02828348709132059,0.2506653437378988,0.19542909681272144,-0.08690406213435398,0.12026488674343681,0.04071662987934055,-0.03130427436479482,0.012463066801548729,-0.01884120756324609,0.021875422316094458,0.14214030905953126,0.055236246925177285,0.2506653437378987,0.10852503467836747,0.22878992142180427,0.2695065513011448,0.23820227693635,0.2506653437378987
2020-05-18,200.44,209.85,199.68,207.0,708711.89315,207.0,0.03215395417685316,0.03215395417685316,0.29146659740920516,-0.026632574331365472,0.20025839253954658,0.09815437405617002,0.028987951169987453,-0.020734348017760418,0.011432801992626905,-0.009301546025133512,0.01968640514485394,0.11784077920102395,0.31809917174057056,0.2914665974092051,0.1736258182081811,0.27178019226435113,0.30076814343433855,0.28003379541657814,0.29146659740920505
2020-05-19,207.02,217.07,207.0,214.91,1064139.2485,214.91,0.037500542571745524,0.037500542571745524,0.3478286603218392,0.07480856462084637,0.21746453779215277,0.04727143451115641,0.008331609235590223,-0.010294949649398252,0.010247463811491594,-4.748583790665714e-05,0.008284123397683566,0.055555557908839974,0.2730200957009927,0.3478286603218391,0.29227310241299914,0.33954453692415554,0.34787614615974577,0.3375811965103475,0.3478286603218391
2020-05-20,214.92,215.95,209.45,214.58,643702.98849,214.58,-0.0015367066285144793,-0.0015367066285144793,-0.06368981330203538,-0.03172937734366404,-0.019862300109314477,0.00140547581772345,-0.022203089127754226,-0.0003152538850108192,0.00901473134598474,0.008699477460973921,-0.013503611666780305,-0.012098135849056856,-0.031960435958371336,-0.06368981330203538,-0.05159167745297852,-0.05018620163525507,-0.07238929076300929,-0.0727045446480201,-0.06368981330203537
2020-05-21,214.6,215.75,204.27,209.98,679532.61037,209.98,-0.021670341121805062,-0.021670341121805062,-0.275932292086241,0.06282867100523798,-0.24175866909650415,-0.06356284403388936,-0.05014652036269175,0.008966482009070733,0.00774058839253571,0.016707070401606443,-0.033439449961085305,-0.09700229399497466,-0.3387609630914788,-0.2759322920862408,-0.17892999809126617,-0.24249284212515554,-0.2926393624878473,-0.28367288047877653,-0.2759322920862408
2020-05-22,209.99,211.64,191.71,198.74,1003923.4342,198.74,-0.05501485028357788,-0.05501485028357788,-0.6274396804167348,-0.35011647598191725,-0.11956891018317721,-0.11724671727182971,-0.06496994058150372,0.01789646417839521,0.006565899423298003,0.02446236360169321,-0.040507576979810514,-0.15775429425164023,-0.27732320443481745,-0.6274396804167347,-0.4696853861650945,-0.5869321034369241,-0.6519020440184279,-0.6340055798400327,-0.6274396804167347
2020-05-23,198.72,209.19,196.24,207.36,787672.36081,207.36,0.042458975360692604,0.042458975360692604,0.4000989082178022,0.4042160695587974,0.15248036958827393,-0.1259465802090234,-0.06323470798559183,0.02709991951375001,0.005483837751596018,0.03258375726534603,-0.030650950720245804,-0.1565975309292692,-0.004117161340995268,0.40009890821780214,0.5566964391470713,0.43074985893804796,0.3675151509524561,0.39461507046620614,0.40009890821780214
2020-05-24,207.36,211.2,204.55,206.6,478559.92006,206.6,-0.0036718564783718424,-0.0036718564783718424,-0.08619789533066599,-0.05993690751472122,0.11962888146258503,-0.13487846519715072,-0.05146926814617493,0.036206355215987286,0.004251508848808617,0.0404578640647959,-0.011011404081379031,-0.14588986927852976,-0.026260987815944728,-0.08619789533066595,0.05969197394786381,-0.0751864912492869,-0.12665575939546184,-0.09044940417947456,-0.08619789533066594
2020-05-25,206.6,210.55,199.5,199.9,673535.05784,199.9,-0.03296731517918375,-0.03296731517918375,-0.395021459891385,-0.2314596527043778,-0.07233309704307703,-0.10302116843678379,-0.03634601962806303,0.045240927041561074,0.0028975508793556387,0.04813847792091671,0.011792458292853678,-0.09122871014393011,-0.16356180718700714,-0.39502145989138493,-0.30379274974745485,-0.4068139181842386,-0.4431599378123017,-0.3979190107707406,-0.395021459891385
2020-05-26,199.9,205.67,198.01,204.15,469931.62492,204.15,0.02103777625923049,0.02103777625923049,0.17428332597211235,0.28867660790440486,-0.11304288204429291,-0.04453448377762596,-0.01211302113045629,0.05373836222934545,0.001558742790737191,0.05529710502008264,0.04318408388962636,-0.0013503998879996065,-0.11439328193229252,0.17428332597211232,0.17563372586011194,0.13109924208248597,0.11898622095202968,0.17272458318137512,0.17428332597211232
2020-05-27,204.22,205.0,196.9,200.89,477176.7353,200.89,-0.016097523191526842,-0.016097523191526842,-0.21718538815642777,-0.25499355940702456,-0.04822567790509935,0.008666919240673315,0.01662819664574243,0.06058135490475385,0.00015737836452654617,0.0607387332692804,0.07736692991502284,0.08603384915569615,0.037808171250596795,-0.21718538815642777,-0.3032192373121239,-0.2945523180714506,-0.27792412142570816,-0.2173427665209543,-0.21718538815642777
2020-05-28,200.92,208.44,200.76,208.29,494816.72727,208.29,0.036173844859233764,0.036173844859233764,0.3338430279118207,0.09518638790858006,0.02855063324757669,0.09468622114141126,0.0515700534324659,0.0652171323425153,-0.0013674001607286333,0.06384973218178668,0.11541978561425258,0.21010600675566382,0.23865664000324052,0.3338430279118206,0.12373702115615674,0.218423242297568,0.2699932957300339,0.3352104280725492,0.3338430279118206
2020-05-29,208.29,220.5,204.67,220.21,643945.97769,220.21,0.055650297084809126,0.055650297084809126,0.5391576967390419,0.17005246788990308,0.07936745553113005,0.14339069766282536,0.08183815145411626,0.06755894469466965,-0.003050020493602608,0.06450892420106705,0.1463470756551833,0.28973777331800865,0.3691052288491387,0.5391576967390418,0.24941992342103314,0.3928106210838585,0.4746487725379748,0.5422077172326444,0.5391576967390418
2020-05-30,220.24,224.79,217.57,220.67,603058.0759,220.67,0.002086736376888281,0.002086736376888281,-0.025492610235879853,-0.43024507304915616,0.08863680785688269,0.15468503264029299,0.0985799189661691,0.06778322023808678,-0.0049325168881553345,0.06285070334993144,0.16143062231610056,0.31611565495639354,0.40475246281327626,-0.025492610235879898,-0.3416082651922735,-0.1869232325519805,-0.0883433135858114,-0.02056009334772463,-0.025492610235879964
2020-05-31,220.63,247.0,218.8,243.66,1019550.75146,243.66,0.09910543803127221,0.09910543803127221,0.9972482036203442,0.664719400521274,0.04290515429708703,0.12871085350422795,0.1018978776821381,0.0660603585196571,-0.0070454409040401345,0.05901491761561696,0.16091279529775504,0.289623648801983,0.33252880309907,0.997248203620344,0.7076245548183611,0.836335408322589,0.9382332860047271,1.0042936445243842,0.997248203620344
2020-06-01,243.71,245.39,229.58,231.57,821608.68884,231.57,-0.050891607296389266,-0.050891607296389266,-0.583973742236416,-0.7404153333797566,-0.03574189831330568,0.04440086106542014,0.09484767975026222,0.062208202590125515,-0.00927325394916135,0.052934948640964166,0.14778262839122638,0.19218348945664654,0.15644159114334086,-0.5839737422364157,-0.7761572316930623,-0.7317563706276421,-0.6369086908773799,-0.5747004882872544,-0.5839737422364157
2020-06-02,231.56,250.68,230.66,248.23,823816.69936,248.23,0.06947353210232725,0.06947353210232725,0.684877917591982,0.6443785925140468,-0.062392083102326044,-0.024579538639702962,0.0821117236675095,0.056889079359985106,-0.011529856207530373,0.04535922315245473,0.12747094681996424,0.10289140818026127,0.04049932507793522,0.684877917591982,0.5819865094117208,0.5574069707720178,0.6395186944395274,0.6964077737995125,0.6848779175919821
2020-06-03,248.23,253.8,225.0,237.71,955520.91863,237.71,-0.0433042924150342,-0.0433042924150342,-0.5039906414072174,-0.48966049764149394,-0.026884849669717756,-0.08460375379042209,0.06059543592950042,0.0504661216839356,-0.01390309791901947,0.03656302376491613,0.09715845969441655,0.012554705903994462,-0.014330143765723294,-0.5039906414072173,-0.5165453473112117,-0.6011491011016338,-0.5405536651721333,-0.4900875434881977,-0.5039906414072172
2020-06-04,237.71,245.0,232.71,244.52,502928.13371,244.52,0.0282456618433596,0.0282456618433596,0.25026660180233107,0.2790417559043926,0.011748595298092397,-0.10486369763515548,0.036932452627864314,0.043679446319352895,-0.016271950712215745,0.02740749560713715,0.06433994823500147,-0.040523749400154005,-0.028775154102061606,0.250266601802331,0.29079035120248503,0.18592665356732957,0.2228591061951939,0.2665385525145468,0.250266601802331
2020-06-05,244.54,246.6,236.0,243.21,669369.3392,243.21,-0.005371837492799228,-0.005371837492799228,-0.10411856357903386,-0.04660207812203621,-0.01347335968003996,-0.06937725195196129,0.007373225934764425,0.03660939501139222,-0.018648494771153,0.017960900240239223,0.02533412617500365,-0.04404312577695764,-0.0575164854569976,-0.10411856357903382,-0.06007543780207617,-0.12945268975403745,-0.12207946381927302,-0.0854700688078808,-0.1041185635790338
2020-06-06,243.22,247.87,239.14,240.03,502547.41103,240.03,-0.013161352137583198,-0.013161352137583198,-0.1862331910838573,-0.08874007153619416,-0.053625056858991826,-0.03274632320362948,-0.019317122795851103,0.02924071878633722,-0.021045335475527907,0.008195383310809313,-0.01112173948504179,-0.04386806268867127,-0.0974931195476631,-0.18623319108385727,-0.142365128395186,-0.17511145159881547,-0.19442857439466657,-0.16518785560832935,-0.18623319108385727
2020-06-07,240.04,244.7,237.83,241.94,389423.07798,241.94,0.007925846001559931,0.007925846001559931,0.036061457463422805,0.05467350842238908,0.0031005186972819215,0.0181290258995003,-0.038061498036338785,0.0216634254317987,-0.023443522951208422,-0.0017800975194097214,-0.03984159555574851,-0.02171256965624821,-0.018612050958966286,0.03606145746342279,0.057774027119671,0.0759030530191713,0.037841554982832516,0.05950498041463122,0.03606145746342279
2020-06-08,241.94,245.37,234.6,244.56,571102.55515,244.56,0.01077091605087696,0.01077091605087696,0.06605329623366452,0.014614487032581969,0.06608364730010396,0.05066548416921242,-0.05324658555016317,0.013778714565504476,-0.025842451283575135,-0.012063736718070659,-0.06531032226823383,-0.01464483809902141,0.051438809201082555,0.06605329623366453,0.08069813433268594,0.13136361850189837,0.0781170329517352,0.09189574751723967,0.06605329623366453
2020-06-09,244.57,247.7,240.59,246.4,383116.54719,246.4,0.00749555407678571,0.00749555407678571,0.03152545455022093,0.010889032555767168,0.06949577562733857,0.03621459346533211,-0.06266649187456186,0.005838885444563783,-0.028246340668218805,-0.02240745522365502,-0.08507394709821688,-0.04885935363288477,0.0206364219944538,0.03152545455022097,0.08038480818310573,0.11659940164843784,0.05393290977387598,0.05977179521843976,0.03152545455022096
2020-06-10,246.37,249.82,238.0,243.8,420327.17133,243.8,-0.010608014612193545,-0.010608014612193545,-0.1593167053523803,-0.11362484144763259,0.038786210705530226,0.015133607037075832,-0.06661748363008907,-0.002396159122427828,-0.030598038894836848,-0.03299419801726468,-0.09961168164735375,-0.08447807461027791,-0.045691863904747686,-0.15931670535238027,-0.07483863074210237,-0.05970502370502653,-0.1263225073351156,-0.12871866645754343,-0.15931670535238027
2020-06-11,243.79,250.28,242.0,247.78,431285.61715,247.78,0.016193038640421677,0.016193038640421677,0.12321161700581848,0.33532757479061787,-0.0871844979148085,-0.016619172685217395,-0.06460173813267876,-0.010771590419705105,-0.032938958632389596,-0.043710549052094705,-0.10831228718477347,-0.12493145986999087,-0.21211595778479936,0.12321161700581851,0.24814307687580936,0.23152390419059196,0.1669221660579132,0.1561505756382081,0.12321161700581851
2020-06-12,247.78,250.09,226.2,230.51,816456.89161,230.51,-0.07224701024400662,-0.07224701024400662,-0.80909572200357,-0.52442790807056,-0.12347208512761577,-0.04658801847826011,-0.06053713749795481,-0.018771315527880854,-0.03529925730129847,-0.05407057282917933,-0.11460771032713413,-0.16119572880539423,-0.28466781393301,-0.8090957220035699,-0.6478999931981757,-0.6944880116764358,-0.7550251491743907,-0.7737964647022715,-0.8090957220035699
2020-06-13,230.46,239.38,228.19,237.55,446515.34124,237.55,0.030083882189344102,0.030083882189344102,0.26964454585477354,0.36099729450452717,0.056091463905734155,-0.03511405674934836,-0.04903497883875812,-0.025688368666678313,-0.03760680830070304,-0.06329517696738135,-0.11233015580613948,-0.14744421255548784,-0.09135274864975368,0.2696445458547735,0.41708875841026133,0.38197470166091296,0.33293972282215484,0.30725135415547655,0.2696445458547735
2020-06-14,237.55,238.73,234.66,238.11,253797.7809,238.11,0.0023546241379635777,0.0023546241379635777,-0.022668621230540587,0.014839788533085513,0.08546966793203732,-0.01499253902919733,-0.037042186345988715,-0.0311213383461898,-0.03982201397428754,-0.07094335232047734,-0.10798553866646605,-0.12297807769566338,-0.03750840976362606,-0.022668621230540545,0.10030945646512283,0.08531691743592551,0.048274731089936795,0.017153392743746994,-0.02266862123054055
2020-06-15,238.13,238.59,229.83,231.77,304943.21188,231.77,-0.02698725115642562,-0.02698725115642562,-0.3319814950056911,-0.1634416282410967,-0.06772651296012447,0.0020074780190118668,-0.026037553449741298,-0.03496251103137239,-0.04182076734236796,-0.07678327837374035,-0.10282083182348165,-0.10081335380446978,-0.16853986676459426,-0.33198149500569096,-0.23116814120122117,-0.22916066318220932,-0.25519821663195064,-0.290160727663323,-0.33198149500569096
2020-06-16,231.74,233.55,218.27,230.86,875026.92057,230.86,-0.003934034427702026,-0.003934034427702026,-0.08896169328611916,0.009095630146236702,-0.022205816765767803,0.01375466345275283,-0.009080497349825125,-0.03701601829505977,-0.043509654474455976,-0.08052567276951575,-0.08960617011934087,-0.07585150666658803,-0.09805732343235583,-0.08896169328611914,-0.013110186619531101,0.0006444768332217292,-0.008436020516603396,-0.04545203881166317,-0.08896169328611914
2020-06-17,230.86,236.0,228.7,235.3,499194.66758,235.3,0.019049829546550583,0.019049829546550583,0.15332701338330973,0.12830607654109377,0.10459589518126938,-0.004570941347201236,0.0073279846700157365,-0.03739848247009135,-0.04493351919177663,-0.08233200166186798,-0.07500401699185225,-0.07957495833905348,0.025020936842215902,0.15332701338330967,0.23290197172236315,0.22833103037516192,0.23565901504517767,0.1982605325750863,0.15332701338330967
2020-06-18,235.31,237.3,227.65,233.82,478187.2917,233.82,-0.00630970715464397,-0.00630970715464397,-0.11400529227040684,-0.06627424764716103,0.04131358260037736,-0.025298357030042296,0.019510265946077576,-0.037129462546777604,-0.04612707359288079,-0.08325653613965839,-0.06374627019358081,-0.08904462722362311,-0.04773104462324575,-0.11400529227040677,-0.024960665046783667,-0.05025902207682596,-0.030748756130748386,-0.067878218677526,-0.11400529227040679
2020-06-19,233.82,234.65,227.93,231.27,334347.79917,231.27,-0.010965729439392263,-0.010965729439392263,-0.16308762319872444,-0.012368076592699829,-0.06820910408403728,-0.027987220357226908,0.028437402698465945,-0.03603655786738895,-0.046924066995837364,-0.0829606248632263,-0.05452322216476036,-0.08251044252198728,-0.15071954660602455,-0.16308762319872439,-0.08057718067673711,-0.10856440103396402,-0.08012699833549808,-0.11616355620288703,-0.16308762319872439
2020-06-20,231.26,231.95,226.74,229.0,397284.59808,229.0,-0.009863855585040906,-0.009863855585040906,-0.1514720135961476,0.009329101850016251,-0.11490486543967401,0.001655640881772225,0.03421084795888914,-0.03451865484651689,-0.047244084000634255,-0.08176273884715114,-0.047551890888262005,-0.04589625000648978,-0.1608011154461638,-0.15147201359614754,-0.10557576358965776,-0.10392012270788553,-0.0697092747489964,-0.10422792959551327,-0.15147201359614754
2020-06-21,229.0,230.85,225.62,228.89,303704.98826,228.89,-0.0004804647496826767,-0.0004804647496826767,-0.05255524171568544,0.03567803303708251,-0.09535787202187858,0.054925789913100764,0.03206475568905596,-0.03277342786310263,-0.04709252046994343,-0.07986594833304606,-0.0478011926439901,0.007124597269110668,-0.0882332747527679,-0.052555241715685395,-0.05967983898479607,-0.004754049071695306,0.027310706617360653,-0.005462721245741979,-0.05255524171568541
2020-06-22,228.88,231.49,227.11,228.04,256305.23734,228.04,-0.0037204866411758575,-0.0037204866411758575,-0.08671053929967432,-0.2235783521356993,0.09229623066217281,0.09414199418690669,0.027563801846948486,-0.030697302826903666,-0.046436911033099375,-0.07713421386000305,-0.049570412013054566,0.044571582173852126,0.13686781283602495,-0.08671053929967434,-0.13128212147352647,-0.03714012728661978,-0.009576325439671293,-0.04027362826657496,-0.08671053929967434
2020-06-23,228.03,246.89,227.51,243.13,749030.11114,243.13,0.06407522755056082,0.06407522755056082,0.6279706791258829,0.34245578535148713,0.2372740278843542,0.10166561938546079,0.020762882452540248,-0.02878057253332706,-0.045407063414632506,-0.07418763594795957,-0.05342475349541932,0.048240865890041465,0.28551489377439565,0.6279706791258828,0.5797298132358413,0.6813954326213021,0.7021583150738423,0.6733777425405152,0.6279706791258827
2020-06-24,243.11,244.87,240.75,243.14,442296.31477,243.14,4.112941370607536e-05,4.112941370607536e-05,-0.04705675915438264,-0.08772998036472342,0.056448903320825146,0.05051803775281017,0.005162045549386486,-0.0273806497062584,-0.04407511570642259,-0.07145576541268099,-0.0662937198632945,-0.015775682110484336,0.04067322121034081,-0.04705675915438261,-0.03128107704389827,0.0192369607089119,0.024399006258298384,-0.0029816434479600154,-0.04705675915438261
2020-06-25,243.15,249.24,231.07,234.58,921634.0534,234.58,-0.03584072803428882,-0.03584072803428882,-0.42531207965708767,-0.17657520211907307,-0.13610216524258123,-0.033150605251733266,-0.010729328747857278,-0.02651368351648633,-0.04224109477935637,-0.0687547782958427,-0.07948410704369997,-0.11263471229543323,-0.24873687753801446,-0.4253120796570875,-0.3126773673616543,-0.34582797261338755,-0.3565573013612448,-0.3830709848777311,-0.4253120796570875
2020-06-26,234.57,235.39,227.56,232.5,613748.59348,232.5,-0.00890645606594809,-0.00890645606594809,-0.14137940725690062,0.12301911599540846,-0.08769079276323827,-0.08847520495230835,-0.02267954505940172,-0.025645893693764847,-0.03990708678359586,-0.06555298047736072,-0.08823252553676243,-0.1767077304890708,-0.26439852325230906,-0.1413794072569006,0.035328323232170195,-0.05314688172013815,-0.07582642677953987,-0.1014723204733047,-0.14137940725690057
2020-06-27,232.49,233.61,227.75,229.64,628340.07007,229.64,-0.012377359727975035,-0.012377359727975035,-0.17796858826618475,0.08005292910970886,-0.055742647423992674,-0.10881574649451173,-0.031580692442207924,-0.024712246027521836,-0.03717018498765942,-0.06188243101518126,-0.09346312345738919,-0.20227886995190092,-0.25802151737589357,-0.17796858826618472,0.024310281685716188,-0.08450546480879553,-0.11608615725100346,-0.1407984032785253,-0.17796858826618472
2020-06-28,229.66,231.42,216.0,220.94,645950.61438,220.94,-0.038621693855306935,-0.038621693855306935,-0.4546281516988113,-0.2351288028218904,-0.0499686261236185,-0.07669855688686035,-0.03527566455570738,-0.023545366680228386,-0.034011134630506215,-0.0575565013107346,-0.09283216586644198,-0.16953072275330233,-0.21949934887692082,-0.4546281516988112,-0.2850974289455089,-0.3617959858323692,-0.39707165038807657,-0.42061701706830495,-0.45462815169881116
2020-06-29,220.94,227.96,218.32,224.93,444766.56881,224.93,0.01789807124407853,0.01789807124407853,0.14118553752814708,0.17440725307840246,0.058682485935765874,-0.008194831653715007,-0.03048933858403521,-0.022805633681644993,-0.03041439756662605,-0.053220031248271044,-0.08370936983230626,-0.09190420148602127,-0.033221715550255396,0.14118553752814705,0.23308973901416835,0.22489490736045334,0.19440556877641813,0.17159993509477314,0.14118553752814708
2020-06-30,224.89,229.96,221.26,227.93,597915.52242,227.93,0.013249321582838747,0.013249321582838747,0.09217987232261415,0.03663185454497299,0.10217180416865464,0.023362180147185135,-0.02046230934891732,-0.02317308976185102,-0.026350567427430308,-0.049523657189281325,-0.06998596653819865,-0.046623786391013514,0.05554801777764112,0.09217987232261411,0.13880365871362763,0.16216583886081276,0.14170352951189544,0.11853043975004442,0.09217987232261411
2020-07-01,227.98,228.7,222.91,225.6,415036.02977,225.6,-0.010275044647142581,-0.010275044647142581,-0.15580664010476403,-0.17848732714294047,0.049544479691248,0.026049232399145812,-0.006343298683334005,-0.024789039856196335,-0.021780686512686987,-0.04656972636888332,-0.05291302505221732,-0.02686379265307151,0.022680687038176488,-0.15580664010476397,-0.12894284745169246,-0.10289361505254666,-0.10923691373588065,-0.13402595359207697,-0.15580664010476397
2020-07-02,225.59,232.71,224.16,230.99,517351.58865,230.99,0.023610899917558843,0.023610899917558843,0.20140839092965324,0.22577142086938942,-0.0016836773656534743,0.006261725017958991,0.015572106519948788,-0.027867141871951065,-0.016646042240039464,-0.044513184111990525,-0.028941077592041738,-0.022679352574082746,-0.02436302993973622,0.2014083909296532,0.22408774350373595,0.23034946852169494,0.24592157504164372,0.21805443316969264,0.20140839092965318
2020-07-03,230.99,232.01,222.87,226.46,592485.91115,226.46,-0.01980609065556911,-0.01980609065556911,-0.256279946646058,-0.1514654440509282,-0.06741854143108801,-0.031336785552047955,0.03702636983281482,-0.03198648919378353,-0.011099056251025063,-0.043085545444808596,-0.006059175611993775,-0.03739596116404173,-0.10481450259512974,-0.25627994664605797,-0.2188839854820162,-0.25022077103406415,-0.21319440120124933,-0.24518089039503285,-0.2562799466460579
2020-07-04,226.46,228.13,223.97,224.87,314578.5004,224.87,-0.007045871437151933,-0.007045871437151933,-0.1217657059286539,-0.018236889895559088,-0.0956341704285075,-0.021568743120753155,0.054965795895608446,-0.036092336250963794,-0.005199362128478815,-0.04129169837944261,0.013674097516165835,-0.00789464560458732,-0.10352881603309481,-0.1217657059286539,-0.11387106032406659,-0.13543980344481973,-0.08047400754921129,-0.11656634380017508,-0.12176570592865389
2020-07-05,224.86,230.71,224.43,229.17,307726.46593,229.17,0.01894162877263628,0.01894162877263628,0.1521863946604659,0.1463817627257209,-0.03746898176433435,0.013501906366372442,0.06894734020264767,-0.040189477493497945,0.0010138446235571576,-0.03917563286994079,0.029771707332706884,0.043273613699079325,0.0058046319347449735,0.15218639466046588,0.10891278096138654,0.12241468732775898,0.19136202753040665,0.15117255003690871,0.15218639466046588
2020-07-06,229.24,229.85,223.05,227.56,355747.12006,227.56,-0.007050146338931328,-0.007050146338931328,-0.12181077060639602,-0.2671055890008318,0.05395372256949559,0.05199773780237526,0.07606792439741183,-0.04408930060415211,0.00736473422930528,-0.03672456637484683,0.03934335802256501,0.09134109582494027,0.14529481839443587,-0.12181077060639595,-0.2131518664313362,-0.16115412862896095,-0.08508620423154911,-0.12917550483570123,-0.12181077060639595
2020-07-07,227.54,242.0,226.93,241.6,864817.507,241.6,0.05986952617821327,0.05986952617821327,0.5836354904350063,0.35469221869634615,0.10317946846390048,0.08630061977088596,0.0728944522623839,-0.04722973091476117,0.013798462156250869,-0.033431268758510296,0.03946318350387361,0.12576380327475956,0.22894327173866003,0.5836354904350062,0.4578716871602466,0.5441723069311326,0.6170667591935165,0.5698370282787554,0.5836354904350063
2020-07-08,241.6,243.77,234.4,239.39,600424.97209,239.39,-0.009189444903626248,-0.009189444903626248,-0.14436258708948818,-0.31286472937758275,0.0678767731956178,0.07099662702244036,0.05885158602590681,-0.04947103475412842,0.02024819079825807,-0.029222843955870353,0.029628742070036455,0.10062536909247682,0.16850214228809463,-0.14436258708948813,-0.24498795618196495,-0.1739913291595246,-0.11513974313361777,-0.1646107778877462,-0.14436258708948813
2020-07-09,239.39,248.88,237.78,246.95,958185.83708,246.95,0.03109186582960024,0.03109186582960024,0.28027039418102495,0.24624229032157888,-0.013536940483792528,0.03452301003995331,0.03669157557669508,-0.05036869003983015,0.026719148766420363,-0.023649541273409784,0.013042034303285294,0.047565044343238605,0.034028103859446074,0.28027039418102495,0.23270534983778635,0.26722835987773963,0.3039199354544347,0.25355124541460455,0.2802703941810249
2020-07-10,246.94,247.9,237.88,241.98,647641.58291,241.98,-0.02033080887330209,-0.02033080887330209,-0.26181136201132604,-0.1658644097978197,-0.08384089039229635,-0.0014434400727505732,0.005485551377433435,-0.049328113006163264,0.03317993988027045,-0.016148173125892812,-0.010662621748459377,-0.01210606182120995,-0.0959469522135063,-0.261811362011326,-0.24970530019011605,-0.2511487402628666,-0.24566318888543318,-0.29499130189159645,-0.261811362011326
2020-07-11,241.97,242.16,235.72,241.26,455025.12385,241.26,-0.002979887976094124,-0.002979887976094124,-0.07890337976702252,0.06259750980556818,-0.07903239763382955,-0.02701719005302731,-0.028895463076745447,-0.04622044107875051,0.039664602269762136,-0.006555838808988371,-0.03545130188573382,-0.062468491938761125,-0.14150088957259066,-0.07890337976702248,-0.01643488782826137,-0.04345207788128869,-0.07234754095803414,-0.11856798203678465,-0.07890337976702251
2020-07-12,241.27,241.67,237.54,239.19,294476.00626,239.19,-0.00861697495472381,-0.00861697495472381,-0.13832778790680653,-0.06934173433704943,0.009820357083402016,-0.020684921075035625,-0.06246500570579549,-0.041780077721568415,0.04612359384924044,0.004343516127672024,-0.058121489578123464,-0.07880641065315909,-0.06898605356975707,-0.1383277879068065,-0.059521377253647416,-0.08020629832868303,-0.14267130403447853,-0.18445138175604694,-0.1383277879068065
2020-07-13,239.19,244.0,236.52,242.79,469315.1172,242.79,0.014938656993206505,0.014938656993206505,0.10998831794200148,0.13552373980620394,0.05960532266739414,-0.008346405849582602,-0.09299949812758398,-0.03638597333064468,0.05259113277621466,0.01620515944556998,-0.076794338682014,-0.0851407445315966,-0.025535421864202462,0.10998831794200148,0.19512906247359807,0.18678265662401547,0.09378315849643148,0.057397185165786804,0.10998831794200147
2020-07-14,242.76,245.33,237.33,239.5,604093.04245,239.5,-0.01364345532475022,-0.01364345532475022,-0.1913153721231621,-0.13583166334151994,0.03908184180711562,-0.005817123828194592,-0.11709240916860326,-0.030768705980762333,0.05911268838880245,0.02834398240804012,-0.08874842676056315,-0.09456555058875774,-0.05548370878164211,-0.19131537212316205,-0.09674982153440431,-0.1025669453625989,-0.21965935453120217,-0.2504280605119645,-0.19131537212316202
2020-07-15,239.5,242.09,237.0,240.44,426320.89188,240.44,0.0039171613199912945,0.0039171613199912945,-0.006196842882892219,0.07963897225985195,0.020994125068588956,-0.017945688204701025,-0.13021525176479704,-0.024266857779704713,0.06559785753786963,0.04133099975816492,-0.08888425200663211,-0.10682994021133313,-0.08583581514274417,-0.006196842882892226,0.1006330973284409,0.08268740912373988,-0.04752784264105715,-0.07179470042076186,-0.006196842882892226
2020-07-16,240.45,241.45,236.83,238.61,368350.66518,238.61,-0.007640158237027679,-0.007640158237027679,-0.12803049153188883,0.020553151107360782,-0.02614085458786248,-0.04952041686544576,-0.1289767404684929,-0.01595374244836226,0.07200811173091382,0.05605436928255156,-0.07292237118594133,-0.12244278805138709,-0.14858364263924956,-0.12803049153188878,-0.005587703480501697,-0.05510812034594746,-0.18408486081444037,-0.20003860326280262,-0.1280304915318888
2020-07-17,238.59,239.39,230.02,233.57,587161.73894,233.57,-0.0213486018845483,-0.0213486018845483,-0.2725406176590396,-0.07814763256039253,-0.07214656895875803,-0.07841937635049437,-0.1163923335410432,-0.005672013340494221,0.0782373070921428,0.07256529375164858,-0.04382703978939462,-0.12224641613988899,-0.194392985098647,-0.27254061765903953,-0.15029420151915057,-0.22871357786964494,-0.34510591141068814,-0.35077792475118236,-0.2725406176590396
2020-07-18,233.58,234.84,231.65,232.67,325600.21444,232.67,-0.003860677410183567,-0.003860677410183567,-0.08818838654711372,0.001954097018680301,0.004680487404391312,-0.09286992166306629,-0.09282156872697919,0.006630794313418203,0.08423772510644194,0.09086851941986014,-0.0019530493071190508,-0.09482297097018534,-0.09014248356579403,-0.08818838654711374,0.006634584423071613,-0.08623533723999467,-0.17905690596697388,-0.17242611165355567,-0.08818838654711374
2020-07-19,232.66,236.8,232.32,235.67,341356.6182,235.67,0.012811380760802054,0.012811380760802054,0.08756323712637895,0.046599776119200284,0.07770984636477368,-0.08780221629952158,-0.05904319288164635,0.020136709153278982,0.0899623146702939,0.1100990238235729,0.05105583094192655,-0.03674638535759503,0.04096346100717865,0.08756323712637894,0.12430962248397397,0.03650740618445239,-0.022535786697193957,-0.002399077543914975,0.08756323712637892
2020-07-20,235.67,239.92,233.28,239.11,348803.52073,239.11,0.014491175694506546,0.014491175694506546,0.10527111002421075,0.09354223985939157,-0.04655551324299696,-0.04957008236282923,-0.02154472251337148,0.03403626056651437,0.09536292771750236,0.12939918828401673,0.10785446577064525,0.05828438340781602,0.011728870164819057,0.10527111002421063,0.04698672661639461,-0.002583355746434625,-0.024128078259806104,0.009908182306708264,0.10527111002421063
2020-07-21,239.12,239.72,234.05,236.01,396657.91938,236.01,-0.01304952008524958,-0.01304952008524958,-0.18505429255946412,-0.21685557051312587,-0.13736902629227182,0.00426458026125801,0.016723575909635156,0.047860748377888854,0.1003213996971515,0.14818214807504035,0.1649057239846755,0.16917030424593352,0.031801277953661694,-0.18505429255946418,-0.3542245968053977,-0.34996001654413966,-0.3332364406345045,-0.2853756922566157,-0.1850542925594642
2020-07-22,236.0,246.66,235.57,245.59,637462.08074,245.59,0.03978930182240497,0.03978930182240497,0.37195604461810833,0.04581388811513297,0.03812461981268955,0.06974089263612497,0.05212447191572636,0.06146382463847324,0.10468834749996107,0.1661521721384343,0.21827664405416067,0.2880175366902856,0.3261421565029752,0.37195604461810816,0.08393850792782252,0.1536794005639475,0.20580387247967386,0.2672676971181471,0.37195604461810816
2020-07-23,245.53,269.61,241.51,263.74,718417.68296,263.74,0.07130029054788732,0.07130029054788732,0.7041350338744325,0.16488777662383622,0.14199249887043225,0.1339398841884427,0.08102619656731543,0.07386283958909651,0.10842583803530928,0.1822886776244058,0.2633148741917212,0.3972547583801639,0.5392472572505962,0.7041350338744324,0.30688027549426844,0.44082015968271115,0.5218463562500266,0.5957091958391232,0.7041350338744324
2020-07-24,263.75,279.98,259.7,275.3,1068774.57879,275.3,0.04289764276900866,0.04289764276900866,0.4047232028593817,-0.02462523243372734,-0.019903676517116872,0.15262383636652277,0.10070787388354496,0.08445342626584298,0.11146697529431496,0.19592040156015794,0.2966282754437029,0.4492521118102257,0.4293484352931088,0.40472320285938146,-0.044528908950844215,0.10809492741567855,0.20880280129922352,0.29325622756506653,0.40472320285938146
2020-07-25,275.31,287.34,266.0,279.15,926033.06692,279.15,0.013887859607807657,0.013887859607807657,0.09891114050285926,-0.2945986246143756,-0.056388606684886065,0.12987840600678935,0.11298694984301698,0.09316900921315951,0.11386400673915503,0.20703301595231455,0.32001996579533154,0.4498983718021209,0.39350976511723484,0.09891114050285926,-0.3509872312992616,-0.22110882529247228,-0.1081218754494553,-0.014952866236295784,0.09891114050285925
2020-07-26,279.15,308.94,279.09,305.26,1058927.30554,305.26,0.08941460073060663,0.08941460073060663,0.8950904272450394,0.39304800844177473,0.11482351443384266,0.0531510064959441,0.11904694213357431,0.09937048584158312,0.11565046989832033,0.21502095573990343,0.33406789787347774,0.38721890436942186,0.5020424188032645,0.8950904272450393,0.5078715228756174,0.5610225293715615,0.6800694715051359,0.779439957346719,0.8950904272450393
2020-07-27,305.31,318.75,299.0,311.0,1270368.753,311.0,0.01862903969225816,0.01862903969225816,0.14889117832570845,-0.2542118125257227,0.12362390452369819,-0.05296682484755376,0.11300681228888625,0.10273180071413,0.11670729817227046,0.21943909888640045,0.3324459111752867,0.27947908632773294,0.40310299085143114,0.14889117832570842,-0.13058790800202452,-0.1835547328495783,-0.07054792056069205,0.032183880153437955,0.14889117832570842
2020-07-28,311.02,333.31,310.78,321.93,1636122.34727,321.93,0.034541218427911684,0.034541218427911684,0.31663239061591253,0.19663966889684892,-0.07763494780536627,-0.12491778448976742,0.10159254611285573,0.10386271351252646,0.117090194388815,0.22095290790134148,0.3225454540141972,0.19762766952442978,0.11999272171906351,0.3166323906159124,0.11900472109148265,-0.005913063398284776,0.09567948271457095,0.1995421962270974,0.3166323906159124
2020-07-29,321.95,326.8,305.86,316.77,1093231.55578,316.77,-0.0161581721206131,-0.0161581721206131,-0.21782473020116214,-0.15582095078217234,-0.22151881817134655,-0.14644765833920356,0.08572648118675893,0.10333795374423257,0.11689826216056882,0.2202362159048014,0.3059626970915603,0.15951503875235676,-0.062003779418989796,-0.21782473020116214,-0.3773397689535189,-0.5237874272927224,-0.43806094610596347,-0.33472299236173086,-0.21782473020116205
2020-07-30,316.77,325.0,312.38,317.71,792802.32148,317.71,0.002963058529013788,0.002963058529013788,-0.016254696145276474,-0.053565744229745846,-0.15774577330918557,-0.09000540764657085,0.06669821579983591,0.10214684785060653,0.1162171653897833,0.21836401324038984,0.28506222904022577,0.19505682139365493,0.03731104808446936,-0.016254696145276484,-0.2113115175389314,-0.30131692518550224,-0.2346187093856663,-0.1324718615350598,-0.016254696145276498
2020-07-31,317.76,342.0,314.05,334.87,1008827.56698,334.87,0.052603379793376634,0.052603379793376634,0.5070380474626236,0.16744093134366833,0.07326631173740794,0.006131708791545399,0.045709962186610914,0.09944298540904155,0.11504614799434927,0.21448913340339082,0.26019909559000176,0.26633080438154716,0.3395971161189551,0.5070380474626235,0.24070724308107627,0.24683895187262167,0.29254891405923256,0.3919918994682741,0.5070380474626234
2020-08-01,334.82,349.45,328.4,346.33,948088.44982,346.33,0.03364968093680153,0.03364968093680153,0.3072340811797634,-0.2667812227957022,0.25214952937398705,0.09086439574383814,0.023465645369929688,0.09421078906235983,0.11332494442535072,0.20753573348771054,0.23100137885764022,0.32186577460147836,0.5740153039754654,0.3072340811797632,-0.014631693421715164,0.07623270232212298,0.09969834769205267,0.19390913675441251,0.30723408117976325
2020-08-02,346.32,392.67,343.07,387.0,1440843.34203,387.0,0.11103261528405725,0.09936647749342571,1.0000000000000004,0.5419303155340118,0.1270254274238206,0.13342613919151602,0.0004350823998609417,0.08619435651739878,0.11098867893339194,0.19718303545079072,0.19761811785065167,0.33104425704216767,0.4580696844659883,1.0,0.6689557429578324,0.8023818821493485,0.8028169645492094,0.8890113210666082,1.0000000000000002
2020-08-03,387.01,415.85,325.0,372.42,2324909.09616,372.42,-0.03840244337616544,-0.03840244337616544,-0.45231688171012036,-0.5761540499200122,-0.14326027151587545,0.10939881964565315,-0.02586366273254077,0.07571043563568108,0.10785184717697398,0.18356228281265508,0.15769862008011432,0.2670974397257675,0.12383716820989205,-0.45231688171012013,-0.7194143214358877,-0.6100155017902346,-0.6358791645227754,-0.5601687288870942,-0.45231688171012024
2020-08-04,372.45,398.0,366.5,385.94,1191565.09389,385.94,0.035659667314593343,0.035659667314593343,0.3284227290260916,0.27991073432246555,-0.12855096591392107,0.054523033940412864,-0.045252773934514504,0.06373019093298116,0.10406250967866751,0.16779270061164867,0.12253992667713416,0.17706296061754703,0.048511994703625966,0.3284227290260915,0.15135976840854448,0.20588280234895734,0.16063002841444285,0.224360219347424,0.3284227290260915
2020-08-05,385.91,402.98,380.77,389.61,1180792.42379,389.61,0.009464321821898712,0.009464321821898712,0.05227958846044081,-0.11960269225176476,0.09393841890371538,-0.010623128630911012,-0.061597104811774515,0.05046501261003383,0.09969908264114191,0.15016409525117574,0.08856699043940122,0.07794386180849021,0.17188228071220557,0.05227958846044081,-0.025664273348049382,-0.036287401978960396,-0.0978845067907349,-0.04741949418070107,0.05227958846044084
2020-08-06,389.59,407.0,384.11,400.72,1124119.0672,400.72,0.028116690259252897,0.028116690259252897,0.24890702369373602,0.16685552569421136,0.0810076230999902,-0.05830170795120475,-0.07203962867314506,0.03656951648216609,0.09481569504171815,0.13138521152388424,0.05934558285073918,0.0010438748995344332,0.08205149799952463,0.248907023693736,0.24786314879420157,0.1895614408429968,0.11752181216985175,0.15409132865201783,0.24890702369373596
2020-08-07,400.72,403.66,390.51,394.77,821379.08397,394.77,-0.014959612219202561,-0.014959612219202561,-0.20518988652544634,-0.03802149073157245,-0.11473290709755782,-0.09158513304881442,-0.07225465954751885,0.021811026057472666,0.08959327784254452,0.11140430390001718,0.03914964435249833,-0.05243548869631609,-0.1671683957938739,-0.20518988652544637,-0.15275439782913028,-0.2443395308779447,-0.31659419042546355,-0.2947831643679909,-0.2051898865254464
2020-08-08,394.77,398.26,362.85,379.34,1041207.35946,379.34,-0.03987041627398264,-0.03987041627398264,-0.46779179294507817,-0.2933695256033246,-0.08691849604303946,-0.11556745883566566,-0.06339237360991337,0.007345721586937385,0.08411033955992754,0.09145606114686493,0.028063687536951556,-0.0875037712987141,-0.17442226734175356,-0.4677917929450781,-0.38028802164636405,-0.4958554804820297,-0.5592478540919431,-0.5519021325050057,-0.4677917929450782
2020-08-09,379.34,397.05,375.79,397.03,623029.78053,397.03,0.04557894402662082,0.04557894402662082,0.4329886422400587,0.40562648163636794,0.12427021091040073,-0.12229386392670781,-0.04722305717636256,-0.005793193503222117,0.07840206429958244,0.07260887079636032,0.025385813619997755,-0.09690805030671006,0.027362160603690677,0.4329886422400586,0.5298966925467686,0.4076028286200608,0.36037977144369826,0.35458657794047616,0.4329886422400586
2020-08-10,397.05,400.0,383.36,390.14,594900.58133,390.14,-0.01750619551601051,-0.01750619551601051,-0.2320351712913484,-0.2653067683964655,0.1211072082588539,-0.11549632885363924,-0.026844544901683372,-0.01800901457292303,0.07251427717450891,0.05450526260158588,0.027660717699902505,-0.08783561115373673,0.03327159710511718,-0.23203517129134832,-0.1441995601376116,-0.25969588899125085,-0.2865404338929342,-0.30454944846585724,-0.23203517129134832
2020-08-11,390.14,399.18,385.13,395.44,826969.90633,395.44,0.013493419931917243,0.013493419931917243,0.09475308078593542,0.26613226360263903,-0.15396706365484614,-0.0553119138008881,0.0002097651801678367,-0.02887531036545902,0.06656533982432175,0.03769002945886273,0.03789979463903057,-0.01741211916185753,-0.17137918281670367,0.09475308078593536,0.11216519994779289,0.05685328614690479,0.05706305132707263,0.02818774096161361,0.09475308078593536
2020-08-12,395.43,398.21,367.0,379.0,992412.6023,379.0,-0.04246286391627746,-0.04246286391627746,-0.4951205652987375,-0.30175096664392614,-0.27391621774462355,0.03438649572364513,0.023717035947416403,-0.03808388008083231,0.06052696749958307,0.022443087418750764,0.04616012336616716,0.0805466190898123,-0.19336959865481124,-0.4951205652987374,-0.5756671843885497,-0.5412806886649045,-0.5175636527174882,-0.5556475327983205,-0.4951205652987374
2020-08-13,378.99,389.23,365.85,387.18,751848.7983,387.18,0.021353496093377,0.021353496093377,0.1776115457340696,-0.044814427713663424,0.04275830468010223,0.12672203606441623,0.044370679636659825,-0.04583995227038927,0.05441490533694391,0.00857495306655464,0.052945632703214465,0.17966766876763068,0.2224259734477329,0.17761154573406948,-0.0020561230335611955,0.12466591303085503,0.16903659266751486,0.12319664039712559,0.1776115457340695
2020-08-14,387.18,431.49,376.59,424.54,1511330.7732,424.54,0.09211652864049456,0.09211652864049456,0.9235733063437906,0.33437073077720814,0.34041431549166473,0.19614706557809497,0.056929409876148085,-0.052401257231443954,0.04811304185211843,-0.004288215379325527,0.05264119449682256,0.24878826007491753,0.5892025755665823,0.9235733063437904,0.6747850462688729,0.870932111846968,0.9278615217231161,0.8754602644916721,0.9235733063437905
2020-08-15,424.54,444.71,417.05,438.11,1109670.94324,438.11,0.03146379058189895,0.03146379058189895,0.2841911086141486,-0.08389569515453409,0.1453091531342961,0.18756446781430844,0.052212141554786255,-0.058528671051779904,0.04152971231707179,-0.016998958734708115,0.03521318282007814,0.2227776506343866,0.3680868037686827,0.2841911086141486,0.06141345797976201,0.24897792579407046,0.3011900673488567,0.24266139629707684,0.28419110861414865
2020-08-16,438.12,442.94,427.02,432.32,681698.5971,432.32,-0.013303965626362815,-0.013303965626362815,-0.1877365778855168,-0.17218289981425683,-0.13947193364905267,0.11857499040860538,0.03385756769057495,-0.06324874951839755,0.034734446997009956,-0.028514302521387598,0.0053432651691873514,0.12391825557779274,-0.01555367807125993,-0.18773657788551676,-0.31165483346330947,-0.1930798430547041,-0.15922227536412914,-0.22247102488252668,-0.18773657788551673
2020-08-17,432.3,436.99,412.47,433.62,716666.25258,433.62,0.0030025197511106315,0.0030025197511106315,-0.01583870828195854,0.0928294778552519,-0.096993687854904,0.01902890896001274,0.00733794861399261,-0.06587219455839999,0.027830838702088218,-0.03804135585631177,-0.03070340724231916,-0.01167449828230642,-0.10866818613721042,-0.01583870828195852,-0.004164209999652099,0.01486469896036064,0.02220264757435325,-0.043669546984046737,-0.01583870828195852
2020-08-18,433.61,446.0,420.37,430.89,868870.64996,430.89,-0.0063157374111036686,-0.0063157374111036686,-0.11406886134826695,0.03712047195693601,-0.007812121667857301,-0.07567288149211603,-0.022395637400050065,-0.06625733647814863,0.020948643732969074,-0.045308692745179555,-0.06770433014522961,-0.14337721163734563,-0.15118933330520293,-0.11406886134826691,0.02930835028907871,-0.04636453120303732,-0.06876016860308738,-0.135017505081236,-0.11406886134826692
2020-08-19,430.89,433.81,415.0,421.95,743254.57018,421.95,-0.020966013507865502,-0.020966013507865502,-0.2685074906323101,-0.015494649593538324,-0.02120538332353364,-0.12687445456296997,-0.05372258603784283,-0.06526354312243417,0.01405312600800891,-0.051210417114425255,-0.10493300315226808,-0.23180745771523806,-0.2530128410387717,-0.26850749063231,-0.03670003291707196,-0.16357448748004194,-0.21729707351788477,-0.28256061664031895,-0.26850749063231005
2020-08-20,421.92,426.75,393.25,407.46,978339.69221,407.46,-0.034944055250220575,-0.034944055250220575,-0.4158596355684459,-0.17598929904351435,0.019220874398442923,-0.12459561954668674,-0.07811632759844565,-0.06356198951052448,0.0071827257322825255,-0.056379263778241956,-0.1344955913766876,-0.25909121092337434,-0.23987033652493142,-0.41585963556844574,-0.15676842464507143,-0.2813640441917582,-0.35948037179020387,-0.42304236130072836,-0.41585963556844585
2020-08-21,407.46,418.98,402.07,415.94,663555.73445,415.94,0.02059825073601981,0.02059825073601981,0.16964998535165723,0.4126880201620917,-0.00103929972380289,-0.08635195484511257,-0.09548427114423087,-0.0605084993657585,0.00034599026847039355,-0.060162509097288104,-0.15564678024151898,-0.24199873508663156,-0.24303803481043446,0.16964998535165726,0.4116487204382888,0.3252967655931762,0.22981249444894536,0.16930399508318686,0.16964998535165726
2020-08-22,415.94,418.68,385.1,387.97,860998.7256,387.97,-0.06961300204344363,-0.06961300204344363,-0.7813288312411638,-0.47593338685893305,-0.10385687554327402,-0.03787286753630239,-0.10070780236123275,-0.05656329811428259,-0.006394600827138834,-0.06295789894142143,-0.16366570130265418,-0.20153856883895657,-0.3053954443822306,-0.7813288312411637,-0.5797902624022071,-0.6176631299385095,-0.7183709322997422,-0.7749342304140249,-0.7813288312411637
2020-08-23,387.93,397.04,379.92,395.24,643235.76543,395.24,0.018565158280430833,0.018565158280430833,0.14821776045875626,0.30627994623441557,-0.004697486785940287,-0.004205177578223295,-0.08544734953563289,-0.05086523569984929,-0.01284693617601357,-0.06371217187586287,-0.14915952141149574,-0.15336469898971905,-0.15806218577565934,0.14821776045875623,0.3015824594484753,0.297377281870252,0.2119299323346191,0.1610646966347698,0.14821776045875623
2020-08-24,395.23,396.95,383.15,390.71,445317.81989,390.71,-0.01152757850754229,-0.01152757850754229,-0.1690104603777989,-0.2326053671787015,0.19057339495109404,-0.009455620735892732,-0.05417686443936935,-0.04436408511276649,-0.018981917862162793,-0.06334600297492929,-0.11752286741429864,-0.12697848815019136,0.06359490680090268,-0.16901046037779882,-0.04203197222760746,-0.051487592963500195,-0.10566445740286955,-0.15002854251563602,-0.16901046037779882
2020-08-25,390.72,410.42,387.44,407.68,717403.81877,407.68,0.04251695612452415,0.04251695612452415,0.40071012329879063,0.41885889500805673,0.10053748641413177,-0.04206290774217462,-0.01348436044282721,-0.038450578647422275,-0.024688411290973794,-0.06313898993839606,-0.07662335038122327,-0.11868625812339789,-0.018148771709266126,0.40071012329879063,0.5193963814221885,0.47733347368001383,0.46384911323718664,0.42539853458976434,0.4007101232987905
2020-08-26,407.68,409.06,370.0,382.93,970445.38395,382.93,-0.06263034809115628,-0.06263034809115628,-0.7077198768410196,-0.46224766723661204,-0.12960648474285696,-0.08398259320049518,0.030376232801451297,-0.03225691070725776,-0.030002453755248838,-0.0622593644625066,-0.0318831316610553,-0.11586572486155049,-0.24547220960440747,-0.7077198768410196,-0.591854151979469,-0.6758367451799642,-0.6454605123785129,-0.6777174230857707,-0.7077198768410194
2020-08-27,382.91,392.91,377.37,385.81,738690.7794,385.81,0.007492815449008584,0.007492815449008584,0.03149658479259827,0.24390766408590078,-0.13995800758135923,-0.08000979734984502,0.06818261614118504,-0.025695642445688678,-0.03493024805759462,-0.0606258905032833,0.007556725637901739,-0.07245307171194329,-0.21241107929330252,0.03149658479259826,0.10394965650454155,0.023939859154696527,0.09212247529588156,0.06642683285019288,0.03149658479259826
2020-08-28,385.81,397.1,371.48,383.27,877763.73658,383.27,-0.006605318653611077,-0.006605318653611077,-0.11712153625103547,-0.10910343953695743,-0.03576141342516035,-0.006434703309125076,0.09263769234618639,-0.01903769613319487,-0.03942197619278411,-0.058459672325978984,0.03417802002020741,0.027743316711082332,-0.008018096714078018,-0.11712153625103545,-0.1448648529621178,-0.15129955627124286,-0.05866186392505647,-0.07769956005825135,-0.11712153625103547
2020-08-29,383.31,398.0,379.75,395.11,732601.46905,395.11,0.030424505497155314,0.030424505497155314,0.27323529024847054,0.13657296752810535,-0.020131277837447552,0.1074315315301878,0.10535994526565637,-0.012444269515375512,-0.04355360672265599,-0.055997876238031506,0.04936206902762486,0.15679360055781266,0.1366623227203651,0.2732352902484705,0.1164416896906578,0.22387322122084558,0.3292331664865019,0.3167888969711264,0.2732352902484704
2020-08-30,395.1,405.69,391.88,398.65,659802.63344,398.65,0.008919631803364098,0.008919631803364098,0.04653763661655855,-0.2276729404294681,-0.022495947627904588,0.24727460484894032,0.10317865854824113,-0.006357105045381144,-0.047389633677869095,-0.05374673872325024,0.049431919824990886,0.2967065246739312,0.27421057704602664,0.04653763661655855,-0.2501688880573727,-0.00289428320843238,0.10028437533980875,0.0939272702944276,0.046537636616558506
2020-08-31,398.65,429.89,398.3,428.94,894979.71788,428.94,0.07323321005831106,0.07323321005831106,0.724511266904758,0.29817789888616825,0.1002445370914966,0.2934051125843705,0.08425715415814236,-0.0005254413644807538,-0.05104799445093914,-0.05157343581541989,0.03268371834272247,0.326088830927093,0.4263333680185896,0.7245112669047579,0.39842243597766486,0.6918275485620353,0.7760847027201777,0.775559261355697,0.7245112669047579
2020-09-01,428.94,439.0,418.04,433.79,1040748.68881,433.79,0.011243497022514051,0.011243497022514051,0.07103509705457092,-0.44917437215087763,0.3018482417783078,0.21717068469625903,0.05145380059778021,0.004300540679353247,-0.054563798546251784,-0.05026325786689854,0.0011905427308816705,0.2183612274271407,0.5202094692054485,0.0710350970545709,-0.1473261303725698,0.06984455432368922,0.12129835492146943,0.12559889560082269,0.0710350970545709
2020-09-02,433.8,488.84,429.03,475.4,1751354.57719,475.4,0.09159600889676413,0.09159600889676413,0.9180861499785411,0.6885051299788698,0.19720257100179747,0.0740851808376086,0.008083172543886125,0.008104674262445655,-0.057894578646066674,-0.04978990438362102,-0.0417067318397349,0.0323784489978737,0.22958101999967118,0.918086149978541,0.8857077009806673,0.9597928818182759,0.9678760543621621,0.9759807286246077,0.9180861499785411
2020-09-03,475.4,481.39,420.0,439.5,1880642.46853,439.5,-0.07851883780086184,-0.07851883780086184,-0.8752113668275405,-0.42317643600446114,-0.2193694537483795,-0.14411968616058504,-0.03866574237915724,0.011069709779052422,-0.0609497583140098,-0.04988004853495737,-0.08854579091411462,-0.23266547707469964,-0.4520349308230791,-0.8752113668275403,-0.6425458897528407,-0.7866655759134257,-0.8253313182925829,-0.8142616085135305,-0.8752113668275403
2020-09-04,439.5,450.7,372.0,381.4,2408569.34151,381.4,-0.14178902395891302,-0.09035647154696086,-1.0,-0.2525647299790794,-0.34577212567050475,-0.278822517549032,-0.07355670480336711,0.014164399329791135,-0.06344832132780771,-0.04928392199801658,-0.12284062680138369,-0.40166314435041567,-0.7474352700209204,-0.9999999999999998,-0.5983368556495842,-0.8771593731986161,-0.9507160780019832,-0.936551678672192,-0.9999999999999998
2020-09-05,381.35,400.21,357.0,385.26,1806488.22474,385.26,0.01006973786769345,0.01006973786769345,0.058661695093896765,0.6197738063018372,-0.12751039106199447,-0.2953280833666891,-0.09049339636761469,0.01767199465485353,-0.0654522350664957,-0.047780240411642166,-0.13827363677925686,-0.43360172014594595,-0.5611121112079405,0.05866169509389674,0.49226341523984274,0.19693533187315365,0.10644193550553896,0.12411393016039249,0.05866169509389679
2020-09-06,385.3,395.0,308.42,335.01,2777166.51389,335.01,-0.13975804890820162,-0.09035647154696086,-1.0,-0.7008301548200502,0.09437695212227265,-0.25470584843419986,-0.09210662314535835,0.020304132445660057,-0.06703845816832427,-0.04673432572266421,-0.13884094886802256,-0.3935467973022224,-0.29916984517994977,-1.0,-0.6064532026977776,-0.8611590511319774,-0.9532656742773358,-0.9329615418316757,-1.0
2020-09-07,335.04,360.0,316.1,352.8,2017811.14721,352.8,0.05174094200682596,0.05174094200682596,0.4979464980120921,0.5171012427824841,0.20671329742079245,-0.10156325622685204,-0.07825754897670552,0.022133953417092195,-0.06818119040471915,-0.04604723698762696,-0.12430478596433248,-0.2258680421911845,-0.019154744770392057,0.4979464980120921,0.7238145402032766,0.6222512839764246,0.543993734999719,0.5661276884168113,0.4979464980120921
2020-09-08,352.85,358.51,323.0,353.59,1740618.42462,353.59,0.0022367256879634143,0.0022367256879634143,-0.023911469822094644,0.016408616842799626,0.029004744337074978,0.03166310195125748,-0.054105709288817076,0.02213696246093356,-0.06901918612534326,-0.0468822236644097,-0.10098793295322678,-0.06932483100196929,-0.04032008666489431,-0.023911469822094685,0.0454133611798746,0.07707646313113209,0.022970753842315013,0.04510771630324857,-0.02391146982209469
2020-09-09,353.59,356.58,325.38,337.39,1400246.82962,337.39,-0.04689851855933938,-0.04689851855933938,-0.541879849460167,-0.39451054137294156,-0.196092132732657,0.11922039434187609,-0.02175182581199272,0.020825530749056114,-0.06957127463350783,-0.048745743884451714,-0.07049756969644444,0.04872282464543165,-0.14736930808722534,-0.5418798494601669,-0.5906026741055985,-0.47138227976372243,-0.49313410557571513,-0.472308574826659,-0.5418798494601669
2020-09-10,337.41,359.0,330.51,350.85,879760.56255,350.85,0.03911925043703737,0.03911925043703737,0.3648925724471696,0.23359802291146806,-0.032721066657893504,0.19571285096345706,0.018240691432088726,0.01987551431310248,-0.0698134405150534,-0.049937926201950915,-0.03169723476986219,0.16401561619359487,0.13129454953570135,0.36489257244716944,0.20087695625357455,0.39658980721703163,0.41483049864912036,0.43470601296222283,0.36489257244716944
2020-09-11,350.85,377.25,349.91,367.93,1134287.61137,367.93,0.047533920985706406,0.047533920985706406,0.453597397996532,0.07105379004057513,0.21046425336167154,0.1634921605179198,0.06022556501929938,0.01820615940485306,-0.06984453034778702,-0.05163837094293396,0.00858719407636542,0.1720793545942852,0.38254360795595677,0.45359739799653187,0.2815180434022467,0.44501020392016644,0.5052357689394659,0.5234419283443189,0.45359739799653187
2020-09-12,367.93,375.27,355.49,373.63,844017.59966,373.63,0.015373300232695442,0.015373300232695442,0.11457019105421432,-0.17607822154678532,0.15434459158062294,0.10145773917614483,0.08938538303722718,0.01525397560930293,-0.06979327680229831,-0.05453930119299538,0.0348460818442318,0.13630382102037664,0.2906484126009996,0.11457019105421429,-0.021733629966162377,0.07972410920998245,0.16910949224720961,0.18436346785651253,0.11457019105421422
2020-09-13,373.62,388.57,364.73,387.78,766542.31635,387.78,0.037172165586159454,0.037172165586159454,0.34436701282745863,0.31960782189776804,-0.0372886605259491,0.019243493276815026,0.10101962479755568,0.011475381736918592,-0.06969064835564963,-0.05821526661873104,0.042804358178824636,0.062047851455639666,0.024759190929690568,0.34436701282745863,0.28231916137181895,0.30156265464863397,0.40258227944618963,0.4140576611831082,0.3443670128274586
2020-09-14,387.78,390.43,350.0,366.42,989195.69047,366.42,-0.05665795203976063,-0.05665795203976063,-0.6447607453115566,-0.47757526993835864,-0.13107604259763764,-0.06918510158783292,0.09545494206758479,0.007161814246985465,-0.06954108750229752,-0.06237927325531206,0.033075668812272724,-0.036109432775560196,-0.16718547537319783,-0.6447607453115565,-0.6086513125359962,-0.6778364141238291,-0.5823814720562444,-0.5752196578092589,-0.6447607453115564
2020-09-15,366.43,384.64,355.73,377.12,1042059.62265,377.12,0.02878322272472259,0.02878322272472259,0.25593340051152214,0.4504380190677799,-0.14440720579640692,-0.05879428984763052,0.07469876610086518,0.0032018137075723687,-0.06920370272065793,-0.06600188901308555,0.008696877087779623,-0.0500974127598509,-0.19450461855625784,0.2559334005115221,0.306030813271373,0.24723652342374247,0.32193528952460765,0.32513710323218004,0.25593340051152214
2020-09-16,377.12,382.47,362.34,364.06,883856.33005,364.06,-0.0352447499700682,-0.0352447499700682,-0.41902946527400897,-0.2716327430960617,-0.11592716853140685,-0.009716592515198548,0.04719633360631943,-0.0003340783773647065,-0.06861521636029648,-0.06894929473766119,-0.021752961131341758,-0.031469553646540305,-0.14739672217794714,-0.41902946527400886,-0.38755991162746856,-0.39727650414266713,-0.3500801705363477,-0.3504142489137124,-0.4190294652740089
2020-09-17,364.05,373.45,355.0,365.11,841709.98939,365.11,0.0028799888249770216,0.0028799888249770216,-0.017130390988277074,-0.08890982805658516,0.0539156256638808,0.0725524193248479,0.016316541346124452,-0.0032436863764194294,-0.06776146289012565,-0.07100514926654508,-0.05468860792042063,0.017863811404427277,0.07177943706830808,-0.01713039098827708,-0.034994202392704364,0.03755821693214354,0.053874758278267994,0.05063107190184857,-0.01713039098827708
2020-09-18,365.04,394.14,363.3,389.36,1256300.411,389.36,0.06430568748246898,0.06430568748246898,0.6304001156603013,0.36559627405387907,0.23240938981864406,0.12061301045480317,-0.015452546015805937,-0.006050396617676548,-0.06671561603354263,-0.07276601265121918,-0.08821855866702512,0.032394451787778056,0.2648038416064221,0.6304001156603012,0.5980056638725231,0.7186186743273263,0.7031661283115204,0.6971157316938438,0.6304001156603012
2020-09-19,389.35,392.58,375.33,384.39,804194.47219,384.39,-0.01284670333560439,-0.01284670333560439,-0.18291626180808657,-0.30503771947034897,0.18766635932475467,0.05615474949893167,-0.047083179937494876,-0.00899209660019731,-0.06562437462373166,-0.07461647122392898,-0.12169965116142385,-0.06554490166249219,0.12212145766226248,-0.18291626180808648,-0.1173713601455943,-0.061216610646662624,-0.10829979058415751,-0.11729188718435482,-0.18291626180808648
2020-09-20,384.4,388.72,377.0,385.25,570908.33553,385.25,0.002234812010630659,0.002234812010630659,-0.023931643210105262,0.1659488134707666,0.0034838231057871894,-0.046639096435172514,-0.06991119220923023,-0.012385080825188724,-0.06442891031706761,-0.07681399114225634,-0.14672518335148657,-0.1933642797866591,-0.18988045668087192,-0.023931643210105324,0.16943263657655377,0.12279354014138126,0.05288234793215103,0.04049726710696231,-0.023931643210105304
2020-09-21,385.25,385.45,365.0,371.04,693164.40144,371.04,-0.0375826006930036,-0.0375826006930036,-0.4436743565194823,0.049065371996200695,-0.15649901820497175,-0.17633556498472203,-0.08039788746485448,-0.01644921380615365,-0.06305804405498094,-0.07950725786113459,-0.15990514532598907,-0.3362407103107111,-0.4927397285156829,-0.44367435651948217,-0.10743364620877105,-0.2837692111934931,-0.36416709865834757,-0.3806163124645012,-0.44367435651948217
2020-09-22,371.04,376.8,331.0,340.36,1283946.03098,340.36,-0.08630599252586497,-0.08630599252586497,-0.9573011167960113,-0.3532500252014635,-0.21891279206979938,-0.22790689115847954,-0.07587293668875618,-0.019949546374070752,-0.06140892530344179,-0.08135847167751253,-0.1572314083662687,-0.3851382995247482,-0.6040510915945476,-0.957301116796011,-0.5721628172712628,-0.8000697084297423,-0.8759426451184985,-0.8958921914925693,-0.957301116796011
2020-09-23,340.31,346.91,335.34,344.21,842731.12878,344.21,0.01124805525029054,0.01124805525029054,0.07108314846637476,0.5282461763170337,-0.15524687168227863,-0.16164254425862273,-0.0583136220227211,-0.0224489649967255,-0.05951102489031101,-0.08195998988703651,-0.14027361190975762,-0.30191615616838036,-0.457163027850659,0.07108314846637476,0.3729993046347551,0.21135676037613238,0.15304313835341127,0.13059417335668577,0.07108314846637476
2020-09-24,344.18,344.65,313.29,320.72,940904.49756,320.72,-0.07068346789739553,-0.07068346789739553,-0.7926133475252115,-0.6667093336886966,0.04154776161655637,-0.05026448139506572,-0.036394006707150484,-0.02331705631450993,-0.057476231036344874,-0.08079328735085481,-0.11718729405800529,-0.16745177545307102,-0.12590401383651464,-0.7926133475252112,-0.6251615720721402,-0.6754260534672059,-0.7118200601743563,-0.7351371164888663,-0.7926133475252112
2020-09-25,320.72,353.1,316.67,348.97,1071705.09721,348.97,0.08441749028802611,0.08441749028802611,0.8424124516194679,0.6044340897795815,0.23403370325044953,0.09671934468821625,-0.014890818709271256,-0.022524214282587007,-0.05535965310692129,-0.0778838673895083,-0.09277468609877955,0.0039446585894366976,0.23797836183988624,0.8424124516194678,0.838467793030031,0.9351871377182472,0.920296319008976,0.897772104726389,0.8424124516194678
2020-09-26,348.97,358.0,337.58,351.92,860643.77924,351.92,0.00841791841818661,0.00841791841818661,0.04124873100218622,-0.22228114075702138,0.1643900353264145,0.17344168557244516,0.0006553572493614837,-0.021601113745779308,-0.053356092643234244,-0.07495720638901356,-0.07430184913965207,0.09913983643279309,0.2635298717592076,0.041248731002186234,-0.05789110543060688,0.11555058014183828,0.11620593739119976,0.09460482364542046,0.04124873100218621
2020-09-27,351.93,356.4,345.88,353.92,530879.20755,353.92,0.005667021853450953,0.005667021853450953,0.012249639657152665,-0.0427479208953665,-0.05661932194175512,0.16951213996358364,0.013326911133370702,-0.019831863780971043,-0.05139030482170902,-0.07122216860268006,-0.05789525746930936,0.11161688249427427,0.054997560552519156,0.012249639657152658,-0.09936724283712162,0.07014489712646202,0.08347180825983272,0.06363994447886168,0.012249639657152658
2020-09-28,353.95,362.14,347.24,357.49,569568.55041,357.49,0.01003649082095064,0.01003649082095064,0.05831121512390923,0.09336660832325731,-0.11575630651151327,0.12533996549760207,0.0213999983087927,-0.016563617469723214,-0.04947543302450644,-0.06603905049422965,-0.04463905218543694,0.08070091331216513,-0.03505539319934814,0.058311215123909174,-0.022389698188255952,0.10295026730934612,0.12435026561813882,0.1077866481484156,0.05831121512390916
2020-09-29,357.58,368.2,351.7,353.96,757758.4304,353.96,-0.0099234773157165,-0.0099234773157165,-0.15210052723645476,-0.13417734186360444,-0.01964561174744952,0.0384516412450384,0.023474729076571044,-0.012585826400415428,-0.047618117546594785,-0.060203943947010216,-0.036729214870439175,0.0017224263745992258,-0.017923185372850294,-0.15210052723645473,-0.15382295361105397,-0.11537131236601557,-0.09189658328944453,-0.10448240968985996,-0.15210052723645473
2020-09-30,353.91,360.63,350.45,359.79,585143.16892,359.79,0.01633661551259001,0.01633661551259001,0.12472515949389956,0.11022738650434387,0.07087546044085691,-0.01941493654405899,0.016966705362938095,-0.008207672524596019,-0.0457217837455843,-0.053929456270180316,-0.03696275090724222,-0.056377687451301214,0.014497772989555693,0.12472515949389956,0.1811028469452008,0.1616879104011418,0.1786546157640799,0.1704469432394839,0.12472515949389959
2020-10-01,359.78,361.5,351.56,359.83,498943.23226,359.83,0.00011116978416697862,0.00011116978416697862,-0.046318415471500146,0.013867533297815446,0.0363977188278928,-0.05173665349006338,0.0030940455807112726,-0.0041620413555598515,-0.043779018332296395,-0.047941059687856245,-0.04484701410714497,-0.09658366759720835,-0.06018594876931555,-0.046318415471500105,0.050265252125708246,-0.0014714013643551335,0.001622644216356139,-0.0025393971392037125,-0.046318415471500105
2020-10-02,359.83,370.45,345.51,352.85,758349.31959,352.85,-0.019588660249067243,-0.019588660249067243,-0.25398786329397416,-0.03923683895002272,-0.09516128411044332,-0.06717760232533819,-0.01014970214200624,-0.0005677972210553958,-0.04169463854510821,-0.042262435766163606,-0.05241213790816984,-0.11958974023350803,-0.21475102434395135,-0.25398786329397405,-0.13439812306046606,-0.20157572538580426,-0.2117254275278105,-0.21229322474886592,-0.2539878632939741
2020-10-03,352.83,354.55,334.24,345.6,733571.84211,345.6,-0.020761000516938747,-0.020761000516938747,-0.266346307792135,-0.04780335353467069,-0.10320964501708224,-0.06041014652468781,-0.018444929545876006,0.002931766486375848,-0.039409999656194,-0.03647823316981816,-0.05492316271569417,-0.11533330924038199,-0.21854295425746423,-0.2663463077921349,-0.15101299855175293,-0.21142314507644075,-0.22986807462231676,-0.2269363081359409,-0.2663463077921349
2020-10-04,345.6,351.0,343.7,345.95,303595.71901,345.95,0.001012219014919437,0.001012219014919437,-0.036819836250484024,0.0001957865949531632,0.07399912403839094,-0.06324842170994079,-0.01775391213216336,0.006865848103864142,-0.0368782611455881,-0.03001241304172396,-0.04776632517388732,-0.1110147468838281,-0.03701562284543716,-0.036819836250483996,0.0741949106333441,0.010946488923403316,-0.006807423208760044,5.842489510409811e-05,-0.036819836250484
2020-10-05,345.94,354.45,343.81,352.37,343932.91712,352.37,0.01838750395991022,0.01838750395991022,0.1463449841665978,0.07776606021988657,0.16791336863679968,-0.06465277155120482,-0.011682598372383632,0.011138396732053323,-0.0341374714985533,-0.022999074766499976,-0.03468167313888361,-0.09933444469008842,0.06857892394671125,0.1463449841665978,0.24567942885668625,0.18102665730548145,0.1693440589330978,0.18048245566515114,0.14634498416659786
2020-10-06,352.34,356.1,348.54,353.62,376740.30692,353.62,0.0035411303452131263,0.0035411303452131263,-0.010160843829326194,0.07614253394932398,-0.006794261094861614,-0.06114477614378571,-0.002316065896650088,0.015302852294149079,-0.03135112693750183,-0.016048274643352754,-0.01836434054000284,-0.07950911668378854,-0.08630337777865016,-0.01016084382932618,0.06934827285446236,0.008203496710676654,0.005887430814026566,0.021190283108175646,-0.010160843829326187
2020-10-07,353.63,355.1,336.8,340.75,640063.26951,340.75,-0.03707381967330129,-0.03707381967330129,-0.4383109461120887,-0.1998395104009907,-0.1976635214223844,-0.0394527293787738,0.0073625717301057485,0.0197824363304637,-0.02850019297050917,-0.008717756640045472,-0.0013551849099397231,-0.040807914288713526,-0.2384714357110979,-0.43831094611208865,-0.3975030318233751,-0.4369557612021489,-0.42959318947204317,-0.40981075314157944,-0.4383109461120886
2020-10-08,340.8,342.85,332.18,341.58,541928.86376,341.58,0.00243284161440357,0.00243284161440357,-0.021844077053511775,0.053491145439593296,-0.10169732787777525,0.010019095085423143,0.017855220310863073,0.02413266880454283,-0.025644878816158893,-0.0015122100116160622,0.01634301029924701,0.026362105384670154,-0.07533522249310509,-0.021844077053511796,-0.04820618243818195,-0.0381870873527588,-0.02033186704189573,0.003800801762647101,-0.021844077053511792
2020-10-09,341.58,353.32,334.21,350.95,631794.8756,350.95,0.027061850985385043,0.027061850985385043,0.2377872379303036,0.02326939431346609,0.11240048582099724,0.06844675553678498,0.02915235515709881,0.027359357414091345,-0.022841110312134937,0.004518247101956408,0.033670602259055216,0.10211735779584019,0.21451784361683743,0.2377872379303035,0.13566988013446332,0.2041166356712483,0.23326899082834712,0.26062834824243847,0.23778723793030354
2020-10-10,350.94,368.33,347.32,365.02,650478.19338,365.02,0.03930838342544397,0.03930838342544397,0.36688635326665636,0.08109864441521694,0.11802751345548598,0.12384766358185627,0.03478203570015403,0.029191999832245474,-0.020061503718302415,0.009130496113943058,0.043912531814097086,0.16776019539595335,0.28578770885143934,0.3668863532666563,0.19912615787070292,0.3229738214525592,0.35775585715271324,0.3869478569849587,0.3668863532666563
2020-10-11,365.01,378.4,364.71,370.52,591005.32129,370.52,0.014955277783952257,0.014955277783952257,0.11016352912051014,-0.0705951597654898,-0.001773341698706211,0.13731241552471127,0.03351016694942501,0.029052772870107983,-0.017343324759538165,0.011709448110569818,0.04521961505999483,0.1825320305847061,0.18075868888599989,0.11016352912051008,-0.07236850146419602,0.06494391406051525,0.09845408100994027,0.12750685388004826,0.1101635291205101
2020-10-12,370.51,377.6,368.87,374.16,373318.23779,374.16,0.009776089031804207,0.009776089031804207,0.05556614089368524,-0.08221616749270991,-0.0037140755774434193,0.10184932260163111,0.026580393759827618,0.02775860142417683,-0.014691933821797029,0.013066667602379801,0.03964706136220742,0.14149638396383854,0.13778230838639513,0.05556614089368522,-0.08593024307015333,0.01591907953147778,0.0424994732913054,0.07025807471548223,0.0555661408936852
2020-10-13,374.17,394.8,365.58,386.51,844422.65444,386.51,0.03247422749635573,0.03247422749635573,0.29484281858985306,0.1964756758873332,0.03251453092904938,0.03720939006596497,0.015262966738370775,0.025464020375529417,-0.012083765406394728,0.013380254969134689,0.028643221707505464,0.06585261177347043,0.09836714270251981,0.294842818589853,0.22899020681638257,0.26619959688234757,0.28146256362071836,0.3069265839962478,0.29484281858985306
2020-10-14,386.51,387.75,374.51,381.04,645141.91394,381.04,-0.01425338442138165,-0.01425338442138165,-0.19774505392724995,-0.1589041257271778,-0.006683946967426624,-0.04690830545231511,0.002492906910475661,0.021745457823918155,-0.009487040514724146,0.01225841730919401,0.014751324219669671,-0.032156981232645446,-0.03884092820007207,-0.19774505392724986,-0.16558807269460443,-0.21249637814691955,-0.2100034712364439,-0.18825801341252574,-0.1977450539272499
2020-10-15,381.05,387.41,373.13,378.69,569557.82936,378.69,-0.006186428059725072,-0.006186428059725072,-0.11270572260271572,0.023635996163189035,-0.03302129690568888,-0.10956861795595904,-0.0045065108668503944,0.017603234625818902,-0.0068485276632252986,0.010754706962593605,0.00624819609574321,-0.10332042186021582,-0.1363417187659047,-0.11270572260271566,-0.009385300742499842,-0.11895391869845888,-0.12346042956530927,-0.10585719493949036,-0.11270572260271566
2020-10-16,378.69,381.79,369.85,377.64,634038.09453,377.64,-0.0027765675685641512,-0.0027765675685641512,-0.07676003961172384,0.11992347555070729,-0.0639680315106444,-0.13613823558953758,-0.005744245552248275,0.013275070372290868,-0.004108072882291706,0.009166997489999162,0.0034227519377508873,-0.1327154836517867,-0.1966835151624311,-0.07676003961172381,0.05595544404006289,-0.08018279154947469,-0.08592703710172296,-0.0726519667294321,-0.0767600396117238
2020-10-17,377.63,379.83,361.18,365.5,654029.36404,365.5,-0.03267508167448254,-0.03267508167448254,-0.39194082566996563,-0.19044082206287233,-0.07368179696602066,-0.13137693947084003,-0.004145626312770131,0.00898688591188734,-0.0012825267693497636,0.007704359142537576,0.003558732829767445,-0.12781820664107257,-0.20150000360709325,-0.3919408256699656,-0.264122619028893,-0.39549955849973306,-0.3996451848125032,-0.3906582989006159,-0.39194082566996563
2020-10-18,365.5,370.46,363.36,368.32,285578.24537,368.32,0.007685846343684527,0.007685846343684527,0.03353145612105156,0.04807440514060726,0.0689581487258914,-0.09371997834638959,0.003736294876972271,0.004800018117199725,0.0016825676067705035,0.006482585723970228,0.0102188806009425,-0.08350109774544709,-0.01454294901955569,0.03353145612105157,0.11703255386649866,0.02331257552010907,0.02704887039708134,0.03184888851428107,0.03353145612105157
2020-10-19,368.31,378.64,367.1,378.11,323468.47095,378.11,0.02623303304324833,0.02623303304324833,0.22905009836623025,0.12423522508501252,0.11353175127308254,-0.028909178419743047,0.015368938667756283,9.580237536817941e-05,0.004727559384753715,0.004823361760121894,0.020192300427878177,-0.00871687799186487,0.10481487328121768,0.2290500983662302,0.23776697635809507,0.20885779793835202,0.2242267366061083,0.2243225389814765,0.22905009836623022
2020-10-20,378.12,384.32,372.5,379.3,577252.90265,379.3,0.0031422901180872343,0.0031422901180872343,-0.014365292781266005,0.03284179746645136,-0.121219344113836,0.04636845838059538,0.024976434799655903,-0.005139514734455069,0.007806875420322431,0.0026673606858673617,0.027643795485523266,0.07401225386611865,-0.047207090247717354,-0.014365292781265991,-0.08837754664738465,-0.042009088266789264,-0.01703265346713336,-0.022172168201588432,-0.014365292781266002
2020-10-21,379.3,380.73,365.27,368.52,617309.81677,368.52,-0.02883246445412198,-0.02883246445412198,-0.3514331565682949,-0.33350556408272797,-0.1613926661854071,0.1095659257116804,0.03347942797278967,-0.010641553971389045,0.011061273986759226,0.000419720015370181,0.03389914798815985,0.14346507369984024,-0.017927592485566857,-0.3514331565682948,-0.49489823026813506,-0.3853323045564547,-0.351852876583665,-0.36249443055505404,-0.3514331565682948
2020-10-22,368.53,401.49,367.74,390.38,1221663.63784,390.38,0.05762563947773333,0.05762563947773333,0.5599811385305113,0.2262645081003238,0.14045031670611235,0.1572066210977382,0.03734435583474983,-0.015754277489636766,0.014469614281223859,-0.0012846632084129068,0.03605969262633692,0.1932663137240751,0.33371663043018746,0.5599811385305112,0.36671482480643613,0.5239214459041743,0.5612658017389242,0.5455115242492874,0.5599811385305112
2020-10-23,390.31,420.73,390.21,413.98,1095897.20667,413.98,0.05869703976117985,0.05869703976117985,0.5712755052780832,0.1695932487254361,0.2270749008321477,0.1488179226873014,0.028879476069572068,-0.020946794728143585,0.017856751691769483,-0.0030900430363741023,0.025789433033197966,0.17460735572049937,0.4016822565526471,0.5712755052780832,0.3966681495575838,0.5454860722448852,0.5743655483144573,0.5534187535863138,0.5712755052780832
2020-10-24,413.94,419.33,401.3,409.11,727832.3224,409.11,-0.011833594941792215,-0.011833594941792215,-0.17223638993242313,-0.27878657639610815,0.012116723585653862,0.08924951048330915,0.01079051782819587,-0.0267132646536906,0.021106699220216702,-0.0056065654334738965,0.005183952394721974,0.09443346287803112,0.10655018646368497,-0.17223638993242318,-0.2666698528104543,-0.17742034232714515,-0.16662982449894928,-0.19334308915263987,-0.17223638993242316
2020-10-25,409.19,416.66,407.0,412.14,419236.87106,412.14,0.007379028915992946,0.007379028915992946,0.030297082744046244,0.14753452204134784,-0.11957216102277074,0.020895338320377654,-0.011159770212728442,-0.03156893669119752,0.024168090309017447,-0.007400846382180075,-0.018560616594908517,0.0023347217254691376,-0.1172374392973016,0.030297082744046244,0.027962361018577103,0.04885769933895476,0.03769792912622631,0.0061289924350287905,0.030297082744046237
2020-10-26,412.14,417.4,402.5,405.86,415586.9761,405.86,-0.01535482490502241,-0.01535482490502241,-0.20935609507131625,0.002945411712200086,-0.10366905111982438,-0.0639512664082627,-0.03647826145696531,-0.035157815484033496,0.026954887685569584,-0.008202927798463912,-0.04468118925542922,-0.10863245566369192,-0.2123015067835163,-0.20935609507131622,-0.1007236394076243,-0.164674905815887,-0.20115316727285232,-0.2363109827568858,-0.20935609507131622
2020-10-27,405.85,411.11,382.3,392.52,895142.67266,392.52,-0.03342078121052994,-0.03342078121052994,-0.3998017569892301,-0.21689380609595973,-0.009508608641987847,-0.10443413058173866,-0.06195658688622258,-0.03655756596567639,0.029548941182355196,-0.007008624783321198,-0.06896521166954378,-0.17339934225128245,-0.1829079508932703,-0.39980175698923004,-0.2264024147379476,-0.33083654531968626,-0.39279313220590883,-0.4293506981715852,-0.39980175698923004
2020-10-28,392.52,410.25,389.9,403.45,754261.74114,403.45,0.02746507295622274,0.02746507295622274,0.24203787785422615,0.35632244903549176,0.06809874190190775,-0.09832347240900344,-0.08029694941781894,-0.0359584268670422,0.03219553561069124,-0.0037628912563509587,-0.0840598406741699,-0.18238331308317335,-0.1142845711812656,0.24203787785422615,0.4244211909373995,0.3260977185283961,0.24580076911057713,0.20984234224353493,0.24203787785422617
2020-10-29,403.41,409.2,380.52,388.23,855275.46882,388.23,-0.0384546167928271,-0.0384546167928271,-0.45286687755327537,-0.27736231690092633,0.00027258220748546696,-0.08498524923309522,-0.09123611612998618,-0.03442312097688841,0.03486734348013539,0.00044422250324697987,-0.0907918936267392,-0.17577714285983442,-0.17550456065234896,-0.45286687755327526,-0.27708973469344084,-0.36207498392653603,-0.4533111000565222,-0.48773422103341063,-0.45286687755327526
2020-10-30,388.22,393.72,380.52,387.13,573096.01416,387.13,-0.002837393566833842,-0.002837393566833842,-0.07740124826441817,0.13238751857402192,-0.07626013278778189,-0.049408340461763046,-0.08987090745699476,-0.031913976010134126,0.03766458987823381,0.005750613868099684,-0.08412029358889508,-0.13352863405065812,-0.20978876683844,-0.07740124826441808,0.05612738578624003,0.006719045324476987,-0.08315186213251777,-0.1150658381426519,-0.07740124826441808
2020-10-31,387.12,391.97,373.29,382.49,771750.74746,382.49,-0.012058044800868684,-0.012058044800868684,-0.17460247015847624,-0.08824622383981164,0.016877096212009828,-0.04338506930200534,-0.07109310936645716,-0.02932182668374861,0.040566662821536766,0.011244836137788157,-0.059848273228669,-0.10323334253067434,-0.08635624631866451,-0.17460247015847613,-0.07136912762780181,-0.11475419692980715,-0.1858473062962643,-0.21516913298001292,-0.17460247015847616
2020-11-01,382.59,394.88,379.9,386.46,467453.8105,386.46,0.010325860652868219,0.010325860652868219,0.06136166140235054,0.004349560910978365,0.12831778651868858,-0.04624891164928786,-0.04200430189130839,-0.026436127780309567,0.04338365529358942,0.01694752751327985,-0.02505677437802854,-0.0713056860273164,0.057012100491372175,0.06136166140235054,0.13266734742966696,0.0864184357803791,0.04441413388907071,0.01797800610876114,0.061361661402350554
2020-11-02,386.44,398.29,384.61,396.67,438952.95565,396.67,0.026076330976647653,0.026076330976647653,0.22739819418285895,0.22189686349543333,0.026301609147367684,-0.03465459875804309,-0.009207540948823782,-0.023053847387988474,0.046115708634913266,0.023061861246924793,0.01385432029810101,-0.020800278459942076,0.005501330687425608,0.22739819418285895,0.248198472642801,0.21354387388475793,0.20433633293593415,0.18128248554794568,0.22739819418285895
2020-11-03,396.68,404.5,377.92,383.02,779968.57957,383.02,-0.035017493625088485,-0.035017493625088485,-0.41663379995118777,-0.29181758668469104,-0.16620489273071257,-0.011049599281454915,0.02282692849340377,-0.019080043513282817,0.048691393765549915,0.029611350252267098,0.05243827874567086,0.04138867946421595,-0.12481621326649661,-0.41663379995118766,-0.45802247941540364,-0.4690720786968586,-0.4462451502034548,-0.4653251937167376,-0.41663379995118766
2020-11-04,383.01,390.0,370.23,387.88,752954.37114,387.88,0.01260880629793201,0.01260880629793201,0.08542776048641884,0.09369219086936144,-0.15514225207556587,0.05595547294086305,0.05380047726630202,-0.013943931439721216,0.051065802925179336,0.03712187148545812,0.09092234875176014,0.1468778216926232,-0.008264430382942667,0.08542776048641877,-0.06145006120620443,-0.0054945882653413755,0.048305889000960646,0.03436195756123943,0.08542776048641876
2020-11-05,387.88,408.39,376.47,402.49,1157064.35076,402.49,0.03697423839314045,0.03697423839314045,0.3422805262530077,0.04798692871971321,0.06608058503323026,0.10487760250915062,0.07844848965287142,-0.008277954255178127,0.05316487459322022,0.04488692033804209,0.12333540999091351,0.22821301250006415,0.2942935975332944,0.34228052625300764,0.11406751375294347,0.2189451162620941,0.2973936059149655,0.28911565165978736,0.3422805262530076
2020-11-06,402.5,420.4,396.14,416.69,1475139.77342,416.69,0.034672288230809624,0.034672288230809624,0.31801408749086507,-0.19096130200507386,0.23434134506477755,0.1298537313184737,0.09175900990004472,-0.001912375968317592,0.05493367918096047,0.053021303212642874,0.1447803131126876,0.2746340444311613,0.5089753894959388,0.3180140874908649,0.04338004305970369,0.17323377437817739,0.2649927842782221,0.2630804083099045,0.31801408749086496
2020-11-07,416.73,458.27,414.76,455.91,1682440.96026,455.91,0.08995288155332784,0.08995288155332784,0.9007648153508939,0.5059325687757285,0.13335738272710304,0.11173967809906217,0.08858596646391687,0.004825178172413409,0.05632404111266978,0.06114921928508319,0.14973518574900005,0.26147486384806223,0.39483224657516525,0.9007648153508937,0.6392899515028315,0.7510296296018937,0.8396155960658105,0.844440774238224,0.9007648153508937
2020-11-08,455.91,468.28,424.14,435.21,1653416.5961,435.21,-0.046466748394703127,-0.046466748394703127,-0.5373282634046039,-0.6222803257003656,-0.09323177567776014,0.042549944809312484,0.06616728325981057,0.012173172706586573,0.05729343719781228,0.06946660990439886,0.13563389316420943,0.1781838379735219,0.08495206229576177,-0.5373282634046038,-0.7155121013781258,-0.6729621565688133,-0.6067948733090027,-0.5946217006024161,-0.5373282634046038
2020-11-09,435.2,460.1,431.99,454.3,840908.46841,454.3,0.04292909954643718,0.04292909954643718,0.40505481037009794,0.4505161120856897,-0.15810866926647488,0.00025318361485264013,0.03342703792579199,0.02090573552189584,0.0580614104883426,0.07896714601023844,0.11239418393603043,0.11264736755088307,-0.045461301715591804,0.4050548103700979,0.2924074428192148,0.2926606264340675,0.3260876643598595,0.3469933998817553,0.40505481037009794
2020-11-10,454.29,459.1,433.09,444.32,1099213.24641,444.32,-0.022212749206868294,-0.022212749206868294,-0.2816501885010576,-0.2551240505126616,-0.0810606443175152,-0.032129209273035156,-0.001183122200294383,0.02918334494293086,0.05866349285951794,0.0878468378024488,0.08666371560215441,0.054534506329119256,-0.02652613798839594,-0.28165018850105755,-0.3361846948301768,-0.36831390410321196,-0.36949702630350634,-0.3403136813605755,-0.28165018850105755
2020-11-11,444.32,455.0,438.7,450.34,866872.41108,450.34,0.013457829473024563,0.013457829473024563,0.0943778972978788,0.04856367015076239,0.012115865162839525,-0.032630361549772356,-0.029048220161093118,0.03618880127583959,0.059188142419302744,0.09537694369514232,0.0663287235340492,0.033698361984276844,0.04581422714711637,0.09437789729787877,0.060679535313601915,0.02804917376382956,-0.0009990463972635588,0.03518975487857603,0.09437789729787877
2020-11-12,450.34,476.25,449.28,463.09,1205782.84262,463.09,0.027918566613755066,0.027918566613755066,0.24681846617868647,0.11495672250678982,0.09842728788134575,-0.014359091344438623,-0.052790750942556613,0.04089176283551812,0.05969253524202797,0.1005842980775461,0.047793547134989484,0.03343445579055086,0.13186174367189663,0.24681846617868644,0.21338401038813556,0.19902491904369693,0.14623416810114032,0.18712593093665844,0.2468184661786864
2020-11-13,463.09,470.0,451.2,462.39,990776.62912,462.39,-0.001512728818530903,-0.001512728818530903,-0.06343704672735524,-0.19603591065995854,0.13321801938685437,-0.03215117660685729,-0.07209744301417258,0.043490992673125055,0.06013847149365368,0.10362946416677873,0.03153202115260616,-0.0006191554542511329,0.13259886393260323,-0.06343704672735531,-0.06281789127310416,-0.09496906787996146,-0.16706651089413405,-0.12357551822100898,-0.06343704672735531
2020-11-14,462.48,478.01,457.12,476.43,976665.09752,476.43,0.02991211696392684,0.02991211696392684,0.26783385056159953,0.27394173610165184,0.02378777891615161,-0.057408201971121724,-0.0785942127711106,0.04552000129704473,0.0605867489889836,0.10610675028602834,0.027512537514917737,-0.029895664456203987,-0.006107885540052378,0.2678338505615995,0.2977295150178034,0.2403213130466817,0.16172710027557108,0.2072471015726158,0.2678338505615994
2020-11-15,476.42,477.47,452.0,460.89,735252.7854,460.89,-0.03316140497998663,-0.03316140497998663,-0.397067493877095,-0.1556053815663995,-0.1839058183292445,-0.09593892653446275,-0.06998843191044456,0.04729267831835394,0.06107838614510244,0.10837106446345637,0.03838263255301182,-0.05755629398145093,-0.24146211231069542,-0.39706749387709495,-0.339511199895644,-0.4354501264301067,-0.5054385583405513,-0.45814588002219736,-0.39706749387709495
2020-11-16,460.9,462.89,440.19,448.08,665217.56671,448.08,-0.02818761490910145,-0.02818761490910145,-0.3446353543173583,-0.1347016280630753,-0.15041081654505803,-0.12536373607847004,-0.04508770764563685,0.04929138596355329,0.06163714805132863,0.11092853401488192,0.06584082636924507,-0.05952290970922497,-0.209933726254283,-0.3446353543173583,-0.28511244460813334,-0.4104761806866034,-0.45556388833224026,-0.40627250236868695,-0.3446353543173583
2020-11-17,448.07,466.0,445.45,460.55,812060.44638,460.55,0.027449639532667772,0.027449639532667772,0.2418751835293379,0.09725067025252587,0.162307762150949,-0.12229313000559675,-0.008130463449982443,0.050607171870884836,0.062133172710557315,0.11274034458144215,0.1046098811314597,-0.01768324887413704,0.14462451327681197,0.24187518352933784,0.25955843240347487,0.13726530239787813,0.12913483894789568,0.17974201081878052,0.24187518352933784
2020-11-18,460.51,484.88,459.8,482.15,1151573.37456,482.15,0.04583384152214885,0.04583384152214885,0.43567569192822025,0.19847197972747568,0.1747556918110422,-0.07897369057948513,0.027939632797008847,0.05104405969846328,0.062438018473715155,0.11348207817217844,0.1414217109691873,0.062448020389702166,0.23720371220074438,0.4356756919282201,0.3732276715385179,0.29425398095903277,0.3221936137560416,0.37323767345450487,0.43567569192822003
2020-11-19,482.11,495.31,456.6,478.41,1477696.29116,478.41,-0.007787163528402725,-0.007787163528402725,-0.1295801753431367,-0.11531175975344704,-0.1907561218908102,0.01256647280945309,0.05109319469533287,0.05041728363757427,0.06241075515876028,0.11282803879633455,0.16392123349166743,0.1764877063011205,-0.014268415589689692,-0.12958017534313673,-0.30606788164425724,-0.29350140883480413,-0.24240821413947128,-0.191990930501897,-0.1295801753431367
2020-11-20,478.43,480.75,464.86,471.25,817418.52685,471.25,-0.015079366665770106,-0.015079366665770106,-0.20645230045241997,-0.2777874888728704,-0.2355314775010472,0.13107905423548047,0.06544113844132057,0.0483136703069045,0.062032802937792175,0.11034647324469668,0.17578761168601725,0.3068666659214977,0.0713351884204505,-0.2064523004524199,-0.5133189663739176,-0.3822399121384371,-0.3167987736971165,-0.26848510339021203,-0.20645230045241986
2020-11-21,471.26,514.4,470.65,510.12,1516361.90736,510.12,0.07925725339647866,0.07925725339647866,0.7880148479806061,0.26913554094497394,0.08240728567898602,0.2544377774783156,0.07497500771894906,0.045641172381086316,0.06141806377829502,0.10705923615938134,0.1820342438783304,0.436472021356646,0.518879307035632,0.788014847980606,0.35154282662395997,0.6059806041022755,0.6809556118212245,0.7265967842023109,0.788014847980606
2020-11-22,510.12,553.32,502.82,552.35,1548851.29067,552.35,0.07953591115958518,0.07953591115958518,0.7909523709794417,0.13877030241814592,0.17444630392987853,0.3018243597166361,0.07395958135692478,0.04145997765526735,0.06049184590258889,0.10195182355785623,0.17591140491478102,0.47773576463141715,0.6521820685612957,0.7909523709794416,0.31321660634802445,0.6150409660646605,0.6890005474215853,0.7304605250768527,0.7909523709794416
2020-11-23,552.42,580.88,511.28,560.03,1850317.93581,560.03,0.013808450404584349,0.013808450404584349,0.09807403351474889,-0.4343931646360448,0.14701679664177816,0.22487649679249097,0.06578770905170803,0.03554933143218465,0.05923686423263184,0.0947861956648165,0.16057390471652452,0.3854504015090155,0.5324671981507937,0.09807403351474886,-0.2873763679942667,-0.06249987120177572,0.003287837849932307,0.03883716928211696,0.0980740335147488
2020-11-24,560.03,610.85,550.12,608.58,2076008.84846,608.58,0.08313802089309089,0.08313802089309089,0.8289246853644444,0.4112505267993925,0.24093467732655433,0.03998148861981616,0.05123236810245188,0.027653313831292242,0.05787231068493717,0.08552562451622941,0.1367579926186813,0.17673948123849745,0.41767415856505175,0.8289246853644443,0.6521852041259468,0.692166692745763,0.7433990608482149,0.7710523746795072,0.8289246853644443
2020-11-25,608.58,623.0,585.0,604.97,1606450.49193,604.97,-0.005949504591442188,-0.005949504591442188,-0.11020814948906514,-0.07324241729756582,0.05598267784188569,-0.19157935623749767,0.02471300917447494,0.01745396973383193,0.05646396729580589,0.07391793702963782,0.09863094620411277,-0.0929484100333849,-0.03696573219149921,-0.11020814948906504,-0.017259739455680136,-0.2088390956931778,-0.18412608651870285,-0.16667211678487093,-0.11020814948906504
2020-11-26,604.98,606.0,553.83,569.5,1219440.02727,569.5,-0.06042008713728028,-0.06042008713728028,-0.6844199970420238,-0.016629614679717773,-0.3827015695150098,-0.3480356665214768,0.001028997536088035,0.006754952288649952,0.05516290384944278,0.06191785613809273,0.06294685367418076,-0.28508881284729604,-0.6677903823623058,-0.6844199970420236,-0.3993311841947276,-0.7473668507162043,-0.7463378531801164,-0.7395829008914664,-0.6844199970420236
2020-11-27,569.38,577.14,481.0,519.83,2683460.74171,519.83,-0.09125694783968574,-0.09035647154696086,-1.0,-0.2402153845180722,-0.46092560518669573,-0.3412235388469012,-0.00843776378909162,-0.0034119719566157304,0.05421426429737672,0.05080229234076099,0.04236452855166937,-0.2988590102952318,-0.7597846154819275,-0.9999999999999998,-0.7011409897047679,-1.0423645285516692,-1.0508022923407607,-1.0542142642973764,-0.9999999999999997
2020-11-28,519.83,530.62,493.72,518.68,1088064.28114,518.68,-0.002214712366867659,-0.002214712366867659,-0.07083713777472056,0.17077638432609402,-0.0981727966531874,-0.1745338220701462,-0.010558038871283247,-0.011914577689039633,0.05356571318284187,0.041651135493802234,0.03109309662251899,-0.1434407254476272,-0.2416135221008146,-0.07083713777472059,0.07260358767290662,-0.10193023439723958,-0.11248827326852283,-0.12440285095756246,-0.07083713777472059
2020-11-29,518.59,547.94,506.59,537.52,900508.61431,537.52,0.035678845931211,0.035678845931211,0.3286249040050771,-0.049035078439507225,0.31364538001599696,0.039426930447598936,-0.009279003084708628,-0.01911234460783786,0.0529790196735349,0.03386667506569704,0.024587671980988407,0.06401460242858734,0.3776599824445843,0.3286249040050771,0.26461030157648974,0.30403723202408867,0.29475822893938003,0.2756458843315422,0.3286249040050771
2020-11-30,537.5,576.9,530.32,576.3,855276.46664,576.3,0.06966238983072606,0.06966238983072606,0.6868687967065441,0.03742419570747141,0.41984416863207435,0.20795455208246671,-0.0043765417938634405,-0.0263156579583314,0.05233808003672637,0.026022422078394968,0.021645880284531526,0.22960043236699823,0.6494446009990726,0.6868687967065441,0.45726836433954576,0.6652229164220125,0.660846374628149,0.6345307166698176,0.686868796706544
2020-12-01,576.32,616.85,570.07,616.66,1501989.45408,616.66,0.06768946009239209,0.06768946009239209,0.6660707883652971,0.3147617227514827,0.08341313262922502,0.25529825166587017,-0.005152252967671158,-0.03368893854931041,0.05143887283570067,0.01774993428639026,0.012597681318719103,0.26789593298458925,0.35130906561381425,0.666070788365297,0.3981748553807077,0.6534731070465778,0.6483208540789066,0.6146319155295962,0.6660707883652969
2020-12-02,616.65,635.7,560.0,585.26,2163875.81376,585.26,-0.05226162559488984,-0.05226162559488984,-0.5984160467170292,-0.5498224797912932,-0.21002195350707778,0.16653283072531402,-0.014160342811659312,-0.04123976529367804,0.050295663961365214,0.009055898667687176,-0.005104444143972136,0.1614283865813419,-0.04859356692573588,-0.5984160467170291,-0.7598444332983709,-0.5933116025730569,-0.6074719453847163,-0.6487117106783943,-0.5984160467170291
2020-12-03,585.26,604.93,575.0,596.89,1069538.65619,596.89,0.019676648869148508,0.019676648869148508,0.15993474666774746,0.20563131968903403,-0.09582081290246973,0.06621076038919696,-0.017377330007262316,-0.047842812986011354,0.049133622485259904,0.0012908094992485492,-0.016086520508013766,0.0501242398811832,-0.04569657302128653,0.15993474666774748,0.1098105067865643,0.17602126717576128,0.15864393716849895,0.1108011241824876,0.15993474666774748
2020-12-04,596.88,623.44,585.82,615.85,935687.91723,615.85,0.03127058557822175,0.03127058557822175,0.2821544018830502,0.3751616420024085,-0.049312878501575654,-0.01314055014971922,-0.02469836712272412,-0.0538592199357436,0.04800377559040421,-0.00585544434533939,-0.03055381146806351,-0.04369436161778273,-0.09300724011935838,0.2821544018830501,0.3258487635008328,0.3127082133511136,0.2880098462283895,0.23415062629264588,0.2821544018830501
2020-12-05,615.84,620.0,565.82,567.24,1052452.78666,567.24,-0.08222093279434803,-0.08222093279434803,-0.9142376945565925,-0.6995829889913319,-0.10845608084944462,-0.05241273255115124,-0.04137876652188353,-0.05937260085101339,0.046965475208232306,-0.012407125642781083,-0.05378589216466461,-0.10619862471581584,-0.21465470556526045,-0.9142376945565923,-0.8080390698407764,-0.8604518023919276,-0.9018305689138112,-0.9612031697648246,-0.9142376945565922
2020-12-06,567.24,597.11,560.88,596.8,701567.95564,596.8,0.0507995542964057,0.0507995542964057,0.48802268315277464,0.4736608627155633,0.12538687594476916,-0.037221614698032375,-0.05575133136701516,-0.06404947781717216,0.04599736837466189,-0.018052109442510268,-0.07380344080952543,-0.11102505550755781,0.014361820437211348,0.48802268315277464,0.5990477386603325,0.5618261239623,0.5060747925952849,0.4420253147781127,0.4880226831527746
2020-12-07,596.82,607.5,583.0,601.54,602496.96339,601.54,0.007910984729755429,0.007910984729755429,0.0359047945833688,-0.03700681673198182,0.2112776808597669,-0.04741864398686727,-0.06746565313159288,-0.06858679786500105,0.045105025439044995,-0.023481772425956053,-0.09094742555754892,-0.1383660695444162,0.0729116113153507,0.035904794583368885,0.17427086412778509,0.12685222014091782,0.059386567009324945,-0.009200230855676103,0.03590479458336889
2020-12-08,601.59,603.15,584.22,591.28,498329.37589,591.28,-0.01720335514267521,-0.01720335514267521,-0.22884272277769138,0.038636088357289385,-0.0876799254464021,-0.07690979103341325,-0.07572395187503646,-0.07151651996623087,0.044351377186101985,-0.02716514278012889,-0.10288909465516535,-0.1797988856885786,-0.26747881113498073,-0.22884272277769135,-0.04904383708911272,-0.12595362812252597,-0.20167757999756242,-0.2731940999637933,-0.2288427227776913
2020-12-09,591.27,595.0,549.22,554.94,804443.00717,554.94,-0.06342967868240751,-0.06342967868240751,-0.7161461699731284,-0.37069918135359425,-0.14571121466629725,-0.10270595353420625,-0.06863997585885111,-0.07220934185358326,0.04381949729340394,-0.028389844560179317,-0.09702982041903042,-0.19973577395323666,-0.34544698861953393,-0.7161461699731282,-0.5164103960198915,-0.6191163495540977,-0.6877563254129487,-0.759965667266532,-0.7161461699731281
2020-12-10,554.92,578.08,530.43,573.09,997192.16738,573.09,0.03218277264944643,0.03218277264944643,0.2917703927353798,0.4481388591719731,0.030628512558270333,-0.11647465143938175,-0.04418550462769588,-0.06983988004953147,0.04350305712174546,-0.02633682292778601,-0.07052232755548189,-0.18699697899486364,-0.1563684664365933,0.2917703927353798,0.4787673717302434,0.3622927202908617,0.3181072156631658,0.24826733561363434,0.2917703927353798
2020-12-11,573.2,575.7,548.11,558.99,608414.51466,558.99,-0.024911188536239134,-0.024911188536239134,-0.31009629207492123,-0.14125235613885312,-0.03853778890615757,-0.09041543739368396,-0.018600037363975325,-0.06446114584095533,0.043170473568704106,-0.021290672272251225,-0.039890709636226554,-0.1303061470299105,-0.16884393593606806,-0.3100962920749212,-0.17979014504501067,-0.27020558243869464,-0.28880561980266994,-0.35326676564362525,-0.3100962920749211
2020-12-12,558.99,560.8,535.5,544.43,768921.78317,544.43,-0.02639220810912035,-0.02639220810912035,-0.32570873727854227,-0.2144805782276488,-0.07067031724244521,-0.03693445588765962,0.010836044955377381,-0.057209879642895506,0.042750448766729544,-0.014459430876165962,-0.0036233859207885806,-0.040557841808448195,-0.11122815905089341,-0.3257087372785422,-0.285150895470094,-0.3220853513577536,-0.31124930640237625,-0.3684591860452717,-0.32570873727854216
2020-12-13,544.46,574.0,543.1,568.04,573913.95311,568.04,0.042452462978501596,0.042452462978501596,0.4000302567212495,0.19795456353128493,0.1408729890360983,0.026039751742997077,0.04151702117833995,-0.04842106229906408,0.04206699353159325,-0.006354068767470827,0.03516295241086912,0.061202704153866194,0.2020756931899645,0.4000302567212494,0.33882755256738323,0.3648673043103803,0.4063843254887202,0.35796326318965616,0.4000302567212494
2020-12-14,568.09,595.0,563.22,590.7,657794.46158,590.7,0.03911643553637746,0.03911643553637746,0.36486289864466814,0.12042578183854598,0.0952994134157059,0.08867805475731384,0.05877430342411274,-0.039400778226099095,0.04108612343508867,0.0016853452089895735,0.06045964863310231,0.14913770339041615,0.24443711680612207,0.36486289864466803,0.21572519525425188,0.3044032500115657,0.3631775534356784,0.3237767752095793,0.364862898644668
2020-12-15,590.81,591.48,575.6,586.29,493012.02706,586.29,-0.007493726603094527,-0.007493726603094527,-0.12648685503800344,-0.17318545506386654,-0.16442266893040378,0.135331845126662,0.06604971134896194,-0.030105411201762692,0.039845123682405614,0.009739712480642922,0.07578942382960487,0.21112126895626687,0.046698600025863096,-0.12648685503800344,-0.3376081239942703,-0.20227627886760832,-0.13622656751864637,-0.16633197872040906,-0.12648685503800344
2020-12-16,586.29,597.2,578.58,588.64,569270.52011,588.64,0.0040002436463691185,0.0040002436463691185,-0.005321014979119354,-0.17197338827575467,-0.08243796327123268,0.16374855796098928,0.06696779167985874,-0.01993822198906724,0.03831220891608729,0.01837398692702005,0.08534177860687879,0.24909033656786805,0.16665237329663538,-0.0053210149791192984,-0.25441135154698735,-0.09066279358599807,-0.023695001906139337,-0.043633223895206574,-0.0053210149791192846
2020-12-17,588.78,640.0,580.71,637.18,1185588.05078,637.18,0.0792373988673141,0.0792373988673141,0.7878055477429176,0.39519877106373597,0.1426451930898106,0.17099425096463303,0.05201974969177585,-0.009552031409290089,0.036499614342252025,0.026947582932961935,0.07896733262473779,0.24996158358937082,0.3926067766791814,0.7878055477429173,0.5378439641535466,0.7088382151181797,0.7608579648099555,0.7513059334006654,0.7878055477429174
2020-12-18,637.18,676.25,625.76,642.7,2006130.01975,642.7,0.00862586215346231,0.00862586215346231,0.04344080883280686,-0.2530156171117889,0.11800402112090087,0.12066879418800973,0.022635007304240645,0.0008696276137620168,0.03427897571768244,0.035148603331444456,0.0577836106356851,0.17845240482369484,0.2964564259445957,0.04344080883280682,-0.13501159599088802,-0.014342801802878294,0.008292205501362351,0.009161833115124368,0.04344080883280681
2020-12-19,642.71,664.61,629.4,653.85,1000012.98018,653.85,0.017199914975270656,0.017199914975270656,0.13382579246473614,0.031320868856218334,0.03473317278277218,0.033283576519310215,-0.007940648409464715,0.01065756579099368,0.03177125692490643,0.04242882271590011,0.034488174306435394,0.0677717508257456,0.10250492360851779,0.13382579246473614,0.06605404163899051,0.09933761815830072,0.091396969748836,0.10205453553982968,0.1338257924647361
2020-12-20,653.76,669.95,645.42,658.03,858803.88459,658.03,0.006372555638657232,0.006372555638657232,0.019687156191392205,0.11480305644009853,-0.03760374020795664,-0.0672471976206878,-0.04023189089916405,0.020849876566725496,0.02911705191237664,0.04996692847910214,0.009735037579938093,-0.05751216004074971,-0.09511590024870635,0.019687156191392177,0.07719931623214188,0.009952118611454078,-0.03027977228770997,-0.009429895720984474,0.019687156191392167
2020-12-21,658.05,661.39,621.01,638.18,823958.22843,638.18,-0.030630147776589726,-0.030630147776589726,-0.3703837719952675,-0.059269983250384115,-0.1141913841397563,-0.18786129972483973,-0.06746302383936763,0.0319538425869104,0.026448076372170035,0.05840191895908044,-0.00906110488028719,-0.19692240460512692,-0.3111137887448832,-0.37038377199526734,-0.1734613673901404,-0.3613226671149801,-0.42878569095434776,-0.39683184836743735,-0.3703837719952673
2020-12-22,638.1,648.0,595.9,607.58,843251.16565,607.58,-0.04913652142708067,-0.04913652142708067,-0.5654721758398806,-0.2854297296073227,-0.0312598204835126,-0.24037102504434407,-0.07578951517620436,0.04349449125687436,0.023883423214628854,0.06737791447150321,-0.00841160070470115,-0.24878262574904522,-0.2800424462325578,-0.5654721758398805,-0.3166895500908353,-0.5570605751351794,-0.6328500903113837,-0.5893555990545094,-0.5654721758398805
2020-12-23,607.68,637.73,588.0,636.45,918851.25654,636.45,0.046422006528945556,0.046422006528945556,0.4418759435031786,0.6472625428506464,0.012226852493782508,-0.22372855633087937,-0.0711050181944549,0.05589202355147538,0.02132809913260849,0.07722012268408388,0.0061151044896289725,-0.21761345184125042,-0.20538659934746792,0.4418759435031785,0.659489395344429,0.43576083901354956,0.36465582081909464,0.42054784437057,0.4418759435031785
2020-12-24,636.41,638.44,551.28,585.56,1208807.36518,585.56,-0.08333720601323273,-0.08333720601323273,-0.9260050977572152,-0.7138873749947656,-0.07316322883911962,-0.16499155119104922,-0.0603864237267986,0.06766881403448345,0.018754666960034472,0.08642348099451792,0.02603705726771932,-0.1389544939233299,-0.2121177227624495,-0.9260050977572152,-0.7870506038338853,-0.9520421550249345,-1.012428578751733,-0.9447597647172497,-0.9260050977572152
2020-12-25,585.48,615.02,565.43,612.31,886335.86333,612.31,0.04467003591079995,0.04467003591079995,0.4234072171102249,0.42066326757908135,-0.035421193523521646,-0.017561433808798335,-0.03861939934232308,0.07816263045358314,0.016183345752203385,0.09434597620578652,0.055726576863463446,0.03816514305466511,0.002743949531143465,0.42340721711022483,0.3852420740555597,0.3676806402467614,0.32906124090443833,0.40722387135802146,0.42340721711022483
2020-12-26,612.31,634.24,604.28,626.82,798009.62915,626.82,0.023420727863460878,0.023420727863460878,0.19940365660457712,-0.02241976132233131,0.008658474061385169,0.12413771513048143,-0.010476030585178812,0.08604488721226383,0.013458372107956758,0.09950325932022058,0.08902722873504176,0.2131649438655232,0.22182341792690838,0.19940365660457707,-0.013761287260946142,0.11037642786953529,0.09990039728435648,0.18594528449662032,0.19940365660457707
2020-12-27,626.78,652.91,615.26,637.44,958585.50647,637.44,0.016800736878707048,0.016800736878707048,0.12961778179884,-0.22144486397067664,0.011317710735269586,0.22216722196347402,0.015907696490933328,0.09113066997560747,0.010539346604232206,0.10167001657983968,0.117577713070773,0.339744935034247,0.3510626457695166,0.12961778179883998,-0.21012715323540707,0.012040068728066955,0.027947765219000283,0.11907843519460776,0.12961778179883995
2020-12-28,637.44,717.13,625.0,685.11,1859968.15029,685.11,0.07211925435543146,0.07211925435543146,0.7127682942331444,0.16415839038166014,0.13303708921071536,0.26981208490054925,0.04483001871536203,0.09362987535224429,0.0073008356726131304,0.10093071102485743,0.14576072974021947,0.41557281464076873,0.5486099038514841,0.7127682942331443,0.29719547959237547,0.5670075644929247,0.6118375832082867,0.7054674585605311,0.7127682942331441
2020-12-29,685.1,748.09,681.04,730.41,1627154.39266,730.41,0.06402661100357473,0.06402661100357473,0.6274581786905693,0.11794863893288203,0.15235752566489583,0.1892796630296334,0.07167424112703943,0.09266200889784201,0.0035361010382765554,0.09619810993611858,0.167872351063158,0.3571520140927914,0.5095095397576872,0.6274581786905692,0.27030616459777784,0.45958582762741124,0.5312600687544506,0.6239220776522927,0.6274581786905692
2020-12-30,730.4,740.78,689.2,732.0,1106876.35855,732.0,0.0021744936461266283,0.0021744936461266283,-0.024567500546385554,-0.2568000611983093,0.011848869534833002,0.04739008174356691,0.08413950409384405,0.08961421171067534,-0.0007601064309954833,0.08885410527967985,0.1729936093735239,0.2203836911170908,0.2322325606519238,-0.024567500546385485,-0.2449511916634763,-0.19756110991990938,-0.11342160582606534,-0.02380739411539,-0.02456750054638548
2020-12-31,732.0,758.74,716.62,752.17,1008574.09906,752.17,0.02718184826973824,0.02718184826973824,0.2390522117772751,0.20785410283834282,-0.02946475004662886,-0.10745689086698211,0.08858815030787273,0.08493535876926643,-0.0054037592245959245,0.07953159954467051,0.16811974985254324,0.06066285898556113,0.031198108938932274,0.2390522117772751,0.17838935279171397,0.07093246192473186,0.1595206122326046,0.24445597100187105,0.23905221177727512
